name	document_code	anchor	occurrence
japon	Antilope_imp_gazette17221121	name2	Japon
chine	Antilope_imp_gazette17221121	name3	Chine
indes	Antilope_imp_gazette17221121	name4	Indes
Thétis	Antilope_imp_gazette17221121	name5	Thetis
tritons	Antilope_imp_gazette17221121	name6	Tritions
Thétis	Antilope_imp_gazette17221121	name7	la Déesse
Thétis	Antilope_imp_gazette17221121	name8	Thetis
ophee	Antilope_imp_gazette17221121	name9	Orphée
diane	Antilope_imp_gazette17221121	name10	Diane
nymphes	Antilope_imp_gazette17221121	name11	ses Nymphes
nymphes	Antilope_imp_gazette17221121	name12	Nymphes
diane	Antilope_imp_gazette17221121	name13	Diane
saintdenisapotre	Antilope_imp_gazette17221121	name14	Saint Denis
saintlouis	Antilope_imp_gazette17221121	name15	Saint Loüis
saints	Antilope_imp_gazette17221121	name16	des Saints Martirs,
saintlouis	Antilope_imp_gazette17221121	name17	Saint Loüis
persee	Antilope_imp_gazette17221121	name18	Persée
dieu	Antilope_imp_gazette17221201	name2	Ciel
dieu	Antilope_imp_gazette17221201	name3	Dieu
dieu	Antilope_imp_gazette17221201	name4	Dieu
saint_louis	Antilope_imp_gazette17221201	name5	Saint Louis
dieu	Antilope_imp_gazette17221201	name6	Dieu
charlemagne	Antilope_imp_gazette17221201	name7	Charlemagne
dieu	Antilope_imp_gazette17221201	name8	Dieu
saint_remy	Antilope_imp_gazette17221201	name9	Saint Remy
charlemagne	Antilope_imp_gazette17221201	name10	Charlemagne
charlemagne	Antilope_imp_gazette17221201	name11	Charlemagne
charlemagne	Antilope_imp_gazette17221201	name12	Charlemagne
charlemagne	Antilope_imp_gazette17221201	name13	Charlemagne
charlemagne	Antilope_imp_gazette17221201	name14	Charlemagne
charlemagne	Antilope_imp_gazette17221201	name15	Charlemagne
saint_michel	Antilope_imp_gazette17221201	name16	Saint Michel
saint_marcoul	Antilope_imp_gazette17221201	name17	Saint Marcoul
saint marcoul	Antilope_imp_gazette17221201	name18	Saint Marcoul
dieu	Antilope_imp_gazette17221201	name19	Dieu
thetis	Antilope_imp_gazette17221201	name20	Thetis
tritons	Antilope_imp_gazette17221201	name21	Tritons
thetis	Antilope_imp_gazette17221201	name22	Déesse
thetis	Antilope_imp_gazette17221201	name23	Thetis
orphee	Antilope_imp_gazette17221201	name24	Orphée
diane	Antilope_imp_gazette17221201	name25	Diane
nymphes	Antilope_imp_gazette17221201	name26	Nymphes
nymphes	Antilope_imp_gazette17221201	name27	Nymphes
diane	Antilope_imp_gazette17221201	name28	Diane
saint_denis	Antilope_imp_gazette17221201	name29	Saint Denis
saint_louis	Antilope_imp_gazette17221201	name30	Saint Loüis
saint_martyrs	Antilope_imp_gazette17221201	name31	Saints Martirs
saintlouis	Antilope_imp_gazette17221201	name32	Saint Loüis
persee	Antilope_imp_gazette17221201	name33	Persée
sanchopansa	Antilope_imp_mercure17221101	name2	Sancho Pansa
baccus	Antilope_imp_mercure17221101	name3	Baccus
baccus	Antilope_imp_mercure17221101	name4	Dieu
satire	Antilope_imp_mercure17221101	name5	Satires
satire	Antilope_imp_mercure17221101	name6	demi-Dieux
godart	Antilope_imp_mercure17221101	name7	Godart
perdrigeon	Antilope_imp_mercure17221101	name8	Perdrigeon
benachi	Antilope_imp_mercure17221101	name9	Benachi
docteurbarry	Antilope_imp_mercure17221101	name10	le Docteur Barry
docteurbarry	Antilope_imp_mercure17221101	name11	Docteur Barry
ducreux	Antilope_imp_mercure17221101	name12	Du Creux & Baraillon
cadetboutique	Antilope_imp_mercure17221101	name13	Cadet
messagerboutique	Antilope_imp_mercure17221101	name14	Messager
de_baptiste	Antilope_imp_mercure17221101	name15	de Baptiste & de Dimanche
lesgu	Antilope_imp_mercure17221101	name16	Lesgu & la Frenaye
fredoc	Antilope_imp_mercure17221101	name17	Fredoc
briocheboutique	Antilope_imp_mercure17221101	name18	Brioché
procope	Antilope_imp_mercure17221101	name19	Procope
breadboutique	Antilope_imp_mercure17221101	name20	Breard
meblanchetheatre	Antilope_imp_mercure17221101	name21	Me Blanche
messagerboutique	Antilope_imp_mercure17221101	name22	Messager
docteurbarry	Antilope_imp_mercure17221101	name23	Docteur Barry
dorvietan	Antilope_imp_mercure17221101	name24	d’Orvietan
lesgu	Antilope_imp_mercure17221101	name25	Lesgu & la Frenaye
messagerboutique	Antilope_imp_mercure17221101	name26	Messager
perdrigeon	Antilope_imp_mercure17221101	name27	Perdrigeon
dieuxgrecques	Antilope_imp_mercure17221101	name28	Dieux
renomeepersonifie	Antilope_imp_mercure17221101	name29	Renommée
temps	Antilope_imp_mercure17221101	name30	Temps
domjuan	Antilope_imp_mercure17221101	name31	Dom Juan
domjuan	Antilope_imp_mercure17221101	name32	Dom Juan
domjuan	Antilope_imp_mercure17221101	name33	Dom Juan
domjuan	Antilope_imp_mercure17221101	name34	Dom Juan
domjuan	Antilope_imp_mercure17221101	name35	Dom Juan
letasse	Antilope_imp_mercure17221101	name36	Tasse
jerusalem	Antilope_imp_mercure17221101	name37	Jerusalem
letasse	Antilope_imp_mercure17221101	name38	Poëte
silvie	Antilope_imp_mercure17221101	name39	Silvie
silvie	Antilope_imp_mercure17221101	name40	Silvie
thetis	Antilope_imp_mercure17221101	name41	Divinitez des Eaux
thetis	Antilope_imp_mercure17221101	name42	Thetis
triton	Antilope_imp_mercure17221101	name43	Tritons
thetis	Antilope_imp_mercure17221101	name44	Déese
thetis	Antilope_imp_mercure17221101	name45	Thetis
thetis	Antilope_imp_mercure17221101	name46	d’Eole
ocean	Antilope_imp_mercure17221101	name47	L’Ocean
univers	Antilope_imp_mercure17221101	name48	l’Univers
orphee	Antilope_imp_mercure17221101	name49	Orphée
coriphee	Antilope_imp_mercure17221101	name50	Un Coriphee.
driade	Antilope_imp_mercure17221101	name51	Driades
silvains	Antilope_imp_mercure17221101	name52	Silvains
driade	Antilope_imp_mercure17221101	name53	Nymphes des Eaux
onde	Antilope_imp_mercure17221101	name54	l’Onde
dieu	Antilope_imp_mercure17221101	name55	Dieu
plaisirsperso	Antilope_imp_mercure17221101	name56	PLAISIRS
plaisirperso	Antilope_imp_mercure17221101	name57	UN PLAISIR
paix	Antilope_imp_mercure17221101	name58	Paix
paix	Antilope_imp_mercure17221101	name59	Paix
coriphee	Antilope_imp_mercure17221101	name60	LE CORIPHE’E
mars	Antilope_imp_mercure17221101	name61	Mars
mars	Antilope_imp_mercure17221101	name62	Mars
paix	Antilope_imp_mercure17221101	name63	LA PAIX.
cielperso	Antilope_imp_mercure17221101	name64	Ciel
justiceperso	Antilope_imp_mercure17221101	name65	Justice
plaisirsperso	Antilope_imp_mercure17221101	name66	Plaisirs
mars	Antilope_imp_mercure17221101	name67	Mars
cielperso	Antilope_imp_mercure17221101	name68	Ciel
justiceperso	Antilope_imp_mercure17221101	name69	Justice
plaisirperso	Antilope_imp_mercure17221101	name70	Plaisirs
minerve	Antilope_imp_mercure17221101	name71	Minerve.
mars	Antilope_imp_mercure17221101	name72	Mars
gloireperso	Antilope_imp_mercure17221101	name73	Gloire
plaisirperso	Antilope_imp_mercure17221101	name74	Plaisirs
coriphee	Antilope_imp_mercure17221101	name75	LE CORIPHE’E.
amour	Antilope_imp_mercure17221101	name76	L’Amour
barbon	Antilope_imp_mercure17221101	name77	l’Amant Barbon
matineeperso	Antilope_imp_mercure17221101	name78	La Matinée.
auroreperso	Antilope_imp_mercure17221101	name79	L’Aurore
auroreperso	Antilope_imp_mercure17221101	name80	l’Aurore
soleil	Antilope_imp_mercure17221101	name81	Soleil
univers	Antilope_imp_mercure17221101	name82	l’Univers
soleil	Antilope_imp_mercure17221101	name83	Soleil
astresperso	Antilope_imp_mercure17221101	name84	Astre naissant
apresdine	Antilope_imp_mercure17221101	name85	L’après-dînée.
midiperso	Antilope_imp_mercure17221101	name86	L’heure de midy
bonnecherperso	Antilope_imp_mercure17221101	name87	La bonne chere
thalie	Antilope_imp_mercure17221101	name88	Thalie
thalie	Antilope_imp_mercure17221101	name89	Thalie
thalie	Antilope_imp_mercure17221101	name90	Thalie
soireeperso	Antilope_imp_mercure17221101	name91	La Soirée
museitalienne	Antilope_imp_mercure17221101	name92	La Muse Italienne
mmeprefane	Antilope_imp_mercure17221101	name93	Me de Prefané
isabelle	Antilope_imp_mercure17221101	name94	Isabelle
valere	Antilope_imp_mercure17221101	name95	Valere
sotino	Antilope_imp_mercure17221101	name96	Sotinot
isabelle	Antilope_imp_mercure17221101	name97	Isabelle
mmeprefane	Antilope_imp_mercure17221101	name98	Me de Prefané
argus	Antilope_imp_mercure17221101	name99	Argus
mmeprefane	Antilope_imp_mercure17221101	name100	Me de Prefané
mevertugadin	Antilope_imp_mercure17221101	name101	Me Vertugadin
friefrac	Antilope_imp_mercure17221101	name102	Me Friefrac
valere	Antilope_imp_mercure17221101	name103	Valere
sotino	Antilope_imp_mercure17221101	name104	Sotinot
mevertugadin	Antilope_imp_mercure17221101	name105	Me Vertugadin
friefrac	Antilope_imp_mercure17221101	name106	Me Friefrac
mmeprefane	Antilope_imp_mercure17221101	name107	Me de Prefané
valere	Antilope_imp_mercure17221101	name108	Valere
sotino	Antilope_imp_mercure17221101	name109	Sotinot
isabelle	Antilope_imp_mercure17221101	name110	Isabelle
mmeprefane	Antilope_imp_mercure17221101	name111	Me de Prefané
valere	Antilope_imp_mercure17221101	name112	Valere
valere	Antilope_imp_mercure17221101	name113	Valere
isabelle	Antilope_imp_mercure17221101	name114	Isabelle
sotino	Antilope_imp_mercure17221101	name115	Sotinot
mmeprefane	Antilope_imp_mercure17221101	name116	Me de Prefané
valere	Antilope_imp_mercure17221101	name117	Valere
isabelle	Antilope_imp_mercure17221101	name118	d’Isabelle
arlequin	Antilope_imp_mercure17221101	name119	Arlequin
trivelin	Antilope_imp_mercure17221101	name120	Trivelin
spinette	Antilope_imp_mercure17221101	name121	Spinette
scapin	Antilope_imp_mercure17221101	name122	Scapin
scapin	Antilope_imp_mercure17221101	name123	Scapin
spinette	Antilope_imp_mercure17221101	name124	Spinette
lelio	Antilope_imp_mercure17221101	name125	Lelio
silvia	Antilope_imp_mercure17221101	name126	Silvia
arlequin	Antilope_imp_mercure17221101	name127	Arlequin
trivelin	Antilope_imp_mercure17221101	name128	Trivelin
scapin	Antilope_imp_mercure17221101	name129	Scapin
spinette	Antilope_imp_mercure17221101	name130	Spinette
lelio	Antilope_imp_mercure17221101	name131	Lelio
silvia	Antilope_imp_mercure17221101	name132	Sylvia
trivelin	Antilope_imp_mercure17221101	name133	Trivelin
arlequin	Antilope_imp_mercure17221101	name134	Arlequin
arlequin	Antilope_imp_mercure17221101	name135	Arlequin
lelio	Antilope_imp_mercure17221101	name136	Lelio
silvia	Antilope_imp_mercure17221101	name137	Sylvia
lelio	Antilope_imp_mercure17221101	name138	Lelio
arlequin	Antilope_imp_mercure17221101	name139	Arlequin
arlequin	Antilope_imp_mercure17221101	name140	Arlequin
lelio	Antilope_imp_mercure17221101	name141	Lelio
arlequin	Antilope_imp_mercure17221101	name142	Arlequin
silvia	Antilope_imp_mercure17221101	name143	Sylvia
scapin	Antilope_imp_mercure17221101	name144	Scapin
spinette	Antilope_imp_mercure17221101	name145	Spinette
arlequin	Antilope_imp_mercure17221101	name146	Ar
arlequin	Antilope_imp_mercure17221101	name147	lequin
arlequin	Antilope_imp_mercure17221101	name148	Arlequin
trivelin	Antilope_imp_mercure17221101	name149	Trivelin
spinette	Antilope_imp_mercure17221101	name150	Spinette
scapin	Antilope_imp_mercure17221101	name151	Scapin
trivelin	Antilope_imp_mercure17221101	name152	Trivelin
scapin	Antilope_imp_mercure17221101	name153	Scapin
arlequin	Antilope_imp_mercure17221101	name154	Arlequin
spinette	Antilope_imp_mercure17221101	name155	Spinette
lelio	Antilope_imp_mercure17221101	name156	Lelio
arlequin	Antilope_imp_mercure17221101	name157	Arlequin
trivelin	Antilope_imp_mercure17221101	name158	Trivelin
celimene	Antilope_imp_mercure17221101	name159	Celimene
presidentepiece	Antilope_imp_mercure17221101	name160	Presidente
presidentepiece	Antilope_imp_mercure17221101	name161	Elle
presidentepiece	Antilope_imp_mercure17221101	name162	folle
colossederhodes	Antilope_imp_mercure17221101	name163	Colosse de Rhodes
latredamoiselle	Antilope_imp_mercure17221101	name164	La Damoiselle de Lâtre.
vieillardpiece	Antilope_imp_mercure17221101	name165	Un Vieillard.
amour	Antilope_imp_mercure17221101	name166	L’Amour
diane	Antilope_imp_mercure17221101	name167	Diane
nymphes	Antilope_imp_mercure17221101	name168	Nimphes
diane	Antilope_imp_mercure17221101	name169	Déesse
adonis	Antilope_imp_mercure17221101	name170	Adonis
dieux	Antilope_imp_mercure17221101	name171	Dieux
diane	Antilope_imp_mercure17221101	name172	Déesse
nymphes	Antilope_imp_mercure17221101	name173	Nymphes
diane	Antilope_imp_mercure17221101	name174	Diane
nymphes	Antilope_imp_mercure17221101	name175	Nymphes
diane	Antilope_imp_mercure17221101	name176	Diane
orphee	Antilope_imp_mercure17221101	name177	D’Orphée
dodone	Antilope_imp_mercure17221101	name178	Dodone
univers	Antilope_imp_mercure17221101	name179	l’Univers
diane	Antilope_imp_mercure17221101	name180	Diane
acteon	Antilope_imp_mercure17221101	name181	Acteon
diane	Antilope_imp_mercure17221101	name182	Diane
acteon	Antilope_imp_mercure17221101	name183	Acteon
dieux	Antilope_imp_mercure17221101	name184	Dieux
acteon	Antilope_imp_mercure17221101	name185	Acteon
orphee	Antilope_imp_mercure17221101	name186	d’Orphée
thetis	Antilope_imp_mercure17221101	name187	Thetys
orphee	Antilope_imp_mercure17221101	name188	d’Orphée
diane	Antilope_imp_mercure17221101	name189	Diane
philippeaugustecroix	Antilope_imp_mercure17221101	name190	Philippe Auguste
lesaintdenis	Antilope_imp_mercure17221101	name191	S. Denis
lesaintlouis	Antilope_imp_mercure17221101	name192	S. Loüis
saintmartyrs	Antilope_imp_mercure17221101	name193	SS. Martyrs
lesaintdenis	Antilope_imp_mercure17221101	name194	Denis
saintrustique	Antilope_imp_mercure17221101	name195	Rustique
sainteleuthere	Antilope_imp_mercure17221101	name196	Eleuthere
charlesvi	Antilope_imp_mercure17221101	name197	Charles VI
saintmartyrs	Antilope_imp_mercure17221101	name198	SS. Martyrs
charlesvi	Antilope_imp_mercure17221101	name199	Charles VI
saintjeanjerusalem	Antilope_imp_mercure17221101	name200	S. Jean de Jerusalem
persee	Antilope_imp_mercure17221101	name201	Persée
dieu	Antilope_imp_mercure17221101	name202	Dieu
dieu	Antilope_imp_mercure17221201	name2	Dieu
dieu	Antilope_imp_mercure17221201	name3	lui
dieu	Antilope_imp_mercure17221201	name4	Divinité
enfer	Antilope_imp_mercure17221201	name5	rivage sombre
alcide	Antilope_imp_mercure17221201	name6	Alcides
enfer	Antilope_imp_mercure17221201	name7	l’Enfer
enfer	Antilope_imp_mercure17221201	name8	l’Enfer
univers	Antilope_imp_mercure17221201	name9	l’Univers
diable	Antilope_imp_mercure17221201	name10	l’impie
enfer	Antilope_imp_mercure17221201	name11	Royaumes sombres
chimere	Antilope_imp_mercure17221201	name12	monstre audacieux
chimere	Antilope_imp_mercure17221201	name13	Il
chimere	Antilope_imp_mercure17221201	name14	chimere
parque	Antilope_imp_mercure17221201	name15	Parque
themis	Antilope_imp_mercure17221201	name16	Themis
univers	Antilope_imp_mercure17221201	name17	l’Univers
titus	Antilope_imp_mercure17221201	name18	Titus
dieu	Flandres17_imp_Lille1680	name2	Dieu
geants	Flandres17_imp_Lille1680	name3	Geans
geants	Flandres17_imp_Lille1680	name4	Geans
jupiter	Flandres17_imp_Lille1680	name5	Jupiter
jupiter	Flandres17_imp_Lille1680	name6	Dieu
jupiter	Flandres17_imp_Lille1680	name7	Jupiter
geants	Flandres17_imp_Lille1680	name8	Geans
geants	Flandres17_imp_Lille1680	name9	Geans
ciel	Flandres17_imp_Lille1680	name10	Ciel
Claudien	Flandres17_imp_Lille1680	name11	Claudien
nymphes	Flandres17_imp_Lille1680	name12	Nymphes
nymphes	Flandres17_imp_Lille1680	name13	Nymphes
france	Flandres17_imp_Lille1680	name14	France
nymphes	Flandres17_imp_Lille1680	name15	Nymphe
france	Flandres17_imp_Lille1680	name16	France
france	Flandres17_imp_Lille1680	name17	France
nymphes	Flandres17_imp_Lille1680	name18	Nymphe
espagne	Flandres17_imp_Lille1680	name19	Espagne
france	Flandres17_imp_Lille1680	name20	France
suede	Flandres17_imp_Lille1680	name21	Suede
nymphes	Flandres17_imp_Lille1680	name22	Nymphe
france	Flandres17_imp_Lille1680	name23	France
geants	Flandres17_imp_Lille1680	name24	Geans
ciel	Flandres17_imp_Lille1680	name25	Ciel
jupiter	Flandres17_imp_Lille1680	name26	Iupiter
jupiter	Flandres17_imp_Lille1680	name27	Dieu
soleil	Flandres17_imp_Lille1680	name28	Soleil
geants	Flandres17_imp_Lille1680	name29	Geant
paix	Flandres17_imp_Lille1680	name30	Paix
geants	Flandres17_imp_Lille1680	name31	Geans
paix	Flandres17_imp_Lille1680	name32	Paix
paix	Flandres17_imp_Lille1680	name33	Paix
geants	Flandres17_imp_Lille1680	name34	Geans
lille	Flandres17_imp_Lille1680	name35	Genie
ciel	Flandres17_imp_Lille1680	name36	Ciel
mars	Flandres17_imp_Lille1680	name37	MARS
bacchus	Flandres17_imp_Lille1680	name38	BACCIIUS
bacchus	Flandres17_imp_Lille1680	name39	Dieu
mars	Flandres17_imp_Lille1680	name40	Mars
mars	Flandres17_imp_Lille1680	name41	Mars
ceres	Flandres17_imp_Lille1680	name42	CERES
ceres	Flandres17_imp_Lille1680	name43	Deese
saturne	Flandres17_imp_Lille1680	name44	SATURNE
saturne	Flandres17_imp_Lille1680	name45	Dieu
paix	Flandres17_imp_Lille1680	name46	Paix
minerve	Flandres17_imp_Lille1680	name47	MINERVE
minerve	Flandres17_imp_Lille1680	name48	Minerve
paix	Flandres17_imp_Lille1680	name49	Paix
apollon	Flandres17_imp_Lille1680	name50	APOLON
apollon	Flandres17_imp_Lille1680	name51	Apollon
pluton	Flandres17_imp_Lille1680	name52	PLUTON
pluton	Flandres17_imp_Lille1680	name53	PLUTON
mercure	Flandres17_imp_Lille1680	name54	Mercure
zephirs	Flandres17_imp_Lille1680	name55	ZEPHIRI
flore	Flandres17_imp_Lille1680	name56	FLORE
flore	Flandres17_imp_Lille1680	name57	Deesse
zephirs	Flandres17_imp_Lille1680	name58	Zephirs
neptune	Flandres17_imp_Lille1680	name59	NEPTUNE
neptune	Flandres17_imp_Lille1680	name60	Neptune
mercure	Flandres17_imp_Lille1680	name61	Mercure
hercule	Flandres17_imp_Valenciennes1680	name2	HERCULE
soleil	Flandres17_imp_Valenciennes1680	name3	Soleil
soleil	Flandres17_imp_Valenciennes1680	name4	le Soleil
hercule	Flandres17_imp_Valenciennes1680	name5	HERCULE
hercule	Flandres17_imp_Valenciennes1680	name6	Hercule
jesus_christ	Flandres17_imp_Valenciennes1680	name7	JESUS-CRIST
hercule	Flandres17_imp_Valenciennes1680	name8	HERCULE
hercule	Flandres17_imp_Valenciennes1680	name9	HERCULE
hercule	Flandres17_imp_Valenciennes1680	name10	Hercule
hercule	Flandres17_imp_Valenciennes1680	name11	Hercule
hercule	Flandres17_imp_Valenciennes1680	name12	Hercule
hercule	Flandres17_imp_Valenciennes1680	name13	Heros
hercule	Flandres17_imp_Valenciennes1680	name14	Hercule
jesus_christ	Flandres17_imp_Valenciennes1680	name15	JESUS-CHRIST
hercule	Flandres17_imp_Valenciennes1680	name16	Hercule
zodiaque	Flandres17_imp_Valenciennes1680	name17	le Zodiaque
hercule	Flandres17_imp_Valenciennes1680	name18	Hercule
hercule	Flandres17_imp_Valenciennes1680	name19	Hercule
hercule	Flandres17_imp_Valenciennes1680	name20	Hercule
lion_de_nemée	Flandres17_imp_Valenciennes1680	name21	Lion de la Forest de Nemée
lion_belgique	Flandres17_imp_Valenciennes1680	name22	Lion Belgique
lion_de_nemée	Flandres17_imp_Valenciennes1680	name23	celuy de Nemée
hercule	Flandres17_imp_Valenciennes1680	name24	Hercule
lion_belgique	Flandres17_imp_Valenciennes1680	name25	Le Lion Belgique
hercule	Flandres17_imp_Valenciennes1680	name26	le Heros Fabuleux
lion_des_pais-bas	Flandres17_imp_Valenciennes1680	name27	Fameux Lion des
lion_de_nemée	Flandres17_imp_Valenciennes1680	name28	le Lion de Nemée
hercule	Flandres17_imp_Valenciennes1680	name29	HERCULE
hercule	Flandres17_imp_Valenciennes1680	name30	Hercule
atlas	Flandres17_imp_Valenciennes1680	name31	Atlas
hercule	Flandres17_imp_Valenciennes1680	name32	Hercule
cerbere	Flandres17_imp_Valenciennes1680	name33	un chien à trois têtes nommé Cerbere
hercule	Flandres17_imp_Valenciennes1680	name34	HERCULE
hercule	Flandres17_imp_Valenciennes1680	name35	Hercule
hydre	Flandres17_imp_Valenciennes1680	name36	l’Hydre
hercule	Flandres17_imp_Valenciennes1680	name37	nôtre HERCULE CHRETIEN
hercule	Flandres17_imp_Valenciennes1680	name38	Hercule
hercule	Flandres17_imp_Valenciennes1680	name39	l’HERCULE TRES-CHRETIEN
soleil	Flandres17_imp_Valenciennes1680	name40	le Soleil
lune	Flandres17_imp_Valenciennes1680	name41	la Lune
hercule	Flandres17_imp_Valenciennes1680	name42	Hercule
hercule	Flandres17_imp_Valenciennes1680	name43	Heros
hercule	Flandres17_imp_Valenciennes1680	name44	Hercule
hydre	Flandres17_imp_Valenciennes1680	name45	L’Hydre
cerbere	Flandres17_imp_Valenciennes1680	name46	Cerbere
lion_de_nemée	Flandres17_imp_Valenciennes1680	name47	le Lion
sanglier_d'érymanthe	Flandres17_imp_Valenciennes1680	name48	le Sanglier
hercule	Flandres17_imp_Valenciennes1680	name49	Hercule
hercule	Flandres17_imp_Valenciennes1680	name50	HERCULE
hercule	Flandres17_imp_Valenciennes1680	name51	HERCULE
serpens	Flandres17_imp_Valenciennes1680	name52	deux horribles Serpens
junon	Flandres17_imp_Valenciennes1680	name53	la Deesse Junon
hercule	Flandres17_imp_Valenciennes1680	name54	Hercule
centaures	Flandres17_imp_Valenciennes1680	name55	les Centaures
centaures	Flandres17_imp_Valenciennes1680	name56	Les Centaures
hercule	Flandres17_imp_Valenciennes1680	name57	l’HERCULE CHRETIEN
hercule	Flandres17_imp_Valenciennes1680	name58	HERCULE
diomede	Flandres17_imp_Valenciennes1680	name59	Diomede
diomede	Flandres17_imp_Valenciennes1680	name60	le Tyran
hercule	Flandres17_imp_Valenciennes1680	name61	le vaillant fils d’Alcmene
diomede	Flandres17_imp_Valenciennes1680	name62	Diomede
junon	Flandres17_imp_Valenciennes1680	name63	Junon
hesperides	Flandres17_imp_Valenciennes1680	name64	Hesperides
dragon	Flandres17_imp_Valenciennes1680	name65	Dragon
hercule	Flandres17_imp_Valenciennes1680	name66	HERCULE
hercule	Flandres17_imp_Valenciennes1680	name67	Ce Heros
hercule	Flandres17_imp_Valenciennes1680	name68	Hercule
hercule	Flandres17_imp_Valenciennes1680	name69	Hercule
déjanire	Flandres17_imp_Valenciennes1680	name70	Déjanire
acheloys	Flandres17_imp_Valenciennes1680	name71	Acheloys
hercule	Flandres17_imp_Valenciennes1680	name72	HERCULE
naïades	Flandres17_imp_Valenciennes1680	name73	Naïades
géryon	Flandres17_imp_Valenciennes1680	name74	Tyran Géryon
hercule	Flandres17_imp_Valenciennes1680	name75	Alcide
géryon	Flandres17_imp_Valenciennes1680	name76	Géryon
hercule	Flandres17_imp_Valenciennes1680	name77	Alcide
luther	Flandres17_imp_Valenciennes1680	name78	Luther
calvin	Flandres17_imp_Valenciennes1680	name79	Calvin
port_royal	Flandres17_imp_Valenciennes1680	name80	Port
luther	Flandres17_imp_Valenciennes1680	name81	Luther
luther	Flandres17_imp_Valenciennes1680	name82	Calvin
géryon	Flandres17_imp_Valenciennes1680	name83	Géryon
hercule	Flandres17_imp_Valenciennes1680	name84	Hercule
cacus	Flandres17_imp_Valenciennes1680	name85	Cacus
hercule	Flandres17_imp_Valenciennes1680	name86	Alcide
enthée	Flandres17_imp_Valenciennes1680	name87	Enthée
hercule	Flandres17_imp_Valenciennes1680	name88	HERCULE
hercule	Flandres17_imp_Valenciennes1680	name89	HERCULE
cygnes	Flandres17_imp_Valenciennes1680	name90	CYGNES
cygnes	Flandres17_imp_Valenciennes1680	name91	Cygnes
cygnes	Flandres17_imp_Valenciennes1680	name92	CYGNES
soleil	Flandres17_imp_Valenciennes1680_Mercure	name2	Le Soleil
soleil	Flandres17_imp_Valenciennes1680_Mercure	name3	Soleil
hercule	Flandres17_imp_Valenciennes1680_Mercure	name4	Hercule
hercule	Flandres17_imp_Valenciennes1680_Mercure	name5	Hercule
dieu	Flandres17_imp_Valenciennes1680_Mercure	name6	Dieu
heresie	Flandres17_imp_Valenciennes1680_Mercure	name7	Heresie
hercule	Flandres17_imp_Valenciennes1680_Mercure	name8	Hercule
hercule	Flandres17_imp_Valenciennes1680_Mercure	name9	Hercule
dieu	Flandres17_imp_Valenciennes1680_Mercure	name10	Dieu
hercule	Flandres17_imp_Valenciennes1680_Mercure	name11	Hercule
zodiaque	Flandres17_imp_Valenciennes1680_Mercure	name12	Le Zodiaque
étoiles	Flandres17_imp_Valenciennes1680_Mercure	name13	les Etoiles
dieu	Flandres17_imp_Valenciennes1680_Mercure	name14	Dieu
hercule	Flandres17_imp_Valenciennes1680_Mercure	name15	Hercule
hercule	Flandres17_imp_Valenciennes1680_Mercure	name16	Hercule
lion_belgique	Flandres17_imp_Valenciennes1680_Mercure	name17	Le Lyon Belgique
lion_nemée	Flandres17_imp_Valenciennes1680_Mercure	name18	celuy de Nemée
lion_pays-bas	Flandres17_imp_Valenciennes1680_Mercure	name19	Lyon des Païs-Bas
lion_nemée	Flandres17_imp_Valenciennes1680_Mercure	name20	Lyon de Nemée
hercule	Flandres17_imp_Valenciennes1680_Mercure	name21	Hercule
hercule	Flandres17_imp_Valenciennes1680_Mercure	name22	Hercule
atlas	Flandres17_imp_Valenciennes1680_Mercure	name23	Atlas
hercule	Flandres17_imp_Valenciennes1680_Mercure	name24	Hercule
cerbere	Flandres17_imp_Valenciennes1680_Mercure	name25	Cerbere
cerbere	Flandres17_imp_Valenciennes1680_Mercure	name26	Monstre
hercule	Flandres17_imp_Valenciennes1680_Mercure	name27	Hercule François
hydre	Flandres17_imp_Valenciennes1680_Mercure	name28	Hydre
serpens	Flandres17_imp_Valenciennes1680_Mercure	name29	serpens
demons	Flandres17_imp_Valenciennes1680_Mercure	name30	Démons
hercule	Flandres17_imp_Valenciennes1680_Mercure	name31	Hercule
hercule	Flandres17_imp_Valenciennes1680_Mercure	name32	Hercule
hercule	Flandres17_imp_Valenciennes1680_Mercure	name33	Hercule
hercule	Flandres17_imp_Valenciennes1680_Mercure	name34	Hercule
hydre	Flandres17_imp_Valenciennes1680_Mercure	name35	l’Hydre
cerbere	Flandres17_imp_Valenciennes1680_Mercure	name36	Cerbere
lion_nemée	Flandres17_imp_Valenciennes1680_Mercure	name37	le Lyon
sanglier	Flandres17_imp_Valenciennes1680_Mercure	name38	le Sanglier
hercule	Flandres17_imp_Valenciennes1680_Mercure	name39	Hercule
cygnes	Flandres17_imp_Valenciennes1680_Mercure	name40	Cignes
cygnes	Flandres17_imp_Valenciennes1680_Mercure	name41	cignes
empereur_valentinien	Flandres17_imp_Valenciennes1680_Mercure	name42	l’Empereur Valentinian
victoire	Flandres17_imp_Valenciennes1680_abrege	name2	Victoire
hercule	Flandres17_imp_Valenciennes1680_abrege	name3	Hercule
globe_du_ciel	Flandres17_imp_Valenciennes1680_abrege	name4	le Globe du Ciel
monstres	Flandres17_imp_Valenciennes1680_abrege	name5	les Monstres
heresie	Flandres17_imp_Valenciennes1680_abrege	name6	Heresies
hercule	Flandres17_imp_Valenciennes1680_abrege	name7	Hercule
heresie	Flandres17_imp_Valenciennes1680_abrege	name8	Heresie
ciel	Flandres17_imp_Valenciennes1680_abrege	name9	le Ciel
dieu	Flandres17_imp_Valenciennes1680_abrege	name10	Dieu
etat	Flandres17_imp_mg1680	name2	Etat
Jules César	Flandres17_imp_mg1680	name3	Jules César
Jules César	Flandres17_imp_mg1680	name4	César
Bourgeois de Calais	Flandres17_imp_mg1680	name5	Témoin Eustache de S. Pierre
PhilippeVI de Valois	Flandres17_imp_mg1680	name6	Philippes de Valois
Edouard III	Flandres17_imp_mg1680	name7	Edoüard Roy d’Angleterre
Jean de Vienne	Flandres17_imp_mg1680	name8	Jean de Vienne
Edouard III	Flandres17_imp_mg1680	name9	Edoüard
EdouardIII	Flandres17_imp_mg1680	name10	Roy
Edouard III	Flandres17_imp_mg1680	name11	Edoüard
Philippa Hainaut	Flandres17_imp_mg1680	name12	Reyne
Edouard III	Flandres17_imp_mg1680	name13	Edoüard
Edouard III	Flandres17_imp_mg1680	name14	Roy
Philippe VI de Valois	Flandres17_imp_mg1680	name15	Philippes de Valois
Edouard III	Flandres17_imp_mg1680	name16	Edoüard
François de Guise	Flandres17_imp_mg1680	name17	Duc de Guise
Henry II	Flandres17_imp_mg1680	name18	Henry II
Henri IV	Flandres17_imp_mg1680	name19	Henry IV
Charles Quint	Flandres17_imp_mg1680	name20	Charles-Quint
eglise	Flandres17_imp_mg1680	name21	Eglise
Comte Badouin IV de Flandre	Flandres17_imp_mg1680	name22	Comte Baudoüin
Charlemagne	Flandres17_imp_mg1680	name23	Charlemagne
Ambrogio Spinola	Flandres17_imp_mg1680	name24	Marquis de Spinola
LouisII Bourbon de Condé	Flandres17_imp_mg1680	name25	Monsieur le Prince
entreprenant	Flandres17_imp_mg1680	name26	l’Entreprenant
sainte barbe	Flandres17_imp_mg1680	name27	Sainte Barbe
equipage	Flandres17_imp_mg1680	name28	Equipage
equipage	Flandres17_imp_mg1680	name29	Equipage
gaillard	Flandres17_imp_mg1680	name30	le Gaillard
equipage	Flandres17_imp_mg1680	name31	Equipage
gaillard	Flandres17_imp_mg1680	name32	le Gaillard
gaillard	Flandres17_imp_mg1680	name33	Gaillard
sainte barbe	Flandres17_imp_mg1680	name34	Sainte Barbe
entreprenant	Flandres17_imp_mg1680	name35	l’Entreprenant
equipage	Flandres17_imp_mg1680	name36	Equipage
abordage	Flandres17_imp_mg1680	name37	l’Abordage
entreprenant	Flandres17_imp_mg1680	name38	l’Entrepreant
equipage	Flandres17_imp_mg1680	name39	Equipage
equipage	Flandres17_imp_mg1680	name40	Equipage
abordage	Flandres17_imp_mg1680	name41	l’Abordage
equipage	Flandres17_imp_mg1680	name42	Equipage
adroit	Flandres17_imp_mg1680	name43	l’Adroit
serpente	Flandres17_imp_mg1680	name44	Serpente
adroit	Flandres17_imp_mg1680	name45	l’Adroit
adroit	Flandres17_imp_mg1680	name46	L’Adroit
serpente	Flandres17_imp_mg1680	name47	Serpente
serpente	Flandres17_imp_mg1680	name48	Serpente
adroit	Flandres17_imp_mg1680	name49	l’Adroit
equipage	Flandres17_imp_mg1680	name50	Equipage
equipage	Flandres17_imp_mg1680	name51	Equipage
entreprenant	Flandres17_imp_mg1680	name52	l’Entreprenant
victoire	Flandres17_imp_mg1680	name53	Victoire
Badouin IV de Flandre	Flandres17_imp_mg1680	name54	Comte Badoüin
Arnoul II de Flandre	Flandres17_imp_mg1680	name55	Comte Arnould
Monsieur le Prince	Flandres17_imp_mg1680	name56	Mósieur le Prince
geants	Flandres17_imp_mg1680	name57	Geans
dieu	Flandres17_imp_mg1680	name58	Dieu
geants	Flandres17_imp_mg1680	name59	Geans
geants	Flandres17_imp_mg1680	name60	Geans
jupiter	Flandres17_imp_mg1680	name61	Jupiter
jupiter	Flandres17_imp_mg1680	name62	Dieu
jupiter	Flandres17_imp_mg1680	name63	Jupiter
geants	Flandres17_imp_mg1680	name64	Geans
geants	Flandres17_imp_mg1680	name65	Geans
jupiter	Flandres17_imp_mg1680	name66	Jupiter
nymphes	Flandres17_imp_mg1680	name67	Nymphes
nymphes	Flandres17_imp_mg1680	name68	Nymphes
france	Flandres17_imp_mg1680	name69	France
nymphes	Flandres17_imp_mg1680	name70	Nymphe
france	Flandres17_imp_mg1680	name71	France
france	Flandres17_imp_mg1680	name72	France
nymphes	Flandres17_imp_mg1680	name73	Nymphe
espagne	Flandres17_imp_mg1680	name74	Espagne
france	Flandres17_imp_mg1680	name75	France
allemagne	Flandres17_imp_mg1680	name76	Allemagne
suede	Flandres17_imp_mg1680	name77	Suede
nymphes	Flandres17_imp_mg1680	name78	Nymphe
nymphes	Flandres17_imp_mg1680	name79	troisiéme
nymphes	Flandres17_imp_mg1680	name80	troisiéme
nymphes	Flandres17_imp_mg1680	name81	derniere
geants	Flandres17_imp_mg1680	name82	Geans
geants	Flandres17_imp_mg1680	name83	Geans
jupiter	Flandres17_imp_mg1680	name84	Jupiter
soleil	Flandres17_imp_mg1680	name85	Soleil
jupiter	Flandres17_imp_mg1680	name86	Souverain des Dieux
geants	Flandres17_imp_mg1680	name87	Geant
soleil	Flandres17_imp_mg1680	name88	Soleil
paix	Flandres17_imp_mg1680	name89	Paix
bacchus	Flandres17_imp_mg1680	name90	Bacchus
mars	Flandres17_imp_mg1680	name91	Mars
mars	Flandres17_imp_mg1680	name92	Dieu de la Guerre
ceres	Flandres17_imp_mg1680	name93	Cerés
saturne	Flandres17_imp_mg1680	name94	Saturne
saturne	Flandres17_imp_mg1680	name95	Dieu
paix	Flandres17_imp_mg1680	name96	Paix
minerve	Flandres17_imp_mg1680	name97	Minerve
minerve	Flandres17_imp_mg1680	name98	Déesse
apollon	Flandres17_imp_mg1680	name99	Apollon
pluton	Flandres17_imp_mg1680	name100	Pluton
mercure	Flandres17_imp_mg1680	name101	Mercure
flore	Flandres17_imp_mg1680	name102	Flore
zephirs	Flandres17_imp_mg1680	name103	Zéphirs
neptune	Flandres17_imp_mg1680	name104	Neptune
paix	Flandres17_imp_mg1680	name105	Paix
geants	Flandres17_imp_mg1680	name106	Geant
soleil	Flandres17_imp_mg1680	name107	Soleil
paix	Flandres17_imp_mg1680	name108	Paix
geants	Flandres17_imp_mg1680	name109	Geans
genies	Flandres17_imp_mg1680	name110	Génies
genies	Flandres17_imp_mg1680	name111	Génie
paix	Flandres17_imp_mg1680	name112	Paix
lille	Flandres17_imp_mg1680	name113	Ville
paix	Flandres17_imp_mg1680	name114	Paix
mercure	Flandres17_imp_mg1680	name115	Mercure
Badouin V de France	Flandres17_imp_mg1680	name116	Baudoüin le Debonnaire
BadouinIV_de_Flandre	Flandres17_imp_mg1680	name117	Baudoüin
Badouin V de Flandre	Flandres17_imp_mg1680	name118	Fils
Felipe III	Flandres17_imp_mg1680	name119	Roy d’Espagne
Bourgeois de Calais	Flandres17_imp_mg1680_calais	name2	Témoin Eustache de S. Pierre
Philippe VI de Valois	Flandres17_imp_mg1680_calais	name3	Philippes de Valois
Edouard III	Flandres17_imp_mg1680_calais	name4	Edoüard Roy d’Angleterre
Jean de Vienne	Flandres17_imp_mg1680_calais	name5	Jean de Vienne
Edouard III	Flandres17_imp_mg1680_calais	name6	Edoüard
Edouard III	Flandres17_imp_mg1680_calais	name7	Roy
Edouard III	Flandres17_imp_mg1680_calais	name8	Edoüard
philippa_hainaut	Flandres17_imp_mg1680_calais	name9	Reyne
Edouard III	Flandres17_imp_mg1680_calais	name10	Edoüard
Edouard III	Flandres17_imp_mg1680_calais	name11	Roy
Philippe VI de Valois	Flandres17_imp_mg1680_calais	name12	Philippes de Valois
edouardIII	Flandres17_imp_mg1680_calais	name13	Edoüard
François de Guise	Flandres17_imp_mg1680_calais	name14	Duc de Guise
Henry II	Flandres17_imp_mg1680_calais	name15	Henry II
Henry IV	Flandres17_imp_mg1680_calais	name16	Henry IV
eglise	Flandres17_imp_mg1680_dunkerque	name2	Eglise
Comte Badouin IV de Flandre	Flandres17_imp_mg1680_dunkerque	name3	Comte Baudoüin
Charlemagne	Flandres17_imp_mg1680_dunkerque	name4	Charlemagne
Ambrogio Spinola	Flandres17_imp_mg1680_dunkerque	name5	Marquis de Spinola
Louis II Bourbon de Condé	Flandres17_imp_mg1680_dunkerque	name6	Monsieur le Prince
Henri de la Tour d'Auvergne	Flandres17_imp_mg1680_dunkerque	name7	Mr le Maréchal de Turenne
entreprenant	Flandres17_imp_mg1680_dunkerque	name8	l’Entreprenant
sainte_barbe	Flandres17_imp_mg1680_dunkerque	name9	Sainte Barbe
equipage	Flandres17_imp_mg1680_dunkerque	name10	Equipage
equipage	Flandres17_imp_mg1680_dunkerque	name11	Equipage
gaillard	Flandres17_imp_mg1680_dunkerque	name12	le Gaillard
equipage	Flandres17_imp_mg1680_dunkerque	name13	Equipage
gaillard	Flandres17_imp_mg1680_dunkerque	name14	le Gaillard
gaillard	Flandres17_imp_mg1680_dunkerque	name15	Gaillard
sainte_barbe	Flandres17_imp_mg1680_dunkerque	name16	Sainte Barbe
entreprenant	Flandres17_imp_mg1680_dunkerque	name17	l’Entreprenant
equipage	Flandres17_imp_mg1680_dunkerque	name18	Equipage
abordage	Flandres17_imp_mg1680_dunkerque	name19	l’Abordage
entreprenant	Flandres17_imp_mg1680_dunkerque	name20	l’Entrepreant
equipage	Flandres17_imp_mg1680_dunkerque	name21	Equipage
equipage	Flandres17_imp_mg1680_dunkerque	name22	Equipage
abordage	Flandres17_imp_mg1680_dunkerque	name23	l’Abordage
equipage	Flandres17_imp_mg1680_dunkerque	name24	Equipage
adroit	Flandres17_imp_mg1680_dunkerque	name25	l’Adroit
serpente	Flandres17_imp_mg1680_dunkerque	name26	Serpente
adroit	Flandres17_imp_mg1680_dunkerque	name27	l’Adroit
adroit	Flandres17_imp_mg1680_dunkerque	name28	L’Adroit
serpente	Flandres17_imp_mg1680_dunkerque	name29	Serpente
serpente	Flandres17_imp_mg1680_dunkerque	name30	Serpente
adroit	Flandres17_imp_mg1680_dunkerque	name31	l’Adroit
equipage	Flandres17_imp_mg1680_dunkerque	name32	Equipage
equipage	Flandres17_imp_mg1680_dunkerque	name33	Equipage
entreprenant	Flandres17_imp_mg1680_dunkerque	name34	l’Entreprenant
etat	Flandres17_imp_mg1680_entre_beauvais_et_calais	name2	Etat
Jules César	Flandres17_imp_mg1680_entre_beauvais_et_calais	name3	Jules César
geants	Flandres17_imp_mg1680_lille	name2	Geans
dieu	Flandres17_imp_mg1680_lille	name3	Dieu
geants	Flandres17_imp_mg1680_lille	name4	Geans
geants	Flandres17_imp_mg1680_lille	name5	Geans
jupiter	Flandres17_imp_mg1680_lille	name6	Jupiter
jupiter	Flandres17_imp_mg1680_lille	name7	Dieu
jupiter	Flandres17_imp_mg1680_lille	name8	Jupiter
geants	Flandres17_imp_mg1680_lille	name9	Geans
geants	Flandres17_imp_mg1680_lille	name10	Geans
jupiter	Flandres17_imp_mg1680_lille	name11	Jupiter
nymphes	Flandres17_imp_mg1680_lille	name12	Nymphes
nymphes	Flandres17_imp_mg1680_lille	name13	Nymphes
france	Flandres17_imp_mg1680_lille	name14	France
nymphes	Flandres17_imp_mg1680_lille	name15	Nymphe
france	Flandres17_imp_mg1680_lille	name16	France
france	Flandres17_imp_mg1680_lille	name17	France
nymphes	Flandres17_imp_mg1680_lille	name18	Nymphe
espagne	Flandres17_imp_mg1680_lille	name19	Espagne
france	Flandres17_imp_mg1680_lille	name20	France
allemagne	Flandres17_imp_mg1680_lille	name21	Allemagne
suede	Flandres17_imp_mg1680_lille	name22	Suede
nymphes	Flandres17_imp_mg1680_lille	name23	Nymphe
nymphes	Flandres17_imp_mg1680_lille	name24	troisiéme
nymphes	Flandres17_imp_mg1680_lille	name25	troisiéme
nymphes	Flandres17_imp_mg1680_lille	name26	derniere
geants	Flandres17_imp_mg1680_lille	name27	Geans
geants	Flandres17_imp_mg1680_lille	name28	Geans
jupiter	Flandres17_imp_mg1680_lille	name29	Jupiter
soleil	Flandres17_imp_mg1680_lille	name30	Soleil
jupiter	Flandres17_imp_mg1680_lille	name31	Souverain des Dieux
geants	Flandres17_imp_mg1680_lille	name32	Geant
soleil	Flandres17_imp_mg1680_lille	name33	Soleil
paix	Flandres17_imp_mg1680_lille	name34	Paix
bacchus	Flandres17_imp_mg1680_lille	name35	Bacchus
mars	Flandres17_imp_mg1680_lille	name36	Mars
mars	Flandres17_imp_mg1680_lille	name37	Dieu de la Guerre
ceres	Flandres17_imp_mg1680_lille	name38	Cerés
saturne	Flandres17_imp_mg1680_lille	name39	Saturne
saturne	Flandres17_imp_mg1680_lille	name40	Dieu
paix	Flandres17_imp_mg1680_lille	name41	Paix
minerve	Flandres17_imp_mg1680_lille	name42	Minerve
minerve	Flandres17_imp_mg1680_lille	name43	Déesse
apollon	Flandres17_imp_mg1680_lille	name44	Apollon
pluton	Flandres17_imp_mg1680_lille	name45	Pluton
mercure	Flandres17_imp_mg1680_lille	name46	Mercure
flore	Flandres17_imp_mg1680_lille	name47	Flore
zephirs	Flandres17_imp_mg1680_lille	name48	Zéphirs
neptune	Flandres17_imp_mg1680_lille	name49	Neptune
paix	Flandres17_imp_mg1680_lille	name50	Paix
geants	Flandres17_imp_mg1680_lille	name51	Geant
soleil	Flandres17_imp_mg1680_lille	name52	Soleil
paix	Flandres17_imp_mg1680_lille	name53	Paix
geants	Flandres17_imp_mg1680_lille	name54	Geans
genies	Flandres17_imp_mg1680_lille	name55	Génies
genies	Flandres17_imp_mg1680_lille	name56	Génie
paix	Flandres17_imp_mg1680_lille	name57	Paix
lille	Flandres17_imp_mg1680_lille	name58	Ville
paix	Flandres17_imp_mg1680_lille	name59	Paix
mercure	Flandres17_imp_mg1680_lille	name60	Mercure
Badouin V de Flandre	Flandres17_imp_mg1680_lille	name61	Baudoüin le Debonnaire
Badouin IV de Flandre	Flandres17_imp_mg1680_lille	name62	Baudoüin
Badouin V de Flandre	Flandres17_imp_mg1680_lille	name63	Fils
Felipe III	Flandres17_imp_mg1680_lille	name64	Roy d’Espagne
Charles Quint	Flandres17_imp_mg1680_monquebour_gravelines	name2	Charles-Quint
victoire	Flandres17_imp_mg1680_ypres	name2	Victoire
Badouin IV de Flandre	Flandres17_imp_mg1680_ypres	name3	Comte Badoüin
Arnoul II de Flandre	Flandres17_imp_mg1680_ypres	name4	Comte Arnould
Monsieur le Prince	Flandres17_imp_mg1680_ypres	name5	Mósieur le Prince
Pères ricolet	Flandres17_ms_Chavatte	name2	peres ricolet
deesses	Flandres17_ms_Chavatte	name3	deesse
france	Flandres17_ms_Chavatte	name4	france
deesses	Flandres17_ms_Chavatte	name5	deesse
deesses	Flandres17_ms_Chavatte	name6	deesse
deesses	Flandres17_ms_Chavatte	name7	deesse
geants	Flandres17_ms_Chavatte	name8	geant
jupiter	Flandres17_ms_Chavatte	name9	jupiter
geants	Flandres17_ms_Chavatte	name10	geants
dieux	Flandres17_ms_Chavatte	name11	dieux
geants	Flandres17_ms_Chavatte	name12	geants
deesses	Flandres17_ms_Chavatte	name13	deesse
deesses	Flandres17_ms_Chavatte	name14	deesse
deesses	Flandres17_ms_Chavatte	name15	deesse
soleil	Flandres17_ms_Chavatte	name16	soleil
soleil	Flandres17_ms_Chavatte	name17	soleil
soleil	Flandres17_ms_Chavatte	name18	soleil
dieu	Flandres17_ms_Chavatte	name19	dieu
deesses	Flandres17_ms_Chavatte	name20	deesse
	merveilles17_imp_GalantsMaures_1685	name2	Stace
	merveilles17_imp_GalantsMaures_1685	name3	Neptune
	merveilles17_imp_GalantsMaures_1685	name4	Abenserrages
	merveilles17_imp_GalantsMaures_1685	name5	Zegris
	merveilles17_imp_GalantsMaures_1685	name6	Abenserrages
	merveilles17_imp_GalantsMaures_1685	name7	Gasuls
	merveilles17_imp_GalantsMaures_1685	name8	Alabeses
	merveilles17_imp_GalantsMaures_1685	name9	Almoradis 
	merveilles17_imp_GalantsMaures_1685	name10	Zegris
	merveilles17_imp_GalantsMaures_1685	name11	Vanégues
	merveilles17_imp_GalantsMaures_1685	name12	Goméles
	merveilles17_imp_GalantsMaures_1685	name13	Maces
	merveilles17_imp_GalantsMaures_1685	name14	Ismaël
	merveilles17_imp_GalantsMaures_1685	name15	Muley Hazen son Fils
	merveilles17_imp_GalantsMaures_1685	name16	Boaudilin
	merveilles17_imp_GalantsMaures_1685	name17	Muça
	merveilles17_imp_GalantsMaures_1685	name18	Boaudilin
	merveilles17_imp_GalantsMaures_1685	name19	El Rey Chico
	merveilles17_imp_GalantsMaures_1685	name20	Roy Chico
	merveilles17_imp_GalantsMaures_1685	name21	la Reyne
	merveilles17_imp_GalantsMaures_1685	name22	Muça
	merveilles17_imp_GalantsMaures_1685	name23	Darache
	merveilles17_imp_GalantsMaures_1685	name24	Darache
	merveilles17_imp_GalantsMaures_1685	name25	Abenhamete
	merveilles17_imp_GalantsMaures_1685	name26	cet Abenserrage
	merveilles17_imp_GalantsMaures_1685	name27	Muça
	merveilles17_imp_GalantsMaures_1685	name28	l’Abenserrage
	merveilles17_imp_GalantsMaures_1685	name29	Darache
	merveilles17_imp_GalantsMaures_1685	name30	Abenserrage
	merveilles17_imp_GalantsMaures_1685	name31	Muça
	merveilles17_imp_GalantsMaures_1685	name32	Abêhamete
	merveilles17_imp_GalantsMaures_1685	name33	Muça
	merveilles17_imp_GalantsMaures_1685	name34	Alabez
	merveilles17_imp_GalantsMaures_1685	name35	Abenhamete
	merveilles17_imp_GalantsMaures_1685	name36	Miramolin
	merveilles17_imp_GalantsMaures_1685	name37	Almoradis
	merveilles17_imp_GalantsMaures_1685	name38	Maliques Alabeses
	merveilles17_imp_GalantsMaures_1685	name39	Roy Almohabez
	merveilles17_imp_GalantsMaures_1685	name40	Maliques
	merveilles17_imp_GalantsMaures_1685	name41	Le Roy
	merveilles17_imp_GalantsMaures_1685	name42	Zaide
	merveilles17_imp_GalantsMaures_1685	name43	Audalla Tarfe
	merveilles17_imp_GalantsMaures_1685	name44	Zaide
	merveilles17_imp_GalantsMaures_1685	name45	Zaide
	merveilles17_imp_GalantsMaures_1685	name46	Zaide
	merveilles17_imp_GalantsMaures_1685	name47	Tarfe
	merveilles17_imp_GalantsMaures_1685	name48	Tarfe
	merveilles17_imp_GalantsMaures_1685	name49	Mohamad Zegri
	merveilles17_imp_GalantsMaures_1685	name50	Muça
	merveilles17_imp_GalantsMaures_1685	name51	Alabez
	merveilles17_imp_GalantsMaures_1685	name52	Mahomad Zegri
	merveilles17_imp_GalantsMaures_1685	name53	Mahomad
	merveilles17_imp_GalantsMaures_1685	name54	Mahomad
	merveilles17_imp_GalantsMaures_1685	name55	Mahomad
	merveilles17_imp_GalantsMaures_1685	name56	Caraman
	merveilles17_imp_GalantsMaures_1685	name57	Abenamin
	merveilles17_imp_GalantsMaures_1685	name58	Muce
	merveilles17_imp_GalantsMaures_1685	name59	Zelebin
	merveilles17_imp_GalantsMaures_1685	name60	Zuleme
	merveilles17_imp_GalantsMaures_1685	name61	Abindarays
	merveilles17_imp_GalantsMaures_1685	name62	Zayd
	merveilles17_imp_GalantsMaures_1685	name63	Abenamar
	merveilles17_imp_GalantsMaures_1685	name64	Hamat
	merveilles17_imp_GalantsMaures_1685	name65	Muley Hassen
	merveilles17_imp_GalantsMaures_1685	name66	Zarcan
	merveilles17_imp_GalantsMaures_1685	name67	Moraysel
	merveilles17_imp_GalantsMaures_1685	name68	Albayad
	merveilles17_imp_GalantsMaures_1685	name69	GAZULES
	merveilles17_imp_GalantsMaures_1685	name70	Gazul
	merveilles17_imp_GalantsMaures_1685	name71	Ortobule
	merveilles17_imp_GalantsMaures_1685	name72	Almadan
	merveilles17_imp_GalantsMaures_1685	name73	Almida
	merveilles17_imp_GalantsMaures_1685	name74	Morat
	merveilles17_imp_GalantsMaures_1685	name75	Aladul
	merveilles17_imp_GalantsMaures_1685	name76	Reduan
	merveilles17_imp_GalantsMaures_1685	name77	Abdalla
	merveilles17_imp_GalantsMaures_1685	name78	Abaza
	merveilles17_imp_GalantsMaures_1685	name79	Mecmet
	merveilles17_imp_GalantsMaures_1685	name80	Ibrahim
	merveilles17_imp_GalantsMaures_1685	name81	ALABESES
	merveilles17_imp_GalantsMaures_1685	name82	Alabez
	merveilles17_imp_GalantsMaures_1685	name83	Almanzor
	merveilles17_imp_GalantsMaures_1685	name84	Cidhamet
	merveilles17_imp_GalantsMaures_1685	name85	Zelindor
	merveilles17_imp_GalantsMaures_1685	name86	Alhamin
	merveilles17_imp_GalantsMaures_1685	name87	Ramire
	merveilles17_imp_GalantsMaures_1685	name88	Aldoradin
	merveilles17_imp_GalantsMaures_1685	name89	Orcame
	merveilles17_imp_GalantsMaures_1685	name90	Helyhamte
	merveilles17_imp_GalantsMaures_1685	name91	Alderic
	merveilles17_imp_GalantsMaures_1685	name92	ALMORADIS
	merveilles17_imp_GalantsMaures_1685	name93	Almorady
	merveilles17_imp_GalantsMaures_1685	name94	Zagabi
	merveilles17_imp_GalantsMaures_1685	name95	Odomar
	merveilles17_imp_GalantsMaures_1685	name96	Azahide
	merveilles17_imp_GalantsMaures_1685	name97	Almohabes
	merveilles17_imp_GalantsMaures_1685	name98	Azarque
	merveilles17_imp_GalantsMaures_1685	name99	Delimant
	merveilles17_imp_GalantsMaures_1685	name100	Omar
	merveilles17_imp_GalantsMaures_1685	name101	Almeric
	merveilles17_imp_GalantsMaures_1685	name102	Benavide
	merveilles17_imp_GalantsMaures_1685	name103	Méduse
	merveilles17_imp_GalantsMaures_1685	name104	Méduse
	merveilles17_imp_GalantsMaures_1685	name105	Abderame
	merveilles17_imp_GalantsMaures_1685	name106	Amurat
	merveilles17_imp_GalantsMaures_1685	name107	ZEGRIS
	merveilles17_imp_GalantsMaures_1685	name108	Mahomad
	merveilles17_imp_GalantsMaures_1685	name109	Zelim
	merveilles17_imp_GalantsMaures_1685	name110	Dragut
	merveilles17_imp_GalantsMaures_1685	name111	Tharsis
	merveilles17_imp_GalantsMaures_1685	name112	Audalsa
	merveilles17_imp_GalantsMaures_1685	name113	Mohavide
	merveilles17_imp_GalantsMaures_1685	name114	Alhamet
	merveilles17_imp_GalantsMaures_1685	name115	Atarse
	merveilles17_imp_GalantsMaures_1685	name116	Olicarsis
	merveilles17_imp_GalantsMaures_1685	name117	Abdelmeles
	merveilles17_imp_GalantsMaures_1685	name118	VANEGUES
	merveilles17_imp_GalantsMaures_1685	name119	Merinés
	merveilles17_imp_GalantsMaures_1685	name120	Zaphir
	merveilles17_imp_GalantsMaures_1685	name121	Carahil
	merveilles17_imp_GalantsMaures_1685	name122	Osmin
	merveilles17_imp_GalantsMaures_1685	name123	Haly
	merveilles17_imp_GalantsMaures_1685	name124	Boaudalin
	merveilles17_imp_GalantsMaures_1685	name125	Astiorix
	merveilles17_imp_GalantsMaures_1685	name126	Alamir
	merveilles17_imp_GalantsMaures_1685	name127	Zamorin
	merveilles17_imp_GalantsMaures_1685	name128	Scandre
	merveilles17_imp_GalantsMaures_1685	name129	Alcomat
	merveilles17_imp_GalantsMaures_1685	name130	GOMELES.
	merveilles17_imp_GalantsMaures_1685	name131	Carasis
	merveilles17_imp_GalantsMaures_1685	name132	Benarix
	merveilles17_imp_GalantsMaures_1685	name133	Zelman
	merveilles17_imp_GalantsMaures_1685	name134	Therose
	merveilles17_imp_GalantsMaures_1685	name135	Hersecolis
	merveilles17_imp_GalantsMaures_1685	name136	Zinderame
	merveilles17_imp_GalantsMaures_1685	name137	Tamaras
	merveilles17_imp_GalantsMaures_1685	name138	Alamut
	merveilles17_imp_GalantsMaures_1685	name139	Ambiorix
	merveilles17_imp_GalantsMaures_1685	name140	Imirse
	merveilles17_imp_GalantsMaures_1685	name141	MACES.
	merveilles17_imp_GalantsMaures_1685	name142	Ulma
	merveilles17_imp_GalantsMaures_1685	name143	Mustapha
	merveilles17_imp_GalantsMaures_1685	name144	Azamor
	merveilles17_imp_GalantsMaures_1685	name145	Giangir
	merveilles17_imp_GalantsMaures_1685	name146	Macmut
	merveilles17_imp_GalantsMaures_1685	name147	Carife
	merveilles17_imp_GalantsMaures_1685	name148	Atalaric
	merveilles17_imp_GalantsMaures_1685	name149	Zabaime
	merveilles17_imp_GalantsMaures_1685	name150	Almidor
	merveilles17_imp_GalantsMaures_1685	name151	Albumazar
	merveilles17_imp_GalantsMaures_1685	name152	Abenserrage
	merveilles17_imp_GalantsMaures_1685	name153	Alabeze
	merveilles17_imp_GalantsMaures_1685	name154	Zegri
	merveilles17_imp_GalantsMaures_1685	name155	Gomel
	merveilles17_imp_GalantsMaures_1685	name156	Gazul
	merveilles17_imp_GalantsMaures_1685	name157	Almorady
	merveilles17_imp_GalantsMaures_1685	name158	Vanegue
	merveilles17_imp_GalantsMaures_1685	name159	Mace
	merveilles17_imp_GalantsMaures_1685	name160	Abenserrage
	merveilles17_imp_GalantsMaures_1685	name161	Alabeze
	merveilles17_imp_GalantsMaures_1685	name162	Zegri
	merveilles17_imp_GalantsMaures_1685	name163	Gomel
	merveilles17_imp_GalantsMaures_1685	name164	Gazul
	merveilles17_imp_GalantsMaures_1685	name165	Almorady
	merveilles17_imp_GalantsMaures_1685	name166	Vanegue
	merveilles17_imp_GalantsMaures_1685	name167	Mace
	merveilles17_imp_GalantsMaures_1685	name168	Abenserrage
	merveilles17_imp_GalantsMaures_1685	name169	Alabeze
	merveilles17_imp_GalantsMaures_1685	name170	Zegri
	merveilles17_imp_GalantsMaures_1685	name171	Gomel
	merveilles17_imp_GalantsMaures_1685	name172	Gazul
	merveilles17_imp_GalantsMaures_1685	name173	Almorady
	merveilles17_imp_GalantsMaures_1685	name174	Vanegue
	merveilles17_imp_GalantsMaures_1685	name175	Mace
	merveilles17_imp_GalantsMaures_1685	name176	Abenserrage
	merveilles17_imp_GalantsMaures_1685	name177	Alabeze
	merveilles17_imp_GalantsMaures_1685	name178	Zegri
	merveilles17_imp_GalantsMaures_1685	name179	Gomel
	merveilles17_imp_GalantsMaures_1685	name180	Gazul
	merveilles17_imp_GalantsMaures_1685	name181	Almorady
	merveilles17_imp_GalantsMaures_1685	name182	Vanegue
	merveilles17_imp_GalantsMaures_1685	name183	Mace
	merveilles17_imp_GalantsMaures_1685	name184	Abenserrage
	merveilles17_imp_GalantsMaures_1685	name185	Alabeze
	merveilles17_imp_GalantsMaures_1685	name186	Zegri
	merveilles17_imp_GalantsMaures_1685	name187	Gomel
	merveilles17_imp_GalantsMaures_1685	name188	Gazul
	merveilles17_imp_GalantsMaures_1685	name189	Almorady
	merveilles17_imp_GalantsMaures_1685	name190	Vanegue
	merveilles17_imp_GalantsMaures_1685	name191	Mace
	merveilles17_imp_GalantsMaures_1685	name192	Abenserrage
	merveilles17_imp_GalantsMaures_1685	name193	Alabeze
	merveilles17_imp_GalantsMaures_1685	name194	Zegri
	merveilles17_imp_GalantsMaures_1685	name195	Gomel
	merveilles17_imp_GalantsMaures_1685	name196	Gazul
	merveilles17_imp_GalantsMaures_1685	name197	Almorady
	merveilles17_imp_GalantsMaures_1685	name198	Vanegue
	merveilles17_imp_GalantsMaures_1685	name199	Mace
	merveilles17_imp_GalantsMaures_1685	name200	Abenserrage
	merveilles17_imp_GalantsMaures_1685	name201	Alabeze
	merveilles17_imp_GalantsMaures_1685	name202	Zegri
	merveilles17_imp_GalantsMaures_1685	name203	Gomel
	merveilles17_imp_GalantsMaures_1685	name204	Gazul
	merveilles17_imp_GalantsMaures_1685	name205	Amorady
	merveilles17_imp_GalantsMaures_1685	name206	Vanegue
	merveilles17_imp_GalantsMaures_1685	name207	Mace
	merveilles17_imp_GalantsMaures_1685	name208	Abenserrage
	merveilles17_imp_GalantsMaures_1685	name209	Alabeze
	merveilles17_imp_GalantsMaures_1685	name210	Zegri
	merveilles17_imp_GalantsMaures_1685	name211	Gomel
	merveilles17_imp_GalantsMaures_1685	name212	Gazul
	merveilles17_imp_GalantsMaures_1685	name213	Almorady
	merveilles17_imp_GalantsMaures_1685	name214	Vanegue
	merveilles17_imp_GalantsMaures_1685	name215	Mace
	merveilles17_imp_GalantsMaures_1685	name216	Abenserrage
	merveilles17_imp_GalantsMaures_1685	name217	Alabeze
	merveilles17_imp_GalantsMaures_1685	name218	Zegri
	merveilles17_imp_GalantsMaures_1685	name219	Gomel
	merveilles17_imp_GalantsMaures_1685	name220	Gazul
	merveilles17_imp_GalantsMaures_1685	name221	Almorady
	merveilles17_imp_GalantsMaures_1685	name222	Vanegue
	merveilles17_imp_GalantsMaures_1685	name223	Mace
	merveilles17_imp_GalantsMaures_1685	name224	Abenserrage
	merveilles17_imp_GalantsMaures_1685	name225	Alabeze
	merveilles17_imp_GalantsMaures_1685	name226	Zegri
	merveilles17_imp_GalantsMaures_1685	name227	Gomel
	merveilles17_imp_GalantsMaures_1685	name228	Gazul
	merveilles17_imp_GalantsMaures_1685	name229	Almorady
	merveilles17_imp_GalantsMaures_1685	name230	Vanegue
	merveilles17_imp_GalantsMaures_1685	name231	Mace
	merveilles17_imp_GalantsMaures_1685	name232	Meduse
	merveilles17_imp_GalantsMaures_1685	name233	Meduse
	merveilles17_imp_GalantsMaures_1685	name234	Jupiter.
	merveilles17_imp_GalantsMaures_1685	name235	Lion de Nemée.
pallas	merveilles17_imp_amoursdballard1664	name3	Pallas
grace	merveilles17_imp_amoursdballard1664	name4	Graces
plaisir	merveilles17_imp_amoursdballard1664	name5	Plaisirs
venus	merveilles17_imp_amoursdballard1664	name6	Venus
mercure	merveilles17_imp_amoursdballard1664	name7	Mercure
venus	merveilles17_imp_amoursdballard1664	name8	Venus
pallas	merveilles17_imp_amoursdballard1664	name9	Pallas
mercure	merveilles17_imp_amoursdballard1664	name10	Mercure
mercure	merveilles17_imp_amoursdballard1664	name11	Mercure
pallas	merveilles17_imp_amoursdballard1664	name12	Pallas
venus	merveilles17_imp_amoursdballard1664	name13	Venus
pallas	merveilles17_imp_amoursdballard1664	name14	Pallas
venus	merveilles17_imp_amoursdballard1664	name15	Venus
pallas	merveilles17_imp_amoursdballard1664	name16	PALLAS
venus	merveilles17_imp_amoursdballard1664	name17	VENVS
mercure	merveilles17_imp_amoursdballard1664	name18	MERCVRE
mercure	merveilles17_imp_amoursdballard1664	name19	MERCVRE.
mercure	merveilles17_imp_amoursdballard1664	name20	VENVS.
pallas	merveilles17_imp_amoursdballard1664	name21	PALLAS.
venus	merveilles17_imp_amoursdballard1664	name22	VENVS.
pallas	merveilles17_imp_amoursdballard1664	name23	PALLAS.
venus	merveilles17_imp_amoursdballard1664	name24	VENVS.
pallas	merveilles17_imp_amoursdballard1664	name25	PALLAS.
venus	merveilles17_imp_amoursdballard1664	name26	VENVS.
pallas	merveilles17_imp_amoursdballard1664	name27	PALLAS.
venus	merveilles17_imp_amoursdballard1664	name28	VENVS.
pallas	merveilles17_imp_amoursdballard1664	name29	PALLAS.
venus	merveilles17_imp_amoursdballard1664	name30	VENVS.
pallas	merveilles17_imp_amoursdballard1664	name31	PALLAS.
venus	merveilles17_imp_amoursdballard1664	name32	VENVS.
pallas	merveilles17_imp_amoursdballard1664	name33	PALLAS.
venus	merveilles17_imp_amoursdballard1664	name34	VENVS.
mercure	merveilles17_imp_amoursdballard1664	name35	MERCVRE.
pallas	merveilles17_imp_amoursdballard1664	name36	PALLAS.
venus	merveilles17_imp_amoursdballard1664	name37	VENVS.
pallas	merveilles17_imp_amoursdballard1664	name38	PALLAS.
venus	merveilles17_imp_amoursdballard1664	name39	VENVS.
mercure	merveilles17_imp_amoursdballard1664	name40	MERCVRE
pallas	merveilles17_imp_amoursdballard1664	name41	PALLAS.
venus	merveilles17_imp_amoursdballard1664	name42	VENVS.
mercure	merveilles17_imp_amoursdballard1664	name43	MERCVRE.
venus	merveilles17_imp_amoursdballard1664	name44	VENVS.
pallas	merveilles17_imp_amoursdballard1664	name45	PALLAS.
venus	merveilles17_imp_amoursdballard1664	name46	VENVS.
pallas	merveilles17_imp_amoursdballard1664	name47	PALLAS.
mercure	merveilles17_imp_amoursdballard1664	name48	MERCVRE.
venus	merveilles17_imp_amoursdballard1664	name49	VENVS.
mercure	merveilles17_imp_amoursdballard1664	name50	MERCVRE.
venus	merveilles17_imp_amoursdballard1664	name51	VENVS.
mercure	merveilles17_imp_amoursdballard1664	name52	MERCVRE.
venus	merveilles17_imp_amoursdballard1664	name53	VENVS.
mercure	merveilles17_imp_amoursdballard1664	name54	MERCVRE.
venus	merveilles17_imp_amoursdballard1664	name55	VENVS.
mercure	merveilles17_imp_amoursdballard1664	name56	MERCVRE.
venus	merveilles17_imp_amoursdballard1664	name57	VENVS.
amour_deguise	merveilles17_imp_amoursdballard1664	name58	Amours déguisez en Forgerons
venus	merveilles17_imp_amoursdballard1664	name59	Venus
marc_antoine	merveilles17_imp_amoursdballard1664	name60	Marc-Antoine
cleopatre	merveilles17_imp_amoursdballard1664	name61	Cleopatre
mercure	merveilles17_imp_amoursdballard1664	name62	Mercure
amour_deguise	merveilles17_imp_amoursdballard1664	name63	Amours déguisez
gouverneur_egypte	merveilles17_imp_amoursdballard1664	name64	le Gouuerneur d’Egypte
cleopatre	merveilles17_imp_amoursdballard1664	name65	leur Reyne
gouverneur_egypte	merveilles17_imp_amoursdballard1664	name66	Le Gouuerneur d’Egypte
gouvernante	merveilles17_imp_amoursdballard1664	name67	La Gouuernante
homme	merveilles17_imp_amoursdballard1664	name68	Hommes
femme	merveilles17_imp_amoursdballard1664	name69	Femmes
gouverneur_egypte	merveilles17_imp_amoursdballard1664	name70	Gouuerneur d’Egypte
marc_antoine	merveilles17_imp_amoursdballard1664	name71	Marc-Antoine
cleopatre	merveilles17_imp_amoursdballard1664	name72	Cleopatre
marc_antoine	merveilles17_imp_amoursdballard1664	name73	Marc-Antoine
cleopatre	merveilles17_imp_amoursdballard1664	name74	Cleopatre
esclave	merveilles17_imp_amoursdballard1664	name75	Esclaues
marc_antoine	merveilles17_imp_amoursdballard1664	name76	MARC-ANTOINE.
cleopatre	merveilles17_imp_amoursdballard1664	name77	CLEOPATRE.
marc_antoine	merveilles17_imp_amoursdballard1664	name78	MARC-ANTOINE.
cleopatre	merveilles17_imp_amoursdballard1664	name79	CLEOPATRE.
marc_antoine	merveilles17_imp_amoursdballard1664	name80	MARC-ANTOINE.
cleopatre	merveilles17_imp_amoursdballard1664	name81	CLEOPATRE
marc_antoine	merveilles17_imp_amoursdballard1664	name82	MARC-ANTOINE
marc_antoine	merveilles17_imp_amoursdballard1664	name83	MARC-ANTOINE.
cleopatre	merveilles17_imp_amoursdballard1664	name84	CLEOPATRE.
marc_antoine	merveilles17_imp_amoursdballard1664	name85	MARC-ANTOINE.
cleopatre	merveilles17_imp_amoursdballard1664	name86	CLEOPATRE.
marc_antoine	merveilles17_imp_amoursdballard1664	name87	MARC-ANTOINE.
marc_antoine	merveilles17_imp_amoursdballard1664	name88	MARC-ANTOINE
cleopatre	merveilles17_imp_amoursdballard1664	name89	CLEOPATRE
amour_deguise	merveilles17_imp_amoursdballard1664	name90	Les Amours déguisez en Rameurs
amour_deguise	merveilles17_imp_amoursdballard1664	name91	Amours déguisez en Rameurs.
venus	merveilles17_imp_amoursdballard1664	name92	Venus
mercure	merveilles17_imp_amoursdballard1664	name93	Mercure
proserpine	merveilles17_imp_amoursdballard1664	name94	Proserpine
pluton	merveilles17_imp_amoursdballard1664	name95	Pluton
proserpine	merveilles17_imp_amoursdballard1664	name96	Proserpine
proserpine	merveilles17_imp_amoursdballard1664	name97	Ses Compagnes
proserpine	merveilles17_imp_amoursdballard1664	name98	PROSERPINE
amour_deguise	merveilles17_imp_amoursdballard1664	name99	Amours deguisez
proserpine	merveilles17_imp_amoursdballard1664	name100	Proserpines
amour_deguise	merveilles17_imp_amoursdballard1664	name101	Amour déguisé
amour_deguise	merveilles17_imp_amoursdballard1664	name102	Amour déguisé
amour_deguise	merveilles17_imp_amoursdballard1664	name103	Amour déguisé
amour_deguise	merveilles17_imp_amoursdballard1664	name104	Amour déguisé
amour_deguise	merveilles17_imp_amoursdballard1664	name105	Amour déguisé
amour_deguise	merveilles17_imp_amoursdballard1664	name106	Amour déguisé
amour_deguise	merveilles17_imp_amoursdballard1664	name107	Amour déguisé
amour_deguise	merveilles17_imp_amoursdballard1664	name108	Amour déguisé
amour_deguise	merveilles17_imp_amoursdballard1664	name109	Amours
proserpine	merveilles17_imp_amoursdballard1664	name110	Proserpine
amour_deguise	merveilles17_imp_amoursdballard1664	name111	Amours déguisez en Iardiniers de Cerés
jardinier	merveilles17_imp_amoursdballard1664	name112	Iardinier
jardinier	merveilles17_imp_amoursdballard1664	name113	Iardinier
jardinier	merveilles17_imp_amoursdballard1664	name114	Iardinier
jardinier	merveilles17_imp_amoursdballard1664	name115	Iardinier
pluton	merveilles17_imp_amoursdballard1664	name116	Pluton
nymphe	merveilles17_imp_amoursdballard1664	name117	Nymphe
venus	merveilles17_imp_amoursdballard1664	name118	Venus
mercure	merveilles17_imp_amoursdballard1664	name119	Mercure
demon	merveilles17_imp_amoursdballard1664	name120	les Demons
proserpine	merveilles17_imp_amoursdballard1664	name121	Proserpine
pluton	merveilles17_imp_amoursdballard1664	name122	Pluton
demon	merveilles17_imp_amoursdballard1664	name123	Demons
pluton	merveilles17_imp_amoursdballard1664	name124	Pluton
demon	merveilles17_imp_amoursdballard1664	name125	Demon
demon	merveilles17_imp_amoursdballard1664	name126	vn Demon
demon	merveilles17_imp_amoursdballard1664	name127	Demon
berger	merveilles17_imp_amoursdballard1664	name128	Bergers
renaud	merveilles17_imp_amoursdballard1664	name129	Regnaut
gloire	merveilles17_imp_amoursdballard1664	name130	Gloire
chevalier	merveilles17_imp_amoursdballard1664	name131	les deux bons Cheualiers
renaud	merveilles17_imp_amoursdballard1664	name132	Regnaut
chevalier	merveilles17_imp_amoursdballard1664	name133	Cheualiers
renaud	merveilles17_imp_amoursdballard1664	name134	Regnaut
gloire	merveilles17_imp_amoursdballard1664	name135	La Gloire
renommee	merveilles17_imp_amoursdballard1664	name136	la Renommée
gloire	merveilles17_imp_amoursdballard1664	name137	la Gloire
flore	merveilles17_imp_amoursdballard1664	name138	Flore
nymphe	merveilles17_imp_amoursdballard1664	name139	Nymphes
amour_deguise	merveilles17_imp_amoursdballard1664	name140	Amours déguisez
flore	merveilles17_imp_amoursdballard1664	name141	Flore
nymphe	merveilles17_imp_amoursdballard1664	name142	Nymphes
flore	merveilles17_imp_amoursdballard1664	name143	Flore
armide	merveilles17_imp_amoursdballard1664	name144	Armide
amours	merveilles17_imp_amoursdballard1664	name145	les Amours
armide	merveilles17_imp_amoursdballard1664	name146	Armide
amours	merveilles17_imp_amoursdballard1664	name147	de petits Amours
amours	merveilles17_imp_amoursdballard1664	name148	petits Amours
amours	merveilles17_imp_amoursdballard1664	name149	Garçons
amours	merveilles17_imp_amoursdballard1664	name150	Filles
amours	merveilles17_imp_amoursdballard1664	name151	les petits Amours
sauvage	merveilles17_imp_amoursdballard1664	name152	Des Sauuages de la Colchide
sauvage	merveilles17_imp_amoursdballard1664	name153	Sauuages
sauvage	merveilles17_imp_amoursdballard1664	name154	Sauuage
venus	merveilles17_imp_amoursdballard1664	name155	Venus
isiphile	merveilles17_imp_amoursdballard1664	name156	Isiphile
dieu_marin	merveilles17_imp_amoursdballard1664	name157	Dieux Marins
dieu_marin	merveilles17_imp_amoursdballard1664	name158	Dieu Marin
dieu_marin	merveilles17_imp_amoursdballard1664	name159	Dieux Marins
nymphe	merveilles17_imp_amoursdballard1664	name160	Nymphes Maritimes
dieu_marin	merveilles17_imp_amoursdballard1664	name161	Dieu Marin
amour_deguise	merveilles17_imp_amoursdballard1664	name162	Amour déguisé en Dieu Marin
amour_deguise	merveilles17_imp_amoursdballard1664	name163	Amour déguisé en Dieu Marin
amour_deguise	merveilles17_imp_amoursdballard1664	name164	Amour déguisé en Nymphe Maritime
amour_deguise	merveilles17_imp_amoursdballard1664	name165	Amour déguisé en Nymphe Maritime
amour_deguise	merveilles17_imp_amoursdballard1664	name166	Amour déguisé en Nymphe Maritime
amour_deguise	merveilles17_imp_amoursdballard1664	name167	Amour déguisé en Nymphe Maritime
venus	merveilles17_imp_amoursdballard1664	name168	Venus
mercure	merveilles17_imp_amoursdballard1664	name169	Mercure
amours	merveilles17_imp_amoursdballard1664	name170	Amours
menelas	merveilles17_imp_amoursdballard1664	name171	Menelaüs
helene	merveilles17_imp_amoursdballard1664	name172	Elene
agamemnon	merveilles17_imp_amoursdballard1664	name173	Agamemnon
grec	merveilles17_imp_amoursdballard1664	name174	Grecs
troyen	merveilles17_imp_amoursdballard1664	name175	Troyens
agamemnon	merveilles17_imp_amoursdballard1664	name176	Agamemnon
troyen	merveilles17_imp_amoursdballard1664	name177	les Troyens battus
junon	merveilles17_imp_amoursdballard1664	name178	Iunon
paris	merveilles17_imp_amoursdballard1664	name179	Pâris
junon	merveilles17_imp_amoursdballard1664	name180	IVNON
soldat	merveilles17_imp_amoursdballard1664	name181	quatre Soldats
goujat	merveilles17_imp_amoursdballard1664	name182	quatre Goujats
goujat	merveilles17_imp_amoursdballard1664	name183	Goujats
soldat	merveilles17_imp_amoursdballard1664	name184	Soldats
goujat	merveilles17_imp_amoursdballard1664	name185	Goujat
troyen	merveilles17_imp_amoursdballard1664	name186	Troyens
priam	merveilles17_imp_amoursdballard1664	name187	Priam
	merveilles17_imp_artsballard1663	name2	Bergers
	merveilles17_imp_artsballard1663	name3	Bergeres
	merveilles17_imp_artsballard1663	name4	Félicité
	merveilles17_imp_artsballard1663	name5	Paix
	merveilles17_imp_artsballard1663	name6	Paix
	merveilles17_imp_artsballard1663	name7	Félicité
	merveilles17_imp_artsballard1663	name8	Félicité
	merveilles17_imp_artsballard1663	name9	Paix
	merveilles17_imp_artsballard1663	name10	Bergers
	merveilles17_imp_artsballard1663	name11	Bergeres
	merveilles17_imp_artsballard1663	name12	Bergers
	merveilles17_imp_artsballard1663	name13	Bergeres
	merveilles17_imp_artsballard1663	name14	Berger
	merveilles17_imp_artsballard1663	name15	Bergere
	merveilles17_imp_artsballard1663	name16	Bergere
	merveilles17_imp_artsballard1663	name17	Bergere
	merveilles17_imp_artsballard1663	name18	Bergere
	merveilles17_imp_artsballard1663	name19	Berger
	merveilles17_imp_artsballard1663	name20	Thetis
	merveilles17_imp_artsballard1663	name21	Chef de Corsaires
	merveilles17_imp_artsballard1663	name22	qua-
	merveilles17_imp_artsballard1663	name23	tre Pyrates
	merveilles17_imp_artsballard1663	name24	Thetis
	merveilles17_imp_artsballard1663	name25	Corsaire
	merveilles17_imp_artsballard1663	name26	quatre Pyrates
	merveilles17_imp_artsballard1663	name27	Corsaire
	merveilles17_imp_artsballard1663	name28	Pyrates
	merveilles17_imp_artsballard1663	name29	Corsaire
	merveilles17_imp_artsballard1663	name30	Ivnon
	merveilles17_imp_artsballard1663	name31	quatre Courtisans
	merveilles17_imp_artsballard1663	name32	IVNON
	merveilles17_imp_artsballard1663	name33	Courstisans
	merveilles17_imp_artsballard1663	name34	Courstisan
	merveilles17_imp_artsballard1663	name35	Courtisan
	merveilles17_imp_artsballard1663	name36	Zeuxis
	merveilles17_imp_artsballard1663	name37	Apelle
	merveilles17_imp_artsballard1663	name38	Quatre
	merveilles17_imp_artsballard1663	name39	Peintres
	merveilles17_imp_artsballard1663	name40	Valets
	merveilles17_imp_artsballard1663	name41	quatre Dames
	merveilles17_imp_artsballard1663	name42	Apelle
	merveilles17_imp_artsballard1663	name43	Zevxis
	merveilles17_imp_artsballard1663	name44	Peintres
	merveilles17_imp_artsballard1663	name45	Dames
	merveilles17_imp_artsballard1663	name46	Valets
	merveilles17_imp_artsballard1663	name47	Monsieur Cabou
	merveilles17_imp_artsballard1663	name48	Sieur Doliuet
	merveilles17_imp_artsballard1663	name49	Peintres
	merveilles17_imp_artsballard1663	name50	Diane
	merveilles17_imp_artsballard1663	name51	Ce-
	merveilles17_imp_artsballard1663	name52	phale
	merveilles17_imp_artsballard1663	name53	six autres Chasseurs
	merveilles17_imp_artsballard1663	name54	DIANE
	merveilles17_imp_artsballard1663	name55	Chasseurs
	merveilles17_imp_artsballard1663	name56	Céphale
	merveilles17_imp_artsballard1663	name57	Chasseurs
	merveilles17_imp_artsballard1663	name58	Cephale
	merveilles17_imp_artsballard1663	name59	Chasseur
	merveilles17_imp_artsballard1663	name60	Chasseur
	merveilles17_imp_artsballard1663	name61	Chasseur
	merveilles17_imp_artsballard1663	name62	Esculape
	merveilles17_imp_artsballard1663	name63	quelques vieux Docteurs
	merveilles17_imp_artsballard1663	name64	Plusieurs Estropiez
	merveilles17_imp_artsballard1663	name65	Chi- rurgien
	merveilles17_imp_artsballard1663	name66	ESCVLAPE
	merveilles17_imp_artsballard1663	name67	Vn Chirurgien
	merveilles17_imp_artsballard1663	name68	quatre Docteurs
	merveilles17_imp_artsballard1663	name69	huit
	merveilles17_imp_artsballard1663	name70	Estropiez
	merveilles17_imp_artsballard1663	name71	Chirurgien
	merveilles17_imp_artsballard1663	name72	Docteurs
	merveilles17_imp_artsballard1663	name73	Estropiez
	merveilles17_imp_artsballard1663	name74	Chirurgien
	merveilles17_imp_artsballard1663	name75	Mars
	merveilles17_imp_artsballard1663	name76	Bellonne
	merveilles17_imp_artsballard1663	name77	Pallas
	merveilles17_imp_artsballard1663	name78	quatre char- mantes Amazones
	merveilles17_imp_artsballard1663	name79	Mars
	merveilles17_imp_artsballard1663	name80	Bel- lonne
	merveilles17_imp_artsballard1663	name81	MARS
	merveilles17_imp_artsballard1663	name82	BELLONE
	merveilles17_imp_artsballard1663	name83	Bellone
	merveilles17_imp_artsballard1663	name84	Mars
	merveilles17_imp_artsballard1663	name85	Vertus
	merveilles17_imp_artsballard1663	name86	Pallas
	merveilles17_imp_artsballard1663	name87	Amazones
	merveilles17_imp_artsballard1663	name88	Pallas
	merveilles17_imp_artsballard1663	name89	Amazones
	merveilles17_imp_artsballard1663	name90	Pallas
	merveilles17_imp_artsballard1663	name91	Amazone
	merveilles17_imp_artsballard1663	name92	Amazone
	merveilles17_imp_artsballard1663	name93	Amazone
	merveilles17_imp_artsballard1663	name94	Amazone
	merveilles17_imp_artsballard1663	name95	Amazones
	merveilles17_imp_artsballard1663	name96	Pallas
	merveilles17_imp_artsballard1663	name97	Fidélité
	merveilles17_imp_artsballard1663	name98	Beauté
	merveilles17_imp_artsballard1663	name99	Force
	merveilles17_imp_artsballard1663	name100	Prudence
	merveilles17_imp_artsballard1663	name101	Chasteté
	merveilles17_imp_artsballard1663	name102	Constance
	merveilles17_imp_artsballard1663	name103	Fidélité
homere	merveilles17_imp_ctb-perrault1670	name5	Homere
achille	merveilles17_imp_ctb-perrault1670	name6	Achille
virgile	merveilles17_imp_ctb-perrault1670	name7	le Poëte Latin
enee	merveilles17_imp_ctb-perrault1670	name8	Enée
turnus	merveilles17_imp_ctb-perrault1670	name9	Turnus
marechal_de_camp	merveilles17_imp_ctb-perrault1670	name10	Mareschal de Camp general
romain	merveilles17_imp_ctb-perrault1670	name11	Romains
romain	merveilles17_imp_ctb-perrault1670	name12	Chef
persan	merveilles17_imp_ctb-perrault1670	name13	Chef
turc	merveilles17_imp_ctb-perrault1670	name14	Chef
indien	merveilles17_imp_ctb-perrault1670	name15	Indiens
sauvage	merveilles17_imp_ctb-perrault1670	name16	Sauvages de l’Amerique
guerre	merveilles17_imp_ctb-perrault1670	name17	la Guerre
paix	merveilles17_imp_ctb-perrault1670	name18	la Paix
juge_camp	merveilles17_imp_ctb-perrault1670	name19	Iuges de Camp
marechal_de_camp	merveilles17_imp_ctb-perrault1670	name20	le Mareschal de Camp General
aide-camp	merveilles17_imp_ctb-perrault1670	name21	Aide de Camp
marechal_de_camp	merveilles17_imp_ctb-perrault1670	name22	Mareschal de Camp de la Quadrille du Roy
romain	merveilles17_imp_ctb-perrault1670	name23	Romaine
marechal_de_camp	merveilles17_imp_ctb-perrault1670	name24	Mareschal de Camp
persan	merveilles17_imp_ctb-perrault1670	name25	Persane
marechal_de_camp	merveilles17_imp_ctb-perrault1670	name26	Mareschal de Camp
turc	merveilles17_imp_ctb-perrault1670	name27	Turque
indien	merveilles17_imp_ctb-perrault1670	name28	l’Indienne
marechal_de_camp	merveilles17_imp_ctb-perrault1670	name29	Mareschal
marechal_de_camp	merveilles17_imp_ctb-perrault1670	name30	Mareschal de Camp
sauvage	merveilles17_imp_ctb-perrault1670	name31	un Sauvage de l’Amerique
marechal_de_camp	merveilles17_imp_ctb-perrault1670	name32	le Mareschal de Camp general
romain	merveilles17_imp_ctb-perrault1670	name33	les Licteurs ou Huissiers Romains
romain	merveilles17_imp_ctb-perrault1670	name34	Romaine
faune	merveilles17_imp_ctb-perrault1670	name35	douze Faunes
romain	merveilles17_imp_ctb-perrault1670	name36	Romaine
persan	merveilles17_imp_ctb-perrault1670	name37	Persienne
turc	merveilles17_imp_ctb-perrault1670	name38	Turcs
indien	merveilles17_imp_ctb-perrault1670	name39	Indienne
satyre	merveilles17_imp_ctb-perrault1670	name40	Satyres
faune	merveilles17_imp_ctb-perrault1670	name41	Faunes
sauvage	merveilles17_imp_ctb-perrault1670	name42	Sauvages
satyre	merveilles17_imp_ctb-perrault1670	name43	Satyres
romain	merveilles17_imp_ctb-perrault1670	name44	Romains
romain	merveilles17_imp_ctb-perrault1670	name45	ROMAINS
romain	merveilles17_imp_ctb-perrault1670	name46	Romains
romain	merveilles17_imp_ctb-perrault1670	name47	ROMAINS
romain	merveilles17_imp_ctb-perrault1670	name48	Romains
romain	merveilles17_imp_ctb-perrault1670	name49	ROMAINS
romain	merveilles17_imp_ctb-perrault1670	name50	Romains
romain	merveilles17_imp_ctb-perrault1670	name51	ROMAINS
romain	merveilles17_imp_ctb-perrault1670	name52	Romains
romain	merveilles17_imp_ctb-perrault1670	name53	ROMAINS
romain	merveilles17_imp_ctb-perrault1670	name54	Romain
romain	merveilles17_imp_ctb-perrault1670	name55	ROMAIN
romain	merveilles17_imp_ctb-perrault1670	name56	Romain
romain	merveilles17_imp_ctb-perrault1670	name57	ROMAIN
romain	merveilles17_imp_ctb-perrault1670	name58	Romain
Jules_Cesar	merveilles17_imp_ctb-perrault1670	name59	Iules Cesar
jupiter	merveilles17_imp_ctb-perrault1670	name60	Iupiter
persan	merveilles17_imp_ctb-perrault1670	name61	Persans
persan	merveilles17_imp_ctb-perrault1670	name62	PERSANS
persan	merveilles17_imp_ctb-perrault1670	name63	Persans
persan	merveilles17_imp_ctb-perrault1670	name64	PERSANS
persan	merveilles17_imp_ctb-perrault1670	name65	Persans
persan	merveilles17_imp_ctb-perrault1670	name66	PERSANS
persan	merveilles17_imp_ctb-perrault1670	name67	Persan
persan	merveilles17_imp_ctb-perrault1670	name68	PERSAN
persan	merveilles17_imp_ctb-perrault1670	name69	ROY DE PERSE
persan	merveilles17_imp_ctb-perrault1670	name70	Roy de Perse
turc	merveilles17_imp_ctb-perrault1670	name71	Turcs
turc	merveilles17_imp_ctb-perrault1670	name72	TVRCS
turc	merveilles17_imp_ctb-perrault1670	name73	Turcs
turc	merveilles17_imp_ctb-perrault1670	name74	TVRCS
turc	merveilles17_imp_ctb-perrault1670	name75	Turcs
turc	merveilles17_imp_ctb-perrault1670	name76	TVRCS
turc	merveilles17_imp_ctb-perrault1670	name77	Turc
turc	merveilles17_imp_ctb-perrault1670	name78	TVRC
turc	merveilles17_imp_ctb-perrault1670	name79	Turcs
turc	merveilles17_imp_ctb-perrault1670	name80	EMPEREUR DES TVRCS
aurore	merveilles17_imp_ctb-perrault1670	name81	l’Aurore
cephale	merveilles17_imp_ctb-perrault1670	name82	Cephale
cephale	merveilles17_imp_ctb-perrault1670	name83	Cephale
hercule	merveilles17_imp_ctb-perrault1670	name84	Hercule
indien	merveilles17_imp_ctb-perrault1670	name85	Indiens
indien	merveilles17_imp_ctb-perrault1670	name86	INDIENS
indien	merveilles17_imp_ctb-perrault1670	name87	Indiens
indien	merveilles17_imp_ctb-perrault1670	name88	INDIENS
indien	merveilles17_imp_ctb-perrault1670	name89	Indiens
indien	merveilles17_imp_ctb-perrault1670	name90	INDIENS
indien	merveilles17_imp_ctb-perrault1670	name91	Indien
indien	merveilles17_imp_ctb-perrault1670	name92	INDIEN
indien	merveilles17_imp_ctb-perrault1670	name93	Indiens
indien	merveilles17_imp_ctb-perrault1670	name94	ROY DES INDES
mars	merveilles17_imp_ctb-perrault1670	name95	Mars
sauvage	merveilles17_imp_ctb-perrault1670	name96	Ameriquains
sauvage	merveilles17_imp_ctb-perrault1670	name97	AMERIQVAINS
maure	merveilles17_imp_ctb-perrault1670	name98	Maures
maure	merveilles17_imp_ctb-perrault1670	name99	MORES
sauvage	merveilles17_imp_ctb-perrault1670	name100	Amreiquains
sauvage	merveilles17_imp_ctb-perrault1670	name101	AMERIQVAINS
sauvage	merveilles17_imp_ctb-perrault1670	name102	Sauvages
satyre	merveilles17_imp_ctb-perrault1670	name103	Satyres
sauvage	merveilles17_imp_ctb-perrault1670	name104	Ameriquains
sauvage	merveilles17_imp_ctb-perrault1670	name105	AMERIQVAINS.
sauvage	merveilles17_imp_ctb-perrault1670	name106	Ameriquain
sauvage	merveilles17_imp_ctb-perrault1670	name107	AMERIQVAIN
sauvage	merveilles17_imp_ctb-perrault1670	name108	ROY AMERIQVAIN
turc	merveilles17_imp_ctb-perrault1670	name109	Turc
maure	merveilles17_imp_ctb-perrault1670	name110	More
meduse	merveilles17_imp_ctb-perrault1670	name111	Meduse
persee	merveilles17_imp_ctb-perrault1670	name112	Persée
amalthée	merveilles17_imp_dv-felibien1676	name4	Amalthée
hercule	merveilles17_imp_dv-felibien1676	name5	Hercule
hydre	merveilles17_imp_dv-felibien1676	name6	l’Hydre
apollon	merveilles17_imp_dv-felibien1676	name7	Apollon
serpent_python	merveilles17_imp_dv-felibien1676	name8	le serpent Python
apollon	merveilles17_imp_dv-felibien1676	name9	Apollon
nymphe	merveilles17_imp_dv-felibien1676	name10	Nymphes de Thétis
triton	merveilles17_imp_dv-felibien1676	name11	Tritons
berger	merveilles17_imp_dv-felibien1676	name12	une quantité Bergers du chœur de l’Amour
satyres	merveilles17_imp_dv-felibien1676	name13	plus de cinquante Satyres du chœur de Bacchus
apollon	merveilles17_imp_dv-felibien1676	name14	
apollon	merveilles17_imp_dv-felibien1676	name15	Apollon
hercule	merveilles17_imp_dv-felibien1676	name16	Hercule
captif	merveilles17_imp_dv-felibien1676	name17	deux Captifs
pallas	merveilles17_imp_dv-felibien1676	name18	une Femme
pallas	merveilles17_imp_dv-felibien1676	name19	Pallas
captif	merveilles17_imp_dv-felibien1676	name20	un autre Captif
enfant	merveilles17_imp_dv-felibien1676	name21	petits Enfans
hercule	merveilles17_imp_dv-felibien1676	name22	Hercule
pallas	merveilles17_imp_dv-felibien1676	name23	Pallas
captif	merveilles17_imp_dv-felibien1676	name24	les Captifs
renommee	merveilles17_imp_dv-felibien1676	name25	deux Renommées
dragon	merveilles17_imp_dv-felibien1676	name26	le Dragon
hercule	merveilles17_imp_dv-felibien1676	name27	Hercule
pallas	merveilles17_imp_dv-felibien1676	name28	Pallas
enfant	merveilles17_imp_dv-felibien1676	name29	Les Enfans
captif	merveilles17_imp_dv-felibien1676	name30	ces Captifs
renommee	merveilles17_imp_dv-felibien1676	name31	
neptune	merveilles17_imp_dv-felibien1676	name32	Neptune
minerve	merveilles17_imp_dv-felibien1676	name33	Minerve
neptune	merveilles17_imp_dv-felibien1676	name34	Neptune
apollon	merveilles17_imp_dv-felibien1676	name35	Apollon
douze_heures	merveilles17_imp_dv-felibien1676	name36	des heures
zephir	merveilles17_imp_dv-felibien1676	name37	Zephire
cloris	merveilles17_imp_dv-felibien1676	name38	Cloris
boree	merveilles17_imp_dv-felibien1676	name39	Borée
orythie	merveilles17_imp_dv-felibien1676	name40	Orithie
pallas	merveilles17_imp_gazette16640216	name5	Pallas
venus	merveilles17_imp_gazette16640216	name6	Vénus
vertus_arts	merveilles17_imp_gazette16640216	name7	Vertus & des Arts
graces_plaisirs	merveilles17_imp_gazette16640216	name8	Graces & des Plaisirs
mercure	merveilles17_imp_gazette16640216	name9	Mercure
venus	merveilles17_imp_gazette16640216	name10	Vénus
amour	merveilles17_imp_gazette16640216	name11	de huit Amours
marc_antoine	merveilles17_imp_gazette16640216	name12	Marc-Antoine
cleopatre	merveilles17_imp_gazette16640216	name13	Cléopatre
gouverneur_egypte	merveilles17_imp_gazette16640216	name14	Gouverneur d’Egypte
marc_antoine	merveilles17_imp_gazette16640216	name15	Marc- Antoine
cleopatre	merveilles17_imp_gazette16640216	name16	Cléopatre
amour_deguise	merveilles17_imp_gazette16640216	name17	Amours
amour	merveilles17_imp_gazette16640216	name18	Troupe d’Amours
proserpine	merveilles17_imp_gazette16640216	name19	Proserpine
pluton	merveilles17_imp_gazette16640216	name20	Pluton
proserpine	merveilles17_imp_gazette16640216	name21	ses Compagnes
proserpine	merveilles17_imp_gazette16640216	name22	Déesse
amour_deguise	merveilles17_imp_gazette16640216	name23	d’Amours
pluton	merveilles17_imp_gazette16640216	name24	Pluton
demon	merveilles17_imp_gazette16640216	name25	ses Démons
amour_deguise	merveilles17_imp_gazette16640216	name26	d’autres Amours
renaud	merveilles17_imp_gazette16640216	name27	Regnaut
amour_deguise	merveilles17_imp_gazette16640216	name28	Amours vestus
amour	merveilles17_imp_gazette16640216	name29	Bande de petits Amours
sauvage	merveilles17_imp_gazette16640216	name30	Sauvages de la Colchide
amante_jason	merveilles17_imp_gazette16640216	name31	Amante de Jason
amour_deguise	merveilles17_imp_gazette16640216	name32	Amours déguisez
dieu_marin	merveilles17_imp_gazette16640216	name33	Dieux Marins
amour_deguise	merveilles17_imp_gazette16640216	name34	Amours
agamemnon	merveilles17_imp_gazette16640216	name35	Agamemnon
junon	merveilles17_imp_gazette16640216	name36	Iunon
amour_deguise	merveilles17_imp_gazette16640216	name37	Amours
alcine	merveilles17_imp_gazette16640528	name3	Magicienne Alcine
arioste	merveilles17_imp_gazette16640528	name4	l’Arioste
chevalier	merveilles17_imp_gazette16640528	name5	Chevaliers
alcine	merveilles17_imp_gazette16640528	name6	Magicienne
demons	merveilles17_imp_gazette16640528	name7	Démons
amants_alcine	merveilles17_imp_gazette16640528	name8	Amans
alcine	merveilles17_imp_gazette16640528	name9	Alcine
chevalier	merveilles17_imp_gazette16640528	name10	Guerriers
apollon	merveilles17_imp_gazette16640528	name11	Apollon
chevalier	merveilles17_imp_gazette16640528	name12	Chevaliers
heraut_d_armes	merveilles17_imp_gazette16640528	name13	Héraut d’Armes
page	merveilles17_imp_gazette16640528	name14	trois Pages
roger	merveilles17_imp_gazette16640528	name15	Roger
guidon_le_sauvage	merveilles17_imp_gazette16640528	name16	Guidon le Sauvage
oger_le_danois	merveilles17_imp_gazette16640528	name17	Oger le Danois
guidon_le_sauvage	merveilles17_imp_gazette16640528	name18	Guidon le Sauvage
roger	merveilles17_imp_gazette16640528	name19	Roger
oger_le_danois	merveilles17_imp_gazette16640528	name20	Oger le Danois
aquilant	merveilles17_imp_gazette16640528	name21	Aquilant le Noir
griffon_le_blanc	merveilles17_imp_gazette16640528	name22	Griffon le Blanc
renaud	merveilles17_imp_gazette16640528	name23	Renaud
	merveilles17_imp_gazette16640528	name24	Dadon
astolphe	merveilles17_imp_gazette16640528	name25	Astolphe
brandimart	merveilles17_imp_gazette16640528	name26	Brandimart
richardet	merveilles17_imp_gazette16640528	name27	Richardet
olivier	merveilles17_imp_gazette16640528	name28	Olivier
ariodant	merveilles17_imp_gazette16640528	name29	Ariodant
zerbin	merveilles17_imp_gazette16640528	name30	Zerbin
roland	merveilles17_imp_gazette16640528	name31	Roland
apollon	merveilles17_imp_gazette16640528	name32	Apollon
quatre_saisons	merveilles17_imp_gazette16640528	name33	les quatre Saisons
apollon	merveilles17_imp_gazette16640528	name34	Le Dieu
quatre_siecles	merveilles17_imp_gazette16640528	name35	quatre Aages
le_temps	merveilles17_imp_gazette16640528	name36	Temps
douze_zodiaque	merveilles17_imp_gazette16640528	name37	12 Signes du Zodiaque
douze_heures	merveilles17_imp_gazette16640528	name38	12 Heures du Jour
page	merveilles17_imp_gazette16640528	name39	Pages des Chevaliers
berger	merveilles17_imp_gazette16640528	name40	20 Pasteurs
chevaliers	merveilles17_imp_gazette16640528	name41	Les Chevaliers
apollon	merveilles17_imp_gazette16640528	name42	Apollon
quatre_siecles	merveilles17_imp_gazette16640528	name43	4 Siécles
berger	merveilles17_imp_gazette16640528	name44	Pasteurs
chevalier	merveilles17_imp_gazette16640528	name45	Chevaliers
quatre_saisons	merveilles17_imp_gazette16640528	name46	4 Saisons
le_printemps	merveilles17_imp_gazette16640528	name47	Printemps
l_ete	merveilles17_imp_gazette16640528	name48	l’Eté
l_automne	merveilles17_imp_gazette16640528	name49	l’Automne
l_hiver	merveilles17_imp_gazette16640528	name50	l’Hyver
jardinier	merveilles17_imp_gazette16640528	name51	12 Jardiniers
vieillard	merveilles17_imp_gazette16640528	name52	autant de Moissonneurs
vendangeur	merveilles17_imp_gazette16640528	name53	pareil nombre de Vandangeurs
vieillard	merveilles17_imp_gazette16640528	name54	12 Vieillards
quatre_saisons	merveilles17_imp_gazette16640528	name55	Les Saisons
diane	merveilles17_imp_gazette16640528	name56	Diane
pan	merveilles17_imp_gazette16640528	name57	Pan
page	merveilles17_imp_gazette16640528	name58	18 Pages
pan	merveilles17_imp_gazette16640528	name59	Pan
diane	merveilles17_imp_gazette16640528	name60	Diane
alcine	merveilles17_imp_gazette16640528	name61	Magicienne Alcine
alcine	merveilles17_imp_gazette16640528	name62	deux de ses Compagnes
monstres	merveilles17_imp_gazette16640528	name63	Monstre marin
nymphe	merveilles17_imp_gazette16640528	name64	deux Nymphes
roger	merveilles17_imp_gazette16640528	name65	Roger
geant	merveilles17_imp_gazette16640528	name66	six Géans
nain	merveilles17_imp_gazette16640528	name67	4 Nains
maure	merveilles17_imp_gazette16640528	name68	8 Maures
chevalier	merveilles17_imp_gazette16640528	name69	six des Chevaliers
monstres	merveilles17_imp_gazette16640528	name70	autant de Monstres
alcine	merveilles17_imp_gazette16640528	name71	Magicienne Alcine
demon	merveilles17_imp_gazette16640528	name72	ses Esprits
demon	merveilles17_imp_gazette16640528	name73	d’autres Démons
alcine	merveilles17_imp_gazette16640528	name74	Magicienne
roger	merveilles17_imp_gazette16640528	name75	Roger
chevalier	merveilles17_imp_gazette16640528	name76	des Chevaliers de sa Süite
melisse	merveilles17_imp_gazette16640528	name77	Mélisse
atlas	merveilles17_imp_gazette16640528	name78	Athlas
melisse	merveilles17_imp_gazette16640528	name79	Mélisse
	merveilles17_imp_gazette16800808	name2	la France
	merveilles17_imp_gazette16800808	name3	l'Empire
	merveilles17_imp_gazette16800808	name4	l'Espagne
	merveilles17_imp_gazette16800808	name5	la Süéde
berger	merveilles17_imp_gdv-felibien1668	name3	quatre Bergers
berger	merveilles17_imp_gdv-felibien1668	name4	quatre Bergers
berger	merveilles17_imp_gdv-felibien1668	name5	quatre Bergers
berger	merveilles17_imp_gdv-felibien1668	name6	quatre Bergers
berger	merveilles17_imp_gdv-felibien1668	name7	quatre autres Bergers
berger	merveilles17_imp_gdv-felibien1668	name8	quatre autres Bergers
berger	merveilles17_imp_gdv-felibien1668	name9	quatre autres Bergers
berger	merveilles17_imp_gdv-felibien1668	name10	quatre autres Bergers
berger	merveilles17_imp_gdv-felibien1668	name11	un riche Païsan
climene	merveilles17_imp_gdv-felibien1668	name12	Climene
cloris	merveilles17_imp_gdv-felibien1668	name13	Cloris
climene	merveilles17_imp_gdv-felibien1668	name14	deux Bergeres
cloris	merveilles17_imp_gdv-felibien1668	name15	deux Bergeres
tircis	merveilles17_imp_gdv-felibien1668	name16	Tircis
philene	merveilles17_imp_gdv-felibien1668	name17	Philene
tircis	merveilles17_imp_gdv-felibien1668	name18	Amans
philene	merveilles17_imp_gdv-felibien1668	name19	Amans
climene	merveilles17_imp_gdv-felibien1668	name20	deux Bergeres
cloris	merveilles17_imp_gdv-felibien1668	name21	deux Bergeres
cloris	merveilles17_imp_gdv-felibien1668	name22	Cloris.
climene	merveilles17_imp_gdv-felibien1668	name23	Climene.
tircis	merveilles17_imp_gdv-felibien1668	name24	Tircis
philene	merveilles17_imp_gdv-felibien1668	name25	Philene
climene	merveilles17_imp_gdv-felibien1668	name26	Climene
cloris	merveilles17_imp_gdv-felibien1668	name27	Cloris.
tircis	merveilles17_imp_gdv-felibien1668	name28	Les deux Bergers.
philene	merveilles17_imp_gdv-felibien1668	name29	Les deux Bergers.
climene	merveilles17_imp_gdv-felibien1668	name30	Les deux Bergeres.
cloris	merveilles17_imp_gdv-felibien1668	name31	Les deux Bergeres.
philene	merveilles17_imp_gdv-felibien1668	name32	Philene.
cloris	merveilles17_imp_gdv-felibien1668	name33	Cloris.
tircis	merveilles17_imp_gdv-felibien1668	name34	Tircis.
climene	merveilles17_imp_gdv-felibien1668	name35	Climene.
philene	merveilles17_imp_gdv-felibien1668	name36	Philene.
cloris	merveilles17_imp_gdv-felibien1668	name37	Cloris.
tircis	merveilles17_imp_gdv-felibien1668	name38	Les deux Bergers.
philene	merveilles17_imp_gdv-felibien1668	name39	Les deux Bergers.
climene	merveilles17_imp_gdv-felibien1668	name40	Les deux Bergeres.
cloris	merveilles17_imp_gdv-felibien1668	name41	Les deux Bergeres.
tircis	merveilles17_imp_gdv-felibien1668	name42	Les deux Bergers.
philene	merveilles17_imp_gdv-felibien1668	name43	Les deux Bergers.
climene	merveilles17_imp_gdv-felibien1668	name44	Les deux Bergeres.
cloris	merveilles17_imp_gdv-felibien1668	name45	Les deux Bergeres.
philene	merveilles17_imp_gdv-felibien1668	name46	Philene.
tircis	merveilles17_imp_gdv-felibien1668	name47	Tircis.
philene	merveilles17_imp_gdv-felibien1668	name48	Philene.
tircis	merveilles17_imp_gdv-felibien1668	name49	Tircis.
climene	merveilles17_imp_gdv-felibien1668	name50	Climene
cloris	merveilles17_imp_gdv-felibien1668	name51	Cloris
cloris	merveilles17_imp_gdv-felibien1668	name52	Cloris
climene	merveilles17_imp_gdv-felibien1668	name53	Climene
climene	merveilles17_imp_gdv-felibien1668	name54	Climene.
cloris	merveilles17_imp_gdv-felibien1668	name55	Cloris.
climene	merveilles17_imp_gdv-felibien1668	name56	Climene
philene	merveilles17_imp_gdv-felibien1668	name57	Philene
cloris	merveilles17_imp_gdv-felibien1668	name58	Cloris
tircis	merveilles17_imp_gdv-felibien1668	name59	Tircis
climene	merveilles17_imp_gdv-felibien1668	name60	Climene.
cloris	merveilles17_imp_gdv-felibien1668	name61	Cloris.
tircis	merveilles17_imp_gdv-felibien1668	name62	Tircis.
philene	merveilles17_imp_gdv-felibien1668	name63	Philene.
tircis	merveilles17_imp_gdv-felibien1668	name64	Tircis
philene	merveilles17_imp_gdv-felibien1668	name65	Philene
tircis	merveilles17_imp_gdv-felibien1668	name66	Bergers
philene	merveilles17_imp_gdv-felibien1668	name67	Bergers
berger	merveilles17_imp_gdv-felibien1668	name68	un riche Païsan
paysan_femme	merveilles17_imp_gdv-felibien1668	name69	la fille d’un Gentilhomme
paysan_femme	merveilles17_imp_gdv-felibien1668	name70	sa femme
paysan_beau_pere	merveilles17_imp_gdv-felibien1668	name71	son beau-pere
paysan_belle_mere	merveilles17_imp_gdv-felibien1668	name72	sa belle-mere
berger	merveilles17_imp_gdv-felibien1668	name73	gendre
berger	merveilles17_imp_gdv-felibien1668	name74	Paysan
bergere	merveilles17_imp_gdv-felibien1668	name75	Bergere
tircis	merveilles17_imp_gdv-felibien1668	name76	Bergers
philene	merveilles17_imp_gdv-felibien1668	name77	Bergers
cloris	merveilles17_imp_gdv-felibien1668	name78	Cloris
tircis	merveilles17_imp_gdv-felibien1668	name79	Amant
berger	merveilles17_imp_gdv-felibien1668	name80	Païsan
bergere	merveilles17_imp_gdv-felibien1668	name81	Bergere
tircis	merveilles17_imp_gdv-felibien1668	name82	Tircis
philene	merveilles17_imp_gdv-felibien1668	name83	Philene
battelier	merveilles17_imp_gdv-felibien1668	name84	Batteliers
battelier	merveilles17_imp_gdv-felibien1668	name85	Batteliers
battelier	merveilles17_imp_gdv-felibien1668	name86	Batteliers
battelier	merveilles17_imp_gdv-felibien1668	name87	Batteliers
battelier	merveilles17_imp_gdv-felibien1668	name88	Batteliers
battelier	merveilles17_imp_gdv-felibien1668	name89	Batteliers
berger	merveilles17_imp_gdv-felibien1668	name90	Le Païsan
battelier	merveilles17_imp_gdv-felibien1668	name91	Batteliers
battelier	merveilles17_imp_gdv-felibien1668	name92	Batteliers
battelier	merveilles17_imp_gdv-felibien1668	name93	Batteliers
battelier	merveilles17_imp_gdv-felibien1668	name94	Batteliers
battelier	merveilles17_imp_gdv-felibien1668	name95	Batteliers
battelier	merveilles17_imp_gdv-felibien1668	name96	Batteliers
berger	merveilles17_imp_gdv-felibien1668	name97	le Païsan
paysan_femme	merveilles17_imp_gdv-felibien1668	name98	femme
berger	merveilles17_imp_gdv-felibien1668	name99	Bergers
berger	merveilles17_imp_gdv-felibien1668	name100	Bergers
cloris	merveilles17_imp_gdv-felibien1668	name101	Cloris
cloris	merveilles17_imp_gdv-felibien1668	name102	Cloris.
berger	merveilles17_imp_gdv-felibien1668	name103	Bergers
berger	merveilles17_imp_gdv-felibien1668	name104	Bergers
berger	merveilles17_imp_gdv-felibien1668	name105	Bergers
berger	merveilles17_imp_gdv-felibien1668	name106	Bergers
berger	merveilles17_imp_gdv-felibien1668	name107	Bergers
berger	merveilles17_imp_gdv-felibien1668	name108	Bergers
berger	merveilles17_imp_gdv-felibien1668	name109	Bergers
berger	merveilles17_imp_gdv-felibien1668	name110	Bergers
bergere	merveilles17_imp_gdv-felibien1668	name111	Bergeres
bergere	merveilles17_imp_gdv-felibien1668	name112	Bergeres
bergere	merveilles17_imp_gdv-felibien1668	name113	Bergeres
bergere	merveilles17_imp_gdv-felibien1668	name114	Bergeres
bergere	merveilles17_imp_gdv-felibien1668	name115	Bergeres
bergere	merveilles17_imp_gdv-felibien1668	name116	Bergeres
bergere	merveilles17_imp_gdv-felibien1668	name117	Bergeres
bergere	merveilles17_imp_gdv-felibien1668	name118	Bergeres
climene	merveilles17_imp_gdv-felibien1668	name119	Climene
cloris	merveilles17_imp_gdv-felibien1668	name120	Cloris.
tircis	merveilles17_imp_gdv-felibien1668	name121	Tircis.
philene	merveilles17_imp_gdv-felibien1668	name122	Philene.
bacchus	merveilles17_imp_gdv-felibien1668	name123	la troupe de Bachus
satyre	merveilles17_imp_gdv-felibien1668	name124	Satyres
satyre	merveilles17_imp_gdv-felibien1668	name125	l’un d’eux
cloris	merveilles17_imp_gdv-felibien1668	name126	Cloris.
bacchus	merveilles17_imp_gdv-felibien1668	name127	Un suivant de Bachus.
berger	merveilles17_imp_gdv-felibien1668	name128	Un Berger
berger	merveilles17_imp_gdv-felibien1668	name129	Bergers
bergere	merveilles17_imp_gdv-felibien1668	name130	Bergeres
bacchus	merveilles17_imp_gdv-felibien1668	name131	suivans de Bachus
bacchus	merveilles17_imp_gdv-felibien1668	name132	suivans de Bachus
bacchus	merveilles17_imp_gdv-felibien1668	name133	suivans de Bachus
bacchus	merveilles17_imp_gdv-felibien1668	name134	suivans de Bachus
bacchantes	merveilles17_imp_gdv-felibien1668	name135	Bacchantes
bacchantes	merveilles17_imp_gdv-felibien1668	name136	Bacchantes
bacchantes	merveilles17_imp_gdv-felibien1668	name137	Bacchantes
bacchantes	merveilles17_imp_gdv-felibien1668	name138	Bacchantes
bacchantes	merveilles17_imp_gdv-felibien1668	name139	Bacchantes
bacchantes	merveilles17_imp_gdv-felibien1668	name140	Bacchantes
bacchantes	merveilles17_imp_gdv-felibien1668	name141	Bacchantes
bacchantes	merveilles17_imp_gdv-felibien1668	name142	Bacchantes
berger	merveilles17_imp_gdv-felibien1668	name143	Bergers
bergere	merveilles17_imp_gdv-felibien1668	name144	Bergeres
jaloux	merveilles17_imp_loret16640202	name3	Un Jaloux
mercure	merveilles17_imp_loret16640216	name3	Mercure
pallas	merveilles17_imp_loret16640216	name4	Pallas
venus	merveilles17_imp_loret16640216	name5	Venus
pallas	merveilles17_imp_loret16640216	name6	Pallas
venus	merveilles17_imp_loret16640216	name7	Venus
mercure	merveilles17_imp_loret16640216	name8	Mercure
	merveilles17_imp_loret16640216	name9	Mercure
	merveilles17_imp_loret16640216	name10	la Guerriére Pallas
	merveilles17_imp_loret16640216	name11	Mére des Amours
	merveilles17_imp_loret16640216	name12	Flore
quatre_siecles	merveilles17_imp_loret16640510	name3	quatre Ages
quatre_saisons	merveilles17_imp_loret16640510	name4	quatre Saizons
le_printemps	merveilles17_imp_loret16640510	name5	Le printemps
chevalier	merveilles17_imp_loret16640510	name6	Paladins
alcine	merveilles17_imp_loret16640510	name7	Alcine
sganarelle	merveilles17_imp_mariagefballard1664_001	name4	Sganarelle
geronimo	merveilles17_imp_mariagefballard1664_001	name5	Geronimo
dorimene	merveilles17_imp_mariagefballard1664_001	name6	Dorimene
alcantor	merveilles17_imp_mariagefballard1664_001	name7	Alcantor
lycante	merveilles17_imp_mariagefballard1664_001	name8	Lycante
premiere_bohemienne	merveilles17_imp_mariagefballard1664_001	name9	Premier Boësmienne
seconde_bohemienne	merveilles17_imp_mariagefballard1664_001	name10	Seconde Boësmienne
premier_docteur	merveilles17_imp_mariagefballard1664_001	name11	Premier Docteur
second_docteur	merveilles17_imp_mariagefballard1664_001	name12	Second Docteur
sganarelle	merveilles17_imp_mariagefballard1664_001	name13	SGanarelle
geronimo	merveilles17_imp_mariagefballard1664_001	name14	Seigneur Geronimo
sganarelle	merveilles17_imp_mariagefballard1664_001	name15	Sganarelle
dorimene	merveilles17_imp_mariagefballard1664_001	name16	Maitresse de Sganarelle
sganarelle	merveilles17_imp_mariagefballard1664_001	name17	Sganarelle
une_femme	merveilles17_imp_mariagefballard1664_001	name18	vne femme
jalousie	merveilles17_imp_mariagefballard1664_001	name19	La Ialousie
chagrins	merveilles17_imp_mariagefballard1664_001	name20	les Chagrins
chagrins	merveilles17_imp_mariagefballard1664_001	name21	les Chagrins
soupcons	merveilles17_imp_mariagefballard1664_001	name22	les Soupçons
soupcons	merveilles17_imp_mariagefballard1664_001	name23	les Soupçons
jalousie	merveilles17_imp_mariagefballard1664_001	name24	La Ialousie
chagrins	merveilles17_imp_mariagefballard1664_001	name25	Les chagrins
chagrins	merveilles17_imp_mariagefballard1664_001	name26	Les chagrins
soupcons	merveilles17_imp_mariagefballard1664_001	name27	Les soupçons
soupcons	merveilles17_imp_mariagefballard1664_001	name28	Les soupçons
plaisant	merveilles17_imp_mariagefballard1664_001	name29	Quatre Plaisans
plaisant	merveilles17_imp_mariagefballard1664_001	name30	Quatre Plaisans
plaisant	merveilles17_imp_mariagefballard1664_001	name31	Quatre Plaisans
plaisant	merveilles17_imp_mariagefballard1664_001	name32	Quatre Plaisans
plaisant	merveilles17_imp_mariagefballard1664_001	name33	Goguenars
geronimo	merveilles17_imp_mariagefballard1664_001	name34	Seigneur Geronimo
sganarelle	merveilles17_imp_mariagefballard1664_001	name35	Sganarelle
aristote	merveilles17_imp_mariagefballard1664_001	name36	Aristote
egyptien	merveilles17_imp_mariagefballard1664_001	name37	deux Egyptiens
egyptien	merveilles17_imp_mariagefballard1664_001	name38	deux Egyptiens
egyptienne	merveilles17_imp_mariagefballard1664_001	name39	quatre Egyptiennes
egyptienne	merveilles17_imp_mariagefballard1664_001	name40	quatre Egyptiennes
egyptienne	merveilles17_imp_mariagefballard1664_001	name41	quatre Egyptiennes
egyptienne	merveilles17_imp_mariagefballard1664_001	name42	quatre Egyptiennes
egyptien	merveilles17_imp_mariagefballard1664_001	name43	Deux Egyptiens
egyptien	merveilles17_imp_mariagefballard1664_001	name44	Deux Egyptiens
egyptienne	merveilles17_imp_mariagefballard1664_001	name45	quatre Egyptiennes
egyptienne	merveilles17_imp_mariagefballard1664_001	name46	quatre Egyptiennes
egyptienne	merveilles17_imp_mariagefballard1664_001	name47	quatre Egyptiennes
egyptienne	merveilles17_imp_mariagefballard1664_001	name48	quatre Egyptiennes
egyptien	merveilles17_imp_mariagefballard1664_001	name49	Deux Egyptiens
egyptien	merveilles17_imp_mariagefballard1664_001	name50	Deux Egyptiens
egyptienne	merveilles17_imp_mariagefballard1664_001	name51	Egyptiennes
egyptienne	merveilles17_imp_mariagefballard1664_001	name52	Egyptiennes
egyptienne	merveilles17_imp_mariagefballard1664_001	name53	Egyptiennes
egyptienne	merveilles17_imp_mariagefballard1664_001	name54	Egyptiennes
sganarelle	merveilles17_imp_mariagefballard1664_001	name55	Sganarelle
premiere_bohemienne	merveilles17_imp_mariagefballard1664_001	name56	deux Boësmiennes
seconde_bohemienne	merveilles17_imp_mariagefballard1664_001	name57	deux Boësmiennes
magicien	merveilles17_imp_mariagefballard1664_001	name58	vn Magicien
magicien	merveilles17_imp_mariagefballard1664_001	name59	Vn Magicien
demon	merveilles17_imp_mariagefballard1664_001	name60	quatre Demons
demon	merveilles17_imp_mariagefballard1664_001	name61	quatre Demons
demon	merveilles17_imp_mariagefballard1664_001	name62	quatre Demons
demon	merveilles17_imp_mariagefballard1664_001	name63	quatre Demons
magicien	merveilles17_imp_mariagefballard1664_001	name64	Le Magicien
demon	merveilles17_imp_mariagefballard1664_001	name65	Quatre Demons
demon	merveilles17_imp_mariagefballard1664_001	name66	Quatre Demons
demon	merveilles17_imp_mariagefballard1664_001	name67	Quatre Demons
demon	merveilles17_imp_mariagefballard1664_001	name68	Quatre Demons
sganarelle	merveilles17_imp_mariagefballard1664_001	name69	SGanarelle
sganarelle	merveilles17_imp_mariagefballard1664_001	name70	SGanarelle
sganarelle	merveilles17_imp_mariagefballard1664_001	name71	Sganarelle
sganarelle	merveilles17_imp_mariagefballard1664_001	name72	Sganarelle
sganarelle	merveilles17_imp_mariagefballard1664_001	name73	SGanarelle
maitre_danse	merveilles17_imp_mariagefballard1664_001	name74	Vn Maistre à danser
sganarelle	merveilles17_imp_mariagefballard1664_001	name75	Sganarelle
geronimo	merveilles17_imp_mariagefballard1664_001	name76	Seigneur Geronimo
espagnol	merveilles17_imp_mariagefballard1664_001	name77	Deux Espagnols
espagnol	merveilles17_imp_mariagefballard1664_001	name78	Deux Espagnols
espagnole	merveilles17_imp_mariagefballard1664_001	name79	deux Espagnoles
espagnole	merveilles17_imp_mariagefballard1664_001	name80	deux Espagnoles
espagnol	merveilles17_imp_mariagefballard1664_001	name81	Espagnols
espagnol	merveilles17_imp_mariagefballard1664_001	name82	Espagnols
espagnole	merveilles17_imp_mariagefballard1664_001	name83	Espagnolles
espagnole	merveilles17_imp_mariagefballard1664_001	name84	Espagnolles
galant	merveilles17_imp_mariagefballard1664_001	name85	Quatre Gallands
galant	merveilles17_imp_mariagefballard1664_001	name86	Quatre Gallands
galant	merveilles17_imp_mariagefballard1664_001	name87	Quatre Gallands
galant	merveilles17_imp_mariagefballard1664_001	name88	Quatre Gallands
alcine	merveilles17_imp_pie-ballard1	name4	Alcine
roger	merveilles17_imp_pie-ballard1	name5	Roger
chevalier	merveilles17_imp_pie-ballard1	name6	Cheualliers
demon	merveilles17_imp_pie-ballard1	name7	Demons
demon	merveilles17_imp_pie-ballard1	name8	Demons
geant	merveilles17_imp_pie-ballard1	name9	Geants
chevalier	merveilles17_imp_pie-ballard1	name10	Guerriers
apollon	merveilles17_imp_pie-ballard1	name11	Apollon
alcine	merveilles17_imp_pie-ballard1	name12	Magicienne
chevalier	merveilles17_imp_pie-ballard1	name13	Cheualliers
chevalier	merveilles17_imp_pie-ballard1	name14	Guerriers
heraut_d_armes	merveilles17_imp_pie-ballard1	name15	Heraut d’Armes
page_du_roi	merveilles17_imp_pie-ballard1	name16	Page de Roger
guidon_le_sauvage	merveilles17_imp_pie-ballard1	name17	Guidon le Sauuage
oger_le_danois	merveilles17_imp_pie-ballard1	name18	Oger le Danois
guidon_le_sauvage	merveilles17_imp_pie-ballard1	name19	Guidon le Sauuage
guidon_le_sauvage	merveilles17_imp_pie-ballard1	name20	Guidon le Sauuage
chevalier	merveilles17_imp_pie-ballard1	name21	Guerriers
chevalier	merveilles17_imp_pie-ballard1	name22	dix Guerriers
roger	merveilles17_imp_pie-ballard1	name23	Roger
roger	merveilles17_imp_pie-ballard1	name24	Roger
roger	merveilles17_imp_pie-ballard1	name25	ROGER
oger_le_danois	merveilles17_imp_pie-ballard1	name26	Oger le Danois
oger_le_danois	merveilles17_imp_pie-ballard1	name27	Oger le Danois
oger_le_danois	merveilles17_imp_pie-ballard1	name28	CE Paladin
aquilant	merveilles17_imp_pie-ballard1	name29	Aquilant le noir
aquilant	merveilles17_imp_pie-ballard1	name30	Aquilant le Noir
griffon_le_blanc	merveilles17_imp_pie-ballard1	name31	Griffon le blanc
griffon_le_blanc	merveilles17_imp_pie-ballard1	name32	Griffon le Blanc
renaud	merveilles17_imp_pie-ballard1	name33	Renaud
renaud	merveilles17_imp_pie-ballard1	name34	Renaud
dudon	merveilles17_imp_pie-ballard1	name35	Dudon
dudon	merveilles17_imp_pie-ballard1	name36	Dudon
roger	merveilles17_imp_pie-ballard1	name37	ROGER
astolphe	merveilles17_imp_pie-ballard1	name38	Astolphe
astolphe	merveilles17_imp_pie-ballard1	name39	Astolphe
brandimart	merveilles17_imp_pie-ballard1	name40	Brandimart
brandimart	merveilles17_imp_pie-ballard1	name41	Brandimart
richardet	merveilles17_imp_pie-ballard1	name42	Richardet
richardet	merveilles17_imp_pie-ballard1	name43	Richardet
olivier	merveilles17_imp_pie-ballard1	name44	Oliuier
geant	merveilles17_imp_pie-ballard1	name45	Geants
olivier	merveilles17_imp_pie-ballard1	name46	Cheualier
ariodant	merveilles17_imp_pie-ballard1	name47	Ariodant
ariodant	merveilles17_imp_pie-ballard1	name48	Ariodant
zerbin	merveilles17_imp_pie-ballard1	name49	Zerbin
zerbin	merveilles17_imp_pie-ballard1	name50	Zerbin
roland	merveilles17_imp_pie-ballard1	name51	Roland
roland	merveilles17_imp_pie-ballard1	name52	Roland
roland	merveilles17_imp_pie-ballard1	name53	ROland
charlemagne	merveilles17_imp_pie-ballard1	name54	Charlemagne
apollon	merveilles17_imp_pie-ballard1	name55	APollon
le_temps	merveilles17_imp_pie-ballard1	name56	le Temps
le_siecle_d_airain	merveilles17_imp_pie-ballard1	name57	les quatre Siecles
le_siecle_d_or	merveilles17_imp_pie-ballard1	name58	les quatre Siecles
le_siecle_d_argent	merveilles17_imp_pie-ballard1	name59	les quatre Siecles
le_siecle_de_fer	merveilles17_imp_pie-ballard1	name60	les quatre Siecles
douze_heures	merveilles17_imp_pie-ballard1	name61	des douze heures du jour
douze_heures	merveilles17_imp_pie-ballard1	name62	des douze heures du jour
douze_heures	merveilles17_imp_pie-ballard1	name63	des douze heures du jour
douze_heures	merveilles17_imp_pie-ballard1	name64	des douze heures du jour
douze_heures	merveilles17_imp_pie-ballard1	name65	des douze heures du jour
douze_heures	merveilles17_imp_pie-ballard1	name66	des douze heures du jour
douze_heures	merveilles17_imp_pie-ballard1	name67	des douze heures du jour
douze_heures	merveilles17_imp_pie-ballard1	name68	des douze heures du jour
douze_heures	merveilles17_imp_pie-ballard1	name69	des douze heures du jour
douze_heures	merveilles17_imp_pie-ballard1	name70	des douze heures du jour
douze_heures	merveilles17_imp_pie-ballard1	name71	des douze heures du jour
douze_heures	merveilles17_imp_pie-ballard1	name72	des douze heures du jour
douze_zodiaque	merveilles17_imp_pie-ballard1	name73	des douze Signes du Zodiaque
douze_zodiaque	merveilles17_imp_pie-ballard1	name74	des douze Signes du Zodiaque
douze_zodiaque	merveilles17_imp_pie-ballard1	name75	des douze Signes du Zodiaque
douze_zodiaque	merveilles17_imp_pie-ballard1	name76	des douze Signes du Zodiaque
douze_zodiaque	merveilles17_imp_pie-ballard1	name77	des douze Signes du Zodiaque
douze_zodiaque	merveilles17_imp_pie-ballard1	name78	des douze Signes du Zodiaque
douze_zodiaque	merveilles17_imp_pie-ballard1	name79	des douze Signes du Zodiaque
douze_zodiaque	merveilles17_imp_pie-ballard1	name80	des douze Signes du Zodiaque
douze_zodiaque	merveilles17_imp_pie-ballard1	name81	des douze Signes du Zodiaque
douze_zodiaque	merveilles17_imp_pie-ballard1	name82	des douze Signes du Zodiaque
douze_zodiaque	merveilles17_imp_pie-ballard1	name83	des douze Signes du Zodiaque
douze_zodiaque	merveilles17_imp_pie-ballard1	name84	des douze Signes du Zodiaque
page_du_roi	merveilles17_imp_pie-ballard1	name85	Les Pages des Cheualiers
page	merveilles17_imp_pie-ballard1	name86	Les Pages des Cheualiers
page	merveilles17_imp_pie-ballard1	name87	Les Pages des Cheualiers
page	merveilles17_imp_pie-ballard1	name88	Les Pages des Cheualiers
page	merveilles17_imp_pie-ballard1	name89	Les Pages des Cheualiers
page	merveilles17_imp_pie-ballard1	name90	Les Pages des Cheualiers
page	merveilles17_imp_pie-ballard1	name91	Les Pages des Cheualiers
page	merveilles17_imp_pie-ballard1	name92	Les Pages des Cheualiers
page	merveilles17_imp_pie-ballard1	name93	Les Pages des Cheualiers
page	merveilles17_imp_pie-ballard1	name94	Les Pages des Cheualiers
page	merveilles17_imp_pie-ballard1	name95	Les Pages des Cheualiers
page	merveilles17_imp_pie-ballard1	name96	Les Pages des Cheualiers
berger	merveilles17_imp_pie-ballard1	name97	Vingt Pasteurs
berger	merveilles17_imp_pie-ballard1	name98	Vingt Pasteurs
berger	merveilles17_imp_pie-ballard1	name99	Vingt Pasteurs
berger	merveilles17_imp_pie-ballard1	name100	Vingt Pasteurs
berger	merveilles17_imp_pie-ballard1	name101	Vingt Pasteurs
berger	merveilles17_imp_pie-ballard1	name102	Vingt Pasteurs
berger	merveilles17_imp_pie-ballard1	name103	Vingt Pasteurs
berger	merveilles17_imp_pie-ballard1	name104	Vingt Pasteurs
berger	merveilles17_imp_pie-ballard1	name105	Vingt Pasteurs
berger	merveilles17_imp_pie-ballard1	name106	Vingt Pasteurs
berger	merveilles17_imp_pie-ballard1	name107	Vingt Pasteurs
berger	merveilles17_imp_pie-ballard1	name108	Vingt Pasteurs
berger	merveilles17_imp_pie-ballard1	name109	Vingt Pasteurs
berger	merveilles17_imp_pie-ballard1	name110	Vingt Pasteurs
berger	merveilles17_imp_pie-ballard1	name111	Vingt Pasteurs
berger	merveilles17_imp_pie-ballard1	name112	Vingt Pasteurs
berger	merveilles17_imp_pie-ballard1	name113	Vingt Pasteurs
berger	merveilles17_imp_pie-ballard1	name114	Vingt Pasteurs
apollon	merveilles17_imp_pie-ballard1	name115	Apollon
le_siecle_d_airain	merveilles17_imp_pie-ballard1	name116	les quatre Siecles
le_siecle_d_or	merveilles17_imp_pie-ballard1	name117	les quatre Siecles
le_siecle_d_argent	merveilles17_imp_pie-ballard1	name118	les quatre Siecles
le_siecle_de_fer	merveilles17_imp_pie-ballard1	name119	les quatre Siecles
le_siecle_d_airain	merveilles17_imp_pie-ballard1	name120	LE SIECLE D’AIRAIN
apollon	merveilles17_imp_pie-ballard1	name121	Apollon
apollon	merveilles17_imp_pie-ballard1	name122	APOLLON
charles_quint	merveilles17_imp_pie-ballard1	name123	Charles-Quint
charlemagne	merveilles17_imp_pie-ballard1	name124	Charle-magne
le_siecle_d_argent	merveilles17_imp_pie-ballard1	name125	LE SIECLE D'ARGENT
le_siecle_d_or	merveilles17_imp_pie-ballard1	name126	LE SIECLE D'OR
le_siecle_de_fer	merveilles17_imp_pie-ballard1	name127	LE SIECLE DE FER
apollon	merveilles17_imp_pie-ballard1	name128	APOLLON
chevaliers	merveilles17_imp_pie-ballard1	name129	Guerriers
apollon	merveilles17_imp_pie-ballard1	name130	APOLLON
le_temps	merveilles17_imp_pie-ballard1	name131	LE TEMPS
apollon	merveilles17_imp_pie-ballard1	name132	Apollon
le_siecle_d_airain	merveilles17_imp_pie-ballard1	name133	Siecle d’Airain
le_siecle_d_or	merveilles17_imp_pie-ballard1	name134	Siecle d’Or
le_siecle_d_argent	merveilles17_imp_pie-ballard1	name135	Siecle d’Argent
le_siecle_de_fer	merveilles17_imp_pie-ballard1	name136	Siecle de Fer
apollon	merveilles17_imp_pie-ballard1	name137	Apollon
le_siecle_d_airain	merveilles17_imp_pie-ballard1	name138	des Siecles
le_siecle_d_or	merveilles17_imp_pie-ballard1	name139	des Siecles
le_siecle_d_argent	merveilles17_imp_pie-ballard1	name140	des Siecles
le_siecle_de_fer	merveilles17_imp_pie-ballard1	name141	des Siecles
le_siecle_d_airain	merveilles17_imp_pie-ballard1	name142	les quatre Saison
le_siecle_d_or	merveilles17_imp_pie-ballard1	name143	les quatre Saison
le_siecle_d_argent	merveilles17_imp_pie-ballard1	name144	les quatre Saison
le_siecle_de_fer	merveilles17_imp_pie-ballard1	name145	les quatre Saison
le_printemps	merveilles17_imp_pie-ballard1	name146	LE PRINTEMPS
l_ete	merveilles17_imp_pie-ballard1	name147	L’ESTE
l_automne	merveilles17_imp_pie-ballard1	name148	L’AVTUOMNE
l_hiver	merveilles17_imp_pie-ballard1	name149	L’HYVER
quatre_saisons	merveilles17_imp_pie-ballard1	name150	Quarante-huit personnes de la suitte des Saisons
jardiniers	merveilles17_imp_pie-ballard1	name151	Douze Iardiniers
moissonneur	merveilles17_imp_pie-ballard1	name152	douze Moissonneurs
vandangeurs	merveilles17_imp_pie-ballard1	name153	douze Vandangeurs
vieillard	merveilles17_imp_pie-ballard1	name154	douze Vieillards
pan	merveilles17_imp_pie-ballard1	name155	Pan
diane	merveilles17_imp_pie-ballard1	name156	Diane
pan	merveilles17_imp_pie-ballard1	name157	quatorze personnes de leur suitte
diane	merveilles17_imp_pie-ballard1	name158	quatorze personnes de leur suitte
pan	merveilles17_imp_pie-ballard1	name159	PAN
diane	merveilles17_imp_pie-ballard1	name160	DIANE
pan	merveilles17_imp_pie-ballard1	name161	Vingt-quatre de la suitte de Pan & de Diane
diane	merveilles17_imp_pie-ballard1	name162	Vingt-quatre de la suitte de Pan & de Diane
page	merveilles17_imp_pie-ballard1	name163	Dix-huit Pages
le_siecle_d_airain	merveilles17_imp_pie-ballard1	name164	les quatre Saisons
le_siecle_d_or	merveilles17_imp_pie-ballard1	name165	les quatre Saisons
le_siecle_d_argent	merveilles17_imp_pie-ballard1	name166	les quatre Saisons
le_siecle_de_fer	merveilles17_imp_pie-ballard1	name167	les quatre Saisons
pan	merveilles17_imp_pie-ballard1	name168	Pan
diane	merveilles17_imp_pie-ballard1	name169	Diane
le_printemps	merveilles17_imp_pie-ballard1	name170	LE PRINTEMPS
l_ete	merveilles17_imp_pie-ballard1	name171	L’ESTÉ
chevalier	merveilles17_imp_pie-ballard1	name172	Guerriers
l_automne	merveilles17_imp_pie-ballard1	name173	L'AVTOMNE
le_printemps	merveilles17_imp_pie-ballard1	name174	Le Printemps
l_hiver	merveilles17_imp_pie-ballard1	name175	L'HYVER
diane	merveilles17_imp_pie-ballard1	name176	DIANE
pan	merveilles17_imp_pie-ballard1	name177	PAN
le_printemps	merveilles17_imp_pie-ballard1	name178	LE PRINTEMPS
l_ete	merveilles17_imp_pie-ballard1	name179	L’ESTÉ
l_automne	merveilles17_imp_pie-ballard1	name180	L’AVTOMNE
l_hiver	merveilles17_imp_pie-ballard1	name181	L’HYVER
pan	merveilles17_imp_pie-ballard1	name182	Pan
diane	merveilles17_imp_pie-ballard1	name183	Diane
diane	merveilles17_imp_pie-ballard1	name184	Diane
pan	merveilles17_imp_pie-ballard1	name185	Pan
pan	merveilles17_imp_pie-ballard1	name186	Pan
abondance	merveilles17_imp_pie-ballard1	name187	l’Abondance
joie	merveilles17_imp_pie-ballard1	name188	la Ioye
proprete	merveilles17_imp_pie-ballard1	name189	la Propretré
bonne_chere	merveilles17_imp_pie-ballard1	name190	la bonne-chere
roger	merveilles17_imp_pie-ballard1	name191	Roger
chevalier	merveilles17_imp_pie-ballard1	name192	Guerriers
alcine	merveilles17_imp_pie-ballard1	name193	Magicienne
chevalier	merveilles17_imp_pie-ballard1	name194	Cheualliers
iphitas	merveilles17_imp_pie-ballard1	name195	Prince
princesse_d_elide	merveilles17_imp_pie-ballard1	name196	vne Fille
iphitas	merveilles17_imp_pie-ballard1	name197	Le Prince d’Elide
princesse_d_elide	merveilles17_imp_pie-ballard1	name198	La Princesse d’Elide
aglante	merveilles17_imp_pie-ballard1	name199	ses parents
cinthie	merveilles17_imp_pie-ballard1	name200	ses parents
philis	merveilles17_imp_pie-ballard1	name201	Philis
euriale	merveilles17_imp_pie-ballard1	name202	Le Prince d’Ithaque
aristomene	merveilles17_imp_pie-ballard1	name203	Le Prince de Messene
theocle	merveilles17_imp_pie-ballard1	name204	Le Prince de Pyle
arbate	merveilles17_imp_pie-ballard1	name205	Arbale Gouuerneur du Prince d’Ithaque
moron	merveilles17_imp_pie-ballard1	name206	Moron
lycas	merveilles17_imp_pie-ballard1	name207	Lycas
page	merveilles17_imp_pie-ballard1	name208	deux petits Pages
l_aurore	merveilles17_imp_pie-ballard1	name209	L’AVRORE
l_aurore	merveilles17_imp_pie-ballard1	name210	Aurore
valets_de_chien	merveilles17_imp_pie-ballard1	name211	Quatre Valets de Chiens
valet_de_chien	merveilles17_imp_pie-ballard1	name212	Quatre Valets de Chiens
valet_de_chien	merveilles17_imp_pie-ballard1	name213	Quatre Valets de Chiens
valet_de_chien	merveilles17_imp_pie-ballard1	name214	Quatre Valets de Chiens
valet_de_chien	merveilles17_imp_pie-ballard1	name215	Six autres Valets de Chiens
valet_de_chien	merveilles17_imp_pie-ballard1	name216	Six autres Valets de Chiens
valet_de_chien	merveilles17_imp_pie-ballard1	name217	Six autres Valets de Chiens
valets_de_chien	merveilles17_imp_pie-ballard1	name218	Six autres Valets de Chiens
valet_de_chien	merveilles17_imp_pie-ballard1	name219	Six autres Valets de Chiens
valet_de_chien	merveilles17_imp_pie-ballard1	name220	Six autres Valets de Chiens
ours	merveilles17_imp_pie-ballard1	name221	Deux Ours
ours	merveilles17_imp_pie-ballard1	name222	Deux Ours
berger	merveilles17_imp_pie-ballard1	name223	Huict Paysans
berger	merveilles17_imp_pie-ballard1	name224	Huict Paysans
berger	merveilles17_imp_pie-ballard1	name225	Huict Paysans
berger	merveilles17_imp_pie-ballard1	name226	Huict Paysans
berger	merveilles17_imp_pie-ballard1	name227	Huict Paysans
berger	merveilles17_imp_pie-ballard1	name228	Huict Paysans
berger	merveilles17_imp_pie-ballard1	name229	Huict Paysans
berger	merveilles17_imp_pie-ballard1	name230	Huict Paysans
satyre	merveilles17_imp_pie-ballard1	name231	Vn Satyre
berger	merveilles17_imp_pie-ballard1	name232	Deux Pastres
berger	merveilles17_imp_pie-ballard1	name233	Deux Pastres
bergere	merveilles17_imp_pie-ballard1	name234	Deux Bergeres
bergere	merveilles17_imp_pie-ballard1	name235	Deux Bergeres
berger	merveilles17_imp_pie-ballard1	name236	Deux Bergers
berger	merveilles17_imp_pie-ballard1	name237	Deux Bergers
faunes	merveilles17_imp_pie-ballard1	name238	Seize Faunes
berger	merveilles17_imp_pie-ballard1	name239	Quatre Bergers
berger	merveilles17_imp_pie-ballard1	name240	Quatre Bergers
berger	merveilles17_imp_pie-ballard1	name241	Quatre Bergers
berger	merveilles17_imp_pie-ballard1	name242	Quatre Bergers
bergere	merveilles17_imp_pie-ballard1	name243	quatre Bergeres
bergere	merveilles17_imp_pie-ballard1	name244	quatre Bergeres
bergere	merveilles17_imp_pie-ballard1	name245	quatre Bergeres
bergere	merveilles17_imp_pie-ballard1	name246	quatre Bergeres
berger	merveilles17_imp_pie-ballard1	name247	Bergers
berger	merveilles17_imp_pie-ballard1	name248	Bergers
berger	merveilles17_imp_pie-ballard1	name249	Bergers
berger	merveilles17_imp_pie-ballard1	name250	Bergers
bergere	merveilles17_imp_pie-ballard1	name251	Bergeres
bergere	merveilles17_imp_pie-ballard1	name252	Bergeres
bergere	merveilles17_imp_pie-ballard1	name253	Bergeres
bergere	merveilles17_imp_pie-ballard1	name254	Bergeres
chevalier	merveilles17_imp_pie-ballard1	name255	Guerriers
alcine	merveilles17_imp_pie-ballard1	name256	Alcine
alcine	merveilles17_imp_pie-ballard1	name257	Magicienne
celie	merveilles17_imp_pie-ballard1	name258	deux de ses Nymphes
dirce	merveilles17_imp_pie-ballard1	name259	deux de ses Nymphes
alcine	merveilles17_imp_pie-ballard1	name260	ALCINE
celie	merveilles17_imp_pie-ballard1	name261	CELIE
dirce	merveilles17_imp_pie-ballard1	name262	DIRCÉ
alcine	merveilles17_imp_pie-ballard1	name263	ALCINE
celie	merveilles17_imp_pie-ballard1	name264	CELIE
alcine	merveilles17_imp_pie-ballard1	name265	ALCINE
melisse	merveilles17_imp_pie-ballard1	name266	Melisse
bradamante	merveilles17_imp_pie-ballard1	name267	Bradamante
roger	merveilles17_imp_pie-ballard1	name268	Roger
celie	merveilles17_imp_pie-ballard1	name269	CELIE
melisse	merveilles17_imp_pie-ballard1	name270	Melisse
dirce	merveilles17_imp_pie-ballard1	name271	DIRCÉ
alcine	merveilles17_imp_pie-ballard1	name272	ALCINE
celie	merveilles17_imp_pie-ballard1	name273	CELIE
melisse	merveilles17_imp_pie-ballard1	name274	Melisse
alcine	merveilles17_imp_pie-ballard1	name275	ALCINE
dirce	merveilles17_imp_pie-ballard1	name276	DIRCÉ
alcine	merveilles17_imp_pie-ballard1	name277	ALCINE
gardes	merveilles17_imp_pie-ballard1	name278	Gardes du Palais
alcine	merveilles17_imp_pie-ballard1	name279	Alcine
celie	merveilles17_imp_pie-ballard1	name280	Celie
dirce	merveilles17_imp_pie-ballard1	name281	Dircé
geant	merveilles17_imp_pie-ballard1	name282	quatre Geants
geant	merveilles17_imp_pie-ballard1	name283	quatre Geants
geant	merveilles17_imp_pie-ballard1	name284	quatre Geants
geant	merveilles17_imp_pie-ballard1	name285	quatre Geants
geant	merveilles17_imp_pie-ballard1	name286	Quatre Geants
geant	merveilles17_imp_pie-ballard1	name287	Quatre Geants
geant	merveilles17_imp_pie-ballard1	name288	Quatre Geants
geant	merveilles17_imp_pie-ballard1	name289	Quatre Geants
nain	merveilles17_imp_pie-ballard1	name290	quatre Nains
nain	merveilles17_imp_pie-ballard1	name291	quatre Nains
nain	merveilles17_imp_pie-ballard1	name292	quatre Nains
geant	merveilles17_imp_pie-ballard1	name293	Geants
geant	merveilles17_imp_pie-ballard1	name294	Geants
geant	merveilles17_imp_pie-ballard1	name295	Geants
geant	merveilles17_imp_pie-ballard1	name296	Geants
nain	merveilles17_imp_pie-ballard1	name297	Nains
nain	merveilles17_imp_pie-ballard1	name298	Nains
nain	merveilles17_imp_pie-ballard1	name299	Nains
maure	merveilles17_imp_pie-ballard1	name300	HVit Maures
maure	merveilles17_imp_pie-ballard1	name301	HVit Maures
maure	merveilles17_imp_pie-ballard1	name302	HVit Maures
maure	merveilles17_imp_pie-ballard1	name303	HVit Maures
maure	merveilles17_imp_pie-ballard1	name304	HVit Maures
maure	merveilles17_imp_pie-ballard1	name305	HVit Maures
maure	merveilles17_imp_pie-ballard1	name306	HVit Maures
maure	merveilles17_imp_pie-ballard1	name307	HVit Maures
alcine	merveilles17_imp_pie-ballard1	name308	Alcine
maure	merveilles17_imp_pie-ballard1	name309	Maures
maure	merveilles17_imp_pie-ballard1	name310	Maures
maure	merveilles17_imp_pie-ballard1	name311	Maures
maure	merveilles17_imp_pie-ballard1	name312	Maures
maure	merveilles17_imp_pie-ballard1	name313	Maures
maure	merveilles17_imp_pie-ballard1	name314	Maures
maure	merveilles17_imp_pie-ballard1	name315	Maures
maure	merveilles17_imp_pie-ballard1	name316	Maures
chevalier	merveilles17_imp_pie-ballard1	name317	six des Cheualiers
chevalier	merveilles17_imp_pie-ballard1	name318	six des Cheualiers
chevalier	merveilles17_imp_pie-ballard1	name319	six des Cheualiers
chevalier	merveilles17_imp_pie-ballard1	name320	six des Cheualiers
chevalier	merveilles17_imp_pie-ballard1	name321	six des Cheualiers
chevalier	merveilles17_imp_pie-ballard1	name322	six des Cheualiers
alcine	merveilles17_imp_pie-ballard1	name323	Alcine
monstres	merveilles17_imp_pie-ballard1	name324	Monstres
monstres	merveilles17_imp_pie-ballard1	name325	Monstres
monstres	merveilles17_imp_pie-ballard1	name326	Monstres
monstres	merveilles17_imp_pie-ballard1	name327	Monstres
monstres	merveilles17_imp_pie-ballard1	name328	Monstres
monstres	merveilles17_imp_pie-ballard1	name329	Monstres
chevalier	merveilles17_imp_pie-ballard1	name330	Six Cheualiers
chevalier	merveilles17_imp_pie-ballard1	name331	Six Cheualiers
chevalier	merveilles17_imp_pie-ballard1	name332	Six Cheualiers
chevalier	merveilles17_imp_pie-ballard1	name333	Six Cheualiers
chevalier	merveilles17_imp_pie-ballard1	name334	Six Cheualiers
chevalier	merveilles17_imp_pie-ballard1	name335	Six Cheualiers
monstres	merveilles17_imp_pie-ballard1	name336	six Monstres
monstres	merveilles17_imp_pie-ballard1	name337	six Monstres
monstres	merveilles17_imp_pie-ballard1	name338	six Monstres
monstres	merveilles17_imp_pie-ballard1	name339	six Monstres
monstres	merveilles17_imp_pie-ballard1	name340	six Monstres
monstres	merveilles17_imp_pie-ballard1	name341	six Monstres
chevalier	merveilles17_imp_pie-ballard1	name342	Cheualiers
chevalier	merveilles17_imp_pie-ballard1	name343	Cheualiers
chevalier	merveilles17_imp_pie-ballard1	name344	Cheualiers
chevalier	merveilles17_imp_pie-ballard1	name345	Cheualiers
chevalier	merveilles17_imp_pie-ballard1	name346	Cheualiers
chevalier	merveilles17_imp_pie-ballard1	name347	Cheualiers
monstres	merveilles17_imp_pie-ballard1	name348	Monstres
monstres	merveilles17_imp_pie-ballard1	name349	Monstres
monstres	merveilles17_imp_pie-ballard1	name350	Monstres
monstres	merveilles17_imp_pie-ballard1	name351	Monstres
monstres	merveilles17_imp_pie-ballard1	name352	Monstres
monstres	merveilles17_imp_pie-ballard1	name353	Monstres
alcine	merveilles17_imp_pie-ballard1	name354	ALcine
demon	merveilles17_imp_pie-ballard1	name355	ses Esprits
demon	merveilles17_imp_pie-ballard1	name356	ses Esprits
demon	merveilles17_imp_pie-ballard1	name357	Demons agilles
demon	merveilles17_imp_pie-ballard1	name358	Demons agilles
demon	merveilles17_imp_pie-ballard1	name359	Demons
demon	merveilles17_imp_pie-ballard1	name360	Demons
demon	merveilles17_imp_pie-ballard1	name361	Demons
demon	merveilles17_imp_pie-ballard1	name362	Demons
alcine	merveilles17_imp_pie-ballard1	name363	Magicienne
demon	merveilles17_imp_pie-ballard1	name364	Demons Sauteurs
demon	merveilles17_imp_pie-ballard1	name365	Demons Sauteurs
demon	merveilles17_imp_pie-ballard1	name366	Demons Sauteurs
demon	merveilles17_imp_pie-ballard1	name367	Demons Sauteurs
roger	merveilles17_imp_pie-ballard1	name368	Roger
chevalier	merveilles17_imp_pie-ballard1	name369	Cheualiers
chevalier	merveilles17_imp_pie-ballard1	name370	Cheualiers
chevalier	merveilles17_imp_pie-ballard1	name371	Cheualiers
chevalier	merveilles17_imp_pie-ballard1	name372	Cheualiers
melisse	merveilles17_imp_pie-ballard1	name373	Melisse
atlas	merveilles17_imp_pie-ballard1	name374	Atlas
melisse	merveilles17_imp_pie-ballard1	name375	Melisse
roger	merveilles17_imp_pie-ballard1	name376	Cheualier
alcine	merveilles17_imp_pie-ballard1	name377	Alcine
melisse	merveilles17_imp_pie-ballard1	name378	Melisse
roger	merveilles17_imp_pie-ballard1	name379	Roger.
chevalier	merveilles17_imp_pie-ballard1	name380	Cheualiers
chevalier	merveilles17_imp_pie-ballard1	name381	Cheualiers
chevalier	merveilles17_imp_pie-ballard1	name382	Cheualiers
chevalier	merveilles17_imp_pie-ballard1	name383	Cheualiers
ecuyers	merveilles17_imp_pie-ballard1	name384	Escuyers
ecuyers	merveilles17_imp_pie-ballard1	name385	Escuyers
ecuyers	merveilles17_imp_pie-ballard1	name386	Escuyers
ecuyers	merveilles17_imp_pie-ballard1	name387	Escuyers
heraut_d_armes	merveilles17_imp_pie-ballard1	name388	VN HERAVT D’ARMES
page_du_roi	merveilles17_imp_pie-ballard1	name389	Page
page	merveilles17_imp_pie-ballard1	name390	Page
page	merveilles17_imp_pie-ballard1	name391	Page
marechal_camp	merveilles17_imp_pie-ballard1	name392	Vn Mareschal de Camp
guidon_le_sauvage	merveilles17_imp_pie-ballard1	name393	Guidon le Sauuage
roger	merveilles17_imp_pie-ballard1	name394	Roger
juge_course	merveilles17_imp_pie-ballard1	name395	Vn Iuge des Courses
oger_le_danois	merveilles17_imp_pie-ballard1	name396	Oger le Danois
roland	merveilles17_imp_pie-ballard1	name397	Cheualiers
aquilant	merveilles17_imp_pie-ballard1	name398	Cheualiers
griffon_le_blanc	merveilles17_imp_pie-ballard1	name399	Cheualiers
renaud	merveilles17_imp_pie-ballard1	name400	Cheualiers
dudon	merveilles17_imp_pie-ballard1	name401	Cheualiers
astolphe	merveilles17_imp_pie-ballard1	name402	Cheualiers
olivier	merveilles17_imp_pie-ballard1	name403	Cheualiers
richardet	merveilles17_imp_pie-ballard1	name404	Cheualiers
ariodant	merveilles17_imp_pie-ballard1	name405	Cheualiers
zerbin	merveilles17_imp_pie-ballard1	name406	Cheualiers
roland	merveilles17_imp_pie-ballard1	name407	Roland
aquilant	merveilles17_imp_pie-ballard1	name408	Aquilant le noir
griffon_le_blanc	merveilles17_imp_pie-ballard1	name409	Griffon le blanc
renaud	merveilles17_imp_pie-ballard1	name410	Renaut
dudon	merveilles17_imp_pie-ballard1	name411	Dudon
astolphe	merveilles17_imp_pie-ballard1	name412	Astolphe
olivier	merveilles17_imp_pie-ballard1	name413	Oliuier
richardet	merveilles17_imp_pie-ballard1	name414	Richardet
ariodant	merveilles17_imp_pie-ballard1	name415	Ariodant
zerbin	merveilles17_imp_pie-ballard1	name416	Zerbin
apollon	merveilles17_imp_pie-ballard1	name417	APOLLON
le_temps	merveilles17_imp_pie-ballard1	name418	LE TEMPS
zerbin	merveilles17_imp_pie-ballard1	name419	Apollon
le_siecle_d_airain	merveilles17_imp_pie-ballard1	name420	Les quatre Siecles
le_siecle_d_or	merveilles17_imp_pie-ballard1	name421	Les quatre Siecles
le_siecle_d_argent	merveilles17_imp_pie-ballard1	name422	Les quatre Siecles
le_siecle_de_fer	merveilles17_imp_pie-ballard1	name423	Les quatre Siecles
le_siecle_d_airain	merveilles17_imp_pie-ballard1	name424	Siecle d’Airain
le_siecle_d_or	merveilles17_imp_pie-ballard1	name425	Siecle d’Or
le_siecle_d_argent	merveilles17_imp_pie-ballard1	name426	Siecle d’Argent
le_siecle_de_fer	merveilles17_imp_pie-ballard1	name427	Siecle de Fer
douze_heures	merveilles17_imp_pie-ballard1	name428	Les douze Heures
douze_heures	merveilles17_imp_pie-ballard1	name429	Les douze Heures
douze_heures	merveilles17_imp_pie-ballard1	name430	Les douze Heures
douze_heures	merveilles17_imp_pie-ballard1	name431	Les douze Heures
douze_heures	merveilles17_imp_pie-ballard1	name432	Les douze Heures
douze_heures	merveilles17_imp_pie-ballard1	name433	Les douze Heures
douze_heures	merveilles17_imp_pie-ballard1	name434	Les douze Heures
douze_heures	merveilles17_imp_pie-ballard1	name435	Les douze Heures
douze_heures	merveilles17_imp_pie-ballard1	name436	Les douze Heures
douze_heures	merveilles17_imp_pie-ballard1	name437	Les douze Heures
douze_heures	merveilles17_imp_pie-ballard1	name438	Les douze Heures
douze_heures	merveilles17_imp_pie-ballard1	name439	Les douze Heures
douze_zodiaque	merveilles17_imp_pie-ballard1	name440	Les douze Signes du Zodiaque
douze_zodiaque	merveilles17_imp_pie-ballard1	name441	Les douze Signes du Zodiaque
douze_zodiaque	merveilles17_imp_pie-ballard1	name442	Les douze Signes du Zodiaque
douze_zodiaque	merveilles17_imp_pie-ballard1	name443	Les douze Signes du Zodiaque
douze_zodiaque	merveilles17_imp_pie-ballard1	name444	Les douze Signes du Zodiaque
douze_zodiaque	merveilles17_imp_pie-ballard1	name445	Les douze Signes du Zodiaque
douze_zodiaque	merveilles17_imp_pie-ballard1	name446	Les douze Signes du Zodiaque
douze_zodiaque	merveilles17_imp_pie-ballard1	name447	Les douze Signes du Zodiaque
douze_zodiaque	merveilles17_imp_pie-ballard1	name448	Les douze Signes du Zodiaque
douze_zodiaque	merveilles17_imp_pie-ballard1	name449	Les douze Signes du Zodiaque
douze_zodiaque	merveilles17_imp_pie-ballard1	name450	Les douze Signes du Zodiaque
douze_zodiaque	merveilles17_imp_pie-ballard1	name451	Les douze Signes du Zodiaque
page	merveilles17_imp_pie-ballard1	name452	Vnze Pages
page	merveilles17_imp_pie-ballard1	name453	Vnze Pages
page	merveilles17_imp_pie-ballard1	name454	Vnze Pages
page	merveilles17_imp_pie-ballard1	name455	Vnze Pages
page	merveilles17_imp_pie-ballard1	name456	Vnze Pages
page	merveilles17_imp_pie-ballard1	name457	Vnze Pages
page	merveilles17_imp_pie-ballard1	name458	Vnze Pages
page	merveilles17_imp_pie-ballard1	name459	Vnze Pages
page	merveilles17_imp_pie-ballard1	name460	Vnze Pages
page	merveilles17_imp_pie-ballard1	name461	Vnze Pages
page	merveilles17_imp_pie-ballard1	name462	Vnze Pages
berger	merveilles17_imp_pie-ballard1	name463	Vingt Pasteur
berger	merveilles17_imp_pie-ballard1	name464	Vingt Pasteur
berger	merveilles17_imp_pie-ballard1	name465	Vingt Pasteur
berger	merveilles17_imp_pie-ballard1	name466	Vingt Pasteur
berger	merveilles17_imp_pie-ballard1	name467	Vingt Pasteur
berger	merveilles17_imp_pie-ballard1	name468	Vingt Pasteur
berger	merveilles17_imp_pie-ballard1	name469	Vingt Pasteur
berger	merveilles17_imp_pie-ballard1	name470	Vingt Pasteur
berger	merveilles17_imp_pie-ballard1	name471	Vingt Pasteur
berger	merveilles17_imp_pie-ballard1	name472	Vingt Pasteur
berger	merveilles17_imp_pie-ballard1	name473	Vingt Pasteur
berger	merveilles17_imp_pie-ballard1	name474	Vingt Pasteur
berger	merveilles17_imp_pie-ballard1	name475	Vingt Pasteur
berger	merveilles17_imp_pie-ballard1	name476	Vingt Pasteur
berger	merveilles17_imp_pie-ballard1	name477	Vingt Pasteur
berger	merveilles17_imp_pie-ballard1	name478	Vingt Pasteur
berger	merveilles17_imp_pie-ballard1	name479	Vingt Pasteur
berger	merveilles17_imp_pie-ballard1	name480	Vingt Pasteur
le_printemps	merveilles17_imp_pie-ballard1	name481	LE PRINTEMPS
l_ete	merveilles17_imp_pie-ballard1	name482	L’ESTÉ
l_automne	merveilles17_imp_pie-ballard1	name483	L’AVTOMNE
l_hiver	merveilles17_imp_pie-ballard1	name484	L’HYVER
le_printemps	merveilles17_imp_pie-ballard1	name485	quatre Saison
l_ete	merveilles17_imp_pie-ballard1	name486	quatre Saison
l_automne	merveilles17_imp_pie-ballard1	name487	quatre Saison
l_hiver	merveilles17_imp_pie-ballard1	name488	quatre Saison
pan	merveilles17_imp_pie-ballard1	name489	Pan
diane	merveilles17_imp_pie-ballard1	name490	Diane
pan	merveilles17_imp_pie-ballard1	name491	Pan
diane	merveilles17_imp_pie-ballard1	name492	Diane
pan	merveilles17_imp_pie-ballard1	name493	Pan
diane	merveilles17_imp_pie-ballard1	name494	Diane
page	merveilles17_imp_pie-ballard1	name495	Dix-huit Pages de la Petite-Escurie
page	merveilles17_imp_pie-ballard1	name496	Dix-huit Pages de la Petite-Escurie
page	merveilles17_imp_pie-ballard1	name497	Dix-huit Pages de la Petite-Escurie
page	merveilles17_imp_pie-ballard1	name498	Dix-huit Pages de la Petite-Escurie
page	merveilles17_imp_pie-ballard1	name499	Dix-huit Pages de la Petite-Escurie
page	merveilles17_imp_pie-ballard1	name500	Dix-huit Pages de la Petite-Escurie
page	merveilles17_imp_pie-ballard1	name501	Dix-huit Pages de la Petite-Escurie
page	merveilles17_imp_pie-ballard1	name502	Dix-huit Pages de la Petite-Escurie
page	merveilles17_imp_pie-ballard1	name503	Dix-huit Pages de la Petite-Escurie
page	merveilles17_imp_pie-ballard1	name504	Dix-huit Pages de la Petite-Escurie
page	merveilles17_imp_pie-ballard1	name505	Dix-huit Pages de la Petite-Escurie
page	merveilles17_imp_pie-ballard1	name506	Dix-huit Pages de la Petite-Escurie
page	merveilles17_imp_pie-ballard1	name507	Dix-huit Pages de la Petite-Escurie
page	merveilles17_imp_pie-ballard1	name508	Dix-huit Pages de la Petite-Escurie
page	merveilles17_imp_pie-ballard1	name509	Dix-huit Pages de la Petite-Escurie
page	merveilles17_imp_pie-ballard1	name510	Dix-huit Pages de la Petite-Escurie
page	merveilles17_imp_pie-ballard1	name511	Dix-huit Pages de la Petite-Escurie
page	merveilles17_imp_pie-ballard1	name512	Dix-huit Pages de la Petite-Escurie
abondance	merveilles17_imp_pie-ballard1	name513	L’Abondance
joie	merveilles17_imp_pie-ballard1	name514	La Ioye
proprete	merveilles17_imp_pie-ballard1	name515	La Propreté
bonne_chere	merveilles17_imp_pie-ballard1	name516	La bonne-chere
l_aurore	merveilles17_imp_pie-ballard1	name517	L’AVRORE
valet_de_chien	merveilles17_imp_pie-ballard1	name518	Quatre Valets de Chiens
valet_de_chien	merveilles17_imp_pie-ballard1	name519	Quatre Valets de Chiens
valet_de_chien	merveilles17_imp_pie-ballard1	name520	Quatre Valets de Chiens
valets_de_chien	merveilles17_imp_pie-ballard1	name521	Quatre Valets de Chiens
valet_de_chien	merveilles17_imp_pie-ballard1	name522	Six autres Valets de Chiens
valet_de_chien	merveilles17_imp_pie-ballard1	name523	Six autres Valets de Chiens
valet_de_chien	merveilles17_imp_pie-ballard1	name524	Six autres Valets de Chiens
valets_de_chien	merveilles17_imp_pie-ballard1	name525	Six autres Valets de Chiens
valet_de_chien	merveilles17_imp_pie-ballard1	name526	Six autres Valets de Chiens
valet_de_chien	merveilles17_imp_pie-ballard1	name527	Six autres Valets de Chiens
ours	merveilles17_imp_pie-ballard1	name528	Deux Ours
ours	merveilles17_imp_pie-ballard1	name529	Deux Ours
berger	merveilles17_imp_pie-ballard1	name530	Huict Paysans
berger	merveilles17_imp_pie-ballard1	name531	Huict Paysans
berger	merveilles17_imp_pie-ballard1	name532	Huict Paysans
berger	merveilles17_imp_pie-ballard1	name533	Huict Paysans
berger	merveilles17_imp_pie-ballard1	name534	Huict Paysans
berger	merveilles17_imp_pie-ballard1	name535	Huict Paysans
berger	merveilles17_imp_pie-ballard1	name536	Huict Paysans
berger	merveilles17_imp_pie-ballard1	name537	Huict Paysans
satyre	merveilles17_imp_pie-ballard1	name538	Un Satyre
berger	merveilles17_imp_pie-ballard1	name539	Deux Pastres
berger	merveilles17_imp_pie-ballard1	name540	Deux Pastres
bergere	merveilles17_imp_pie-ballard1	name541	>Deux Bergeres
bergere	merveilles17_imp_pie-ballard1	name542	>Deux Bergeres
berger	merveilles17_imp_pie-ballard1	name543	Deux Bergers
berger	merveilles17_imp_pie-ballard1	name544	Deux Bergers
faunes	merveilles17_imp_pie-ballard1	name545	Seize Faunes
berger	merveilles17_imp_pie-ballard1	name546	Quatre Bergers
berger	merveilles17_imp_pie-ballard1	name547	Quatre Bergers
berger	merveilles17_imp_pie-ballard1	name548	Quatre Bergers
berger	merveilles17_imp_pie-ballard1	name549	Quatre Bergers
bergere	merveilles17_imp_pie-ballard1	name550	quatre Bergeres
bergere	merveilles17_imp_pie-ballard1	name551	quatre Bergeres
bergere	merveilles17_imp_pie-ballard1	name552	quatre Bergeres
bergere	merveilles17_imp_pie-ballard1	name553	quatre Bergeres
berger	merveilles17_imp_pie-ballard1	name554	Bergers
berger	merveilles17_imp_pie-ballard1	name555	Bergers
berger	merveilles17_imp_pie-ballard1	name556	Bergers
berger	merveilles17_imp_pie-ballard1	name557	Bergers
bergere	merveilles17_imp_pie-ballard1	name558	Bergeres
bergere	merveilles17_imp_pie-ballard1	name559	Bergeres
bergere	merveilles17_imp_pie-ballard1	name560	Bergeres
bergere	merveilles17_imp_pie-ballard1	name561	Bergeres
alcine	merveilles17_imp_pie-ballard1	name562	Alcine
alcine	merveilles17_imp_pie-ballard1	name563	Alcine
dirce	merveilles17_imp_pie-ballard1	name564	Deux Nymhes
celie	merveilles17_imp_pie-ballard1	name565	Deux Nymhes
celie	merveilles17_imp_pie-ballard1	name566	Celie
dirce	merveilles17_imp_pie-ballard1	name567	Dircé
alcine	merveilles17_imp_pie-ballard1	name568	Alcine
geant	merveilles17_imp_pie-ballard1	name569	Quatre Geants
geant	merveilles17_imp_pie-ballard1	name570	Quatre Geants
geant	merveilles17_imp_pie-ballard1	name571	Quatre Geants
geant	merveilles17_imp_pie-ballard1	name572	Quatre Geants
petits_garcons	merveilles17_imp_pie-ballard1	name573	quatre petits Garçons
petits_garcons	merveilles17_imp_pie-ballard1	name574	quatre petits Garçons
petits_garcons	merveilles17_imp_pie-ballard1	name575	quatre petits Garçons
geant	merveilles17_imp_pie-ballard1	name576	Geants
geant	merveilles17_imp_pie-ballard1	name577	Geants
geant	merveilles17_imp_pie-ballard1	name578	Geants
geant	merveilles17_imp_pie-ballard1	name579	Geants
petits_garcons	merveilles17_imp_pie-ballard1	name580	Petits Garçons
petits_garcons	merveilles17_imp_pie-ballard1	name581	Petits Garçons
petits_garcons	merveilles17_imp_pie-ballard1	name582	Petits Garçons
maure	merveilles17_imp_pie-ballard1	name583	Huit Maures
maure	merveilles17_imp_pie-ballard1	name584	Huit Maures
maure	merveilles17_imp_pie-ballard1	name585	Huit Maures
maure	merveilles17_imp_pie-ballard1	name586	Huit Maures
maure	merveilles17_imp_pie-ballard1	name587	Huit Maures
maure	merveilles17_imp_pie-ballard1	name588	Huit Maures
maure	merveilles17_imp_pie-ballard1	name589	Huit Maures
maure	merveilles17_imp_pie-ballard1	name590	Huit Maures
chevalier	merveilles17_imp_pie-ballard1	name591	Six Cheualiers
chevalier	merveilles17_imp_pie-ballard1	name592	Six Cheualiers
chevalier	merveilles17_imp_pie-ballard1	name593	Six Cheualiers
chevalier	merveilles17_imp_pie-ballard1	name594	Six Cheualiers
chevalier	merveilles17_imp_pie-ballard1	name595	Six Cheualiers
chevalier	merveilles17_imp_pie-ballard1	name596	Six Cheualiers
monstres	merveilles17_imp_pie-ballard1	name597	six Monstres
monstres	merveilles17_imp_pie-ballard1	name598	six Monstres
monstres	merveilles17_imp_pie-ballard1	name599	six Monstres
monstres	merveilles17_imp_pie-ballard1	name600	six Monstres
monstres	merveilles17_imp_pie-ballard1	name601	six Monstres
monstres	merveilles17_imp_pie-ballard1	name602	six Monstres
chevalier	merveilles17_imp_pie-ballard1	name603	Cheualiers
chevalier	merveilles17_imp_pie-ballard1	name604	Cheualiers
chevalier	merveilles17_imp_pie-ballard1	name605	Cheualiers
chevalier	merveilles17_imp_pie-ballard1	name606	Cheualiers
chevalier	merveilles17_imp_pie-ballard1	name607	Cheualiers
chevalier	merveilles17_imp_pie-ballard1	name608	Cheualiers
monstres	merveilles17_imp_pie-ballard1	name609	Monstres
monstres	merveilles17_imp_pie-ballard1	name610	Monstres
monstres	merveilles17_imp_pie-ballard1	name611	Monstres
monstres	merveilles17_imp_pie-ballard1	name612	Monstres
monstres	merveilles17_imp_pie-ballard1	name613	Monstres
monstres	merveilles17_imp_pie-ballard1	name614	Monstres
demon	merveilles17_imp_pie-ballard1	name615	Demons Agilles
demon	merveilles17_imp_pie-ballard1	name616	Demons Agilles
demon	merveilles17_imp_pie-ballard1	name617	Demons Sauteurs
demon	merveilles17_imp_pie-ballard1	name618	Demons Sauteurs
demon	merveilles17_imp_pie-ballard1	name619	Demons Sauteurs
demon	merveilles17_imp_pie-ballard1	name620	Demons Sauteurs
alcine	merveilles17_imp_pie-ballard1	name621	Alcine
melisse	merveilles17_imp_pie-ballard1	name622	Melisse
roger	merveilles17_imp_pie-ballard1	name623	Roger
chevalier	merveilles17_imp_pie-ballard1	name624	Quatre Cheualiers
ecuyers	merveilles17_imp_pie-ballard1	name625	quatre Escuyers
alcine	merveilles17_imp_pie-ballard1	name626	Alcine
melisse	merveilles17_imp_pie-ballard1	name627	Melisse
roger	merveilles17_imp_pie-ballard1	name628	Roger
chevalier	merveilles17_imp_pie-ballard1	name629	Cheualiers
chevalier	merveilles17_imp_pie-ballard1	name630	Cheualiers
chevalier	merveilles17_imp_pie-ballard1	name631	Cheualiers
chevalier	merveilles17_imp_pie-ballard1	name632	Cheualiers
escuyers	merveilles17_imp_pie-ballard1	name633	Escuyers
escuyers	merveilles17_imp_pie-ballard1	name634	Escuyers
escuyers	merveilles17_imp_pie-ballard1	name635	Escuyers
escuyers	merveilles17_imp_pie-ballard1	name636	Escuyers
roger	merveilles17_imp_pie-ballard2	name7	Roger
alcine	merveilles17_imp_pie-ballard2	name8	cette Magicienne
angelique	merveilles17_imp_pie-ballard2	name9	Angelique
melisse	merveilles17_imp_pie-ballard2	name10	Melisse
atlas	merveilles17_imp_pie-ballard2	name11	Atlas
roger	merveilles17_imp_pie-ballard2	name12	Roger
guidon_le_sauvage	merveilles17_imp_pie-ballard2	name13	Guidon le Sauuage
guidon_le_sauvage	merveilles17_imp_pie-ballard2	name14	Guidon le Sauuage
roger	merveilles17_imp_pie-ballard2	name15	Roger
roger	merveilles17_imp_pie-ballard2	name16	Roger
oger_le_danois	merveilles17_imp_pie-ballard2	name17	Oger le Danois
oger_le_danois	merveilles17_imp_pie-ballard2	name18	Oger le Danois
aquilant_le_noir	merveilles17_imp_pie-ballard2	name19	Aquilant le Noir
griffon_le_blanc	merveilles17_imp_pie-ballard2	name20	Griffon le Blanc
aquilant_le_noir	merveilles17_imp_pie-ballard2	name21	Aquilant le Noir
griffon_le_blanc	merveilles17_imp_pie-ballard2	name22	Griffon le Blanc
renaud	merveilles17_imp_pie-ballard2	name23	Renaud
dudon	merveilles17_imp_pie-ballard2	name24	Dudon
roger	merveilles17_imp_pie-ballard2	name25	ROGER
astolphe	merveilles17_imp_pie-ballard2	name26	Astolphe
brandimart	merveilles17_imp_pie-ballard2	name27	Brandimart
richardet	merveilles17_imp_pie-ballard2	name28	Richardet
olivier	merveilles17_imp_pie-ballard2	name29	Oliuier
ariodant	merveilles17_imp_pie-ballard2	name30	Ariodant
zerbin	merveilles17_imp_pie-ballard2	name31	Zerbin
roland	merveilles17_imp_pie-ballard2	name32	Roland
roland	merveilles17_imp_pie-ballard2	name33	ROland
charlemagne	merveilles17_imp_pie-ballard2	name34	Charlemagne
apollon	merveilles17_imp_pie-ballard2	name35	Apollon
chevalier	merveilles17_imp_pie-ballard2	name36	Cheualiers
quatre_ages	merveilles17_imp_pie-ballard2	name37	les quatre Aages ou Siecles
age_or	merveilles17_imp_pie-ballard2	name38	Le Siecle d’Or
age_argent	merveilles17_imp_pie-ballard2	name39	Argent
age_airain	merveilles17_imp_pie-ballard2	name40	Airain
age_fer	merveilles17_imp_pie-ballard2	name41	Fer
monstres_celestes	merveilles17_imp_pie-ballard2	name42	Les Monstres Celestes
python	merveilles17_imp_pie-ballard2	name43	Python
daphne	merveilles17_imp_pie-ballard2	name44	Daphné
hyacinte	merveilles17_imp_pie-ballard2	name45	Hyacinthe
apollon	merveilles17_imp_pie-ballard2	name46	Apollon
atlas	merveilles17_imp_pie-ballard2	name47	Atlas
temps	merveilles17_imp_pie-ballard2	name48	Le Temps
heures	merveilles17_imp_pie-ballard2	name49	Les douze Heures du jour
zodiaque	merveilles17_imp_pie-ballard2	name50	les douze Signes du Zodiaque
aquilant_le_noir	merveilles17_imp_pie-ballard2	name51	Aquilant le Noir
griffon_le_blanc	merveilles17_imp_pie-ballard2	name52	Griffon le Blanc
renaud	merveilles17_imp_pie-ballard2	name53	Renaud
dudon	merveilles17_imp_pie-ballard2	name54	Dudon
astolphe	merveilles17_imp_pie-ballard2	name55	Astolphe
brandimart	merveilles17_imp_pie-ballard2	name56	Brandimart
richardet	merveilles17_imp_pie-ballard2	name57	Richardet
olivier	merveilles17_imp_pie-ballard2	name58	Oliuier
ariodant	merveilles17_imp_pie-ballard2	name59	Ariodant
zerbin	merveilles17_imp_pie-ballard2	name60	Zerbin
roland	merveilles17_imp_pie-ballard2	name61	Roland
pasteur	merveilles17_imp_pie-ballard2	name62	VIngt Pasteurs
chevalier	merveilles17_imp_pie-ballard2	name63	dix Cheualiers
zodiaque	merveilles17_imp_pie-ballard2	name64	Signes
heures	merveilles17_imp_pie-ballard2	name65	Heures
age_airain	merveilles17_imp_pie-ballard2	name66	Siecle d’Airain
apollon	merveilles17_imp_pie-ballard2	name67	Apollon
le_siecle_d_airain	merveilles17_imp_pie-ballard2	name68	LE SIECLE D'AIRAIN
apollon	merveilles17_imp_pie-ballard2	name69	Apollon
apollon	merveilles17_imp_pie-ballard2	name70	APOLLON
le_siecle_d_argent	merveilles17_imp_pie-ballard2	name71	LE SIECLE D'ARGENT
le_siecle_d_or	merveilles17_imp_pie-ballard2	name72	LE SIECLE D'OR
le_siecle_de_fer	merveilles17_imp_pie-ballard2	name73	LE SIECLE DE FER
apollon	merveilles17_imp_pie-ballard2	name74	APOLLON
chevalier	merveilles17_imp_pie-ballard2	name75	Cheualiers
le_printemps	merveilles17_imp_pie-ballard2	name76	les Saisons
le_ete	merveilles17_imp_pie-ballard2	name77	les Saisons
l_automne	merveilles17_imp_pie-ballard2	name78	les Saisons
l_hiver	merveilles17_imp_pie-ballard2	name79	les Saisons
le_printemps	merveilles17_imp_pie-ballard2	name80	Saisons
l_ete	merveilles17_imp_pie-ballard2	name81	Saisons
l_automne	merveilles17_imp_pie-ballard2	name82	Saisons
l_hiver	merveilles17_imp_pie-ballard2	name83	Saisons
zodiaque	merveilles17_imp_pie-ballard2	name84	Signes du Zodiaque
le_printemps	merveilles17_imp_pie-ballard2	name85	les quatre Saisons
l_ete	merveilles17_imp_pie-ballard2	name86	les quatre Saisons
l_automne	merveilles17_imp_pie-ballard2	name87	les quatre Saisons
l_hiver	merveilles17_imp_pie-ballard2	name88	les quatre Saisons
le_printemps	merveilles17_imp_pie-ballard2	name89	Le Printemps
l_ete	merveilles17_imp_pie-ballard2	name90	Esté
l_automne	merveilles17_imp_pie-ballard2	name91	Automne
l_hiver	merveilles17_imp_pie-ballard2	name92	Hyuer
l_ete	merveilles17_imp_pie-ballard2	name93	Esté
automne	merveilles17_imp_pie-ballard2	name94	Automne
l_hiver	merveilles17_imp_pie-ballard2	name95	Hyuer
pan	merveilles17_imp_pie-ballard2	name96	Pan
diane	merveilles17_imp_pie-ballard2	name97	Diane
pan	merveilles17_imp_pie-ballard2	name98	Pan
diane	merveilles17_imp_pie-ballard2	name99	Diane
pan	merveilles17_imp_pie-ballard2	name100	Pan
diane	merveilles17_imp_pie-ballard2	name101	Diane
le_printemps	merveilles17_imp_pie-ballard2	name102	Saisons
le_ete	merveilles17_imp_pie-ballard2	name103	Saisons
l_automne	merveilles17_imp_pie-ballard2	name104	Saisons
l_hiver	merveilles17_imp_pie-ballard2	name105	Saisons
printemps	merveilles17_imp_pie-ballard2	name106	Le Printemps
le_printemps	merveilles17_imp_pie-ballard2	name107	LE PRINTEMPS
l_ete	merveilles17_imp_pie-ballard2	name108	L'ESTÉ
l_automne	merveilles17_imp_pie-ballard2	name109	L'AUTOMNE
le_printemps	merveilles17_imp_pie-ballard2	name110	Le Printemps
l_hiver	merveilles17_imp_pie-ballard2	name111	L'HYVER
diane	merveilles17_imp_pie-ballard2	name112	DIANE
pan	merveilles17_imp_pie-ballard2	name113	PAN
abondance	merveilles17_imp_pie-ballard2	name114	l’Abondance
joie	merveilles17_imp_pie-ballard2	name115	la Ioye
proprete	merveilles17_imp_pie-ballard2	name116	la Propreté
bonne_chere	merveilles17_imp_pie-ballard2	name117	la Bonne-Chere
plaisirs	merveilles17_imp_pie-ballard2	name118	les Plaisirs
jeux	merveilles17_imp_pie-ballard2	name119	les Ieux
ris	merveilles17_imp_pie-ballard2	name120	les Ris
délices	merveilles17_imp_pie-ballard2	name121	les Delices
chevalier	merveilles17_imp_pie-ballard2	name122	Cheualiers
roger	merveilles17_imp_pie-ballard2	name123	Roger
alcine	merveilles17_imp_pie-ballard2	name124	Magicienne
l_aurore	merveilles17_imp_pie-ballard2	name125	l’Aurore
l_aurore	merveilles17_imp_pie-ballard2	name126	L'AVRORE
lyciscas	merveilles17_imp_pie-ballard2	name127	Valets de chiens
valet_de_chien	merveilles17_imp_pie-ballard2	name128	Valets de chiens
valet_de_chien	merveilles17_imp_pie-ballard2	name129	Valets de chiens
valets_de_chien	merveilles17_imp_pie-ballard2	name130	Valets de chiens
musicien	merveilles17_imp_pie-ballard2	name131	Musiciens
l_aurore	merveilles17_imp_pie-ballard2	name132	l’Aurore
lyciscas	merveilles17_imp_pie-ballard2	name133	quatre Valets de Chiens
valet_de_chien	merveilles17_imp_pie-ballard2	name134	quatre Valets de Chiens
valet_de_chien	merveilles17_imp_pie-ballard2	name135	quatre Valets de Chiens
valets_de_chien	merveilles17_imp_pie-ballard2	name136	quatre Valets de Chiens
lyciscas	merveilles17_imp_pie-ballard2	name137	Liciscas
l_aurore	merveilles17_imp_pie-ballard2	name138	l’Aurore
valet_de_chien	merveilles17_imp_pie-ballard2	name139	Ier
valet_de_chien	merveilles17_imp_pie-ballard2	name140	IIme
valet_de_chien	merveilles17_imp_pie-ballard2	name141	IIIme
valet_de_chien	merveilles17_imp_pie-ballard2	name142	TOVS ENSEMBLE
valets_de_chien	merveilles17_imp_pie-ballard2	name143	TOVS ENSEMBLE
valet_de_chien	merveilles17_imp_pie-ballard2	name144	TOVS ENSEMBLE
lyciscas	merveilles17_imp_pie-ballard2	name145	Lyciscas
lyciscas	merveilles17_imp_pie-ballard2	name146	Liciscas
l_aurore	merveilles17_imp_pie-ballard2	name147	l'Aurore
lyciscas	merveilles17_imp_pie-ballard2	name148	LYCISCAS
musicien	merveilles17_imp_pie-ballard2	name149	MVSICIENS
lyciscas	merveilles17_imp_pie-ballard2	name150	Lyciscas
lyciscas	merveilles17_imp_pie-ballard2	name151	LYCISCAS
musicien	merveilles17_imp_pie-ballard2	name152	MVSICIENS
lyciscas	merveilles17_imp_pie-ballard2	name153	Lyciscas
lyciscas	merveilles17_imp_pie-ballard2	name154	LYCISCAS
musicien	merveilles17_imp_pie-ballard2	name155	MVSICIENS
lyciscas	merveilles17_imp_pie-ballard2	name156	LYCISCAS
musicien	merveilles17_imp_pie-ballard2	name157	MVSICIENS
lyciscas	merveilles17_imp_pie-ballard2	name158	LYCISCAS
musicien	merveilles17_imp_pie-ballard2	name159	MVSICIENS
lyciscas	merveilles17_imp_pie-ballard2	name160	LYCISCAS
musicien	merveilles17_imp_pie-ballard2	name161	MVSICIENS
lyciscas	merveilles17_imp_pie-ballard2	name162	LYCISCAS
musicien	merveilles17_imp_pie-ballard2	name163	MVSICIENS
lyciscas	merveilles17_imp_pie-ballard2	name164	LYCISCAS
musicien	merveilles17_imp_pie-ballard2	name165	MVSICIENS
lyciscas	merveilles17_imp_pie-ballard2	name166	LYCISCAS
musicien	merveilles17_imp_pie-ballard2	name167	MVSICIENS
lyciscas	merveilles17_imp_pie-ballard2	name168	Lyciscas
lyciscas	merveilles17_imp_pie-ballard2	name169	LYCISCAS
valet_de_chien	merveilles17_imp_pie-ballard2	name170	Ier
lyciscas	merveilles17_imp_pie-ballard2	name171	Lyciscas
valet_de_chien	merveilles17_imp_pie-ballard2	name172	IIme
lyciscas	merveilles17_imp_pie-ballard2	name173	Lyciscas
valet_de_chien	merveilles17_imp_pie-ballard2	name174	IIIme
lyciscas	merveilles17_imp_pie-ballard2	name175	Lyciscas
valet_de_chien	merveilles17_imp_pie-ballard2	name176	TOVS ENSEMBLE
valets_de_chien	merveilles17_imp_pie-ballard2	name177	TOVS ENSEMBLE
valet_de_chien	merveilles17_imp_pie-ballard2	name178	TOVS ENSEMBLE
lyciscas	merveilles17_imp_pie-ballard2	name179	Lyciscas
lyciscas	merveilles17_imp_pie-ballard2	name180	LYCISCAS
musicien	merveilles17_imp_pie-ballard2	name181	MVSICIENS
lyciscas	merveilles17_imp_pie-ballard2	name182	LYCISCAS
valet_de_chien	merveilles17_imp_pie-ballard2	name183	Ier
valet_de_chien	merveilles17_imp_pie-ballard2	name184	IIme
valet_de_chien	merveilles17_imp_pie-ballard2	name185	IIIme
valet_de_chien	merveilles17_imp_pie-ballard2	name186	TOVS ENSEMBLE
valets_de_chien	merveilles17_imp_pie-ballard2	name187	TOVS ENSEMBLE
valet_de_chien	merveilles17_imp_pie-ballard2	name188	TOVS ENSEMBLE
lyciscas	merveilles17_imp_pie-ballard2	name189	LYCISCAS
musicien	merveilles17_imp_pie-ballard2	name190	MVSICIENS
lyciscas	merveilles17_imp_pie-ballard2	name191	LYCISCAS
musicien	merveilles17_imp_pie-ballard2	name192	MVSICIENS
lyciscas	merveilles17_imp_pie-ballard2	name193	LYCISCAS
musicien	merveilles17_imp_pie-ballard2	name194	MVSICIENS
lyciscas	merveilles17_imp_pie-ballard2	name195	LYCISCAS
lyciscas	merveilles17_imp_pie-ballard2	name196	Lyciscas
lyciscas	merveilles17_imp_pie-ballard2	name197	Lyciscas
valets_de_chiens	merveilles17_imp_pie-ballard2	name198	six Valets de chiens
princesse_d_elide	merveilles17_imp_pie-ballard2	name199	LA PRINCESSE D'ELIDE
aglante	merveilles17_imp_pie-ballard2	name200	AGLANTE, cousine de la Princesse
cinthie	merveilles17_imp_pie-ballard2	name201	CINTHIE, Cousine de la Princesse
philis	merveilles17_imp_pie-ballard2	name202	PHILIS, suiuante de la Princesse
iphitas	merveilles17_imp_pie-ballard2	name203	IPHITAS, Pere de la Princesse
euriale	merveilles17_imp_pie-ballard2	name204	EVRIALE, ou le Prince d'Ithaque
aristomene	merveilles17_imp_pie-ballard2	name205	ARISTOMENE, ou le Prince de Messene.
theocle	merveilles17_imp_pie-ballard2	name206	THEOCLE, ou le Prince de Pyle.
arbate	merveilles17_imp_pie-ballard2	name207	ARBATE, Gouuerneur du Prince d'Ithaque.
moron	merveilles17_imp_pie-ballard2	name208	Moron, plaisant de la Princesse.
un_suivant	merveilles17_imp_pie-ballard2	name209	Vn suivant.
iphitas	merveilles17_imp_pie-ballard2	name210	Prince d’Elide
princesse_d_elide	merveilles17_imp_pie-ballard2	name211	la Princesse sa fille
euriale	merveilles17_imp_pie-ballard2	name212	les Princes d’Ithaque
aristomene	merveilles17_imp_pie-ballard2	name213	Messene
theocle	merveilles17_imp_pie-ballard2	name214	Pyle
euriale	merveilles17_imp_pie-ballard2	name215	Princes
aristomene	merveilles17_imp_pie-ballard2	name216	Princes
theocle	merveilles17_imp_pie-ballard2	name217	Princes
euriale	merveilles17_imp_pie-ballard2	name218	EVriale Prince d’Ithaque
princesse_d_elide	merveilles17_imp_pie-ballard2	name219	la Princesse d’Elide
arbate	merveilles17_imp_pie-ballard2	name220	Arbate son Gouuerneur
euriale	merveilles17_imp_pie-ballard2	name221	Prince
euriale	merveilles17_imp_pie-ballard2	name222	EVRIALE
arbate	merveilles17_imp_pie-ballard2	name223	arbate
arbate	merveilles17_imp_pie-ballard2	name224	ARBATE
euriale	merveilles17_imp_pie-ballard2	name225	EVRIALE
arbate	merveilles17_imp_pie-ballard2	name226	arbate
arbate	merveilles17_imp_pie-ballard2	name227	arbate
euriale	merveilles17_imp_pie-ballard2	name228	EVRIALE
arbate	merveilles17_imp_pie-ballard2	name229	arbate
princesse_d_elide	merveilles17_imp_pie-ballard2	name230	la Princesse d'Elide
princesse_d_elide	merveilles17_imp_pie-ballard2	name231	la Princesse
diane	merveilles17_imp_pie-ballard2	name232	Diane
iphitas	merveilles17_imp_pie-ballard2	name233	Iphitas, pere de la Princesse
arbate	merveilles17_imp_pie-ballard2	name234	arbate
princesse_d_elide	merveilles17_imp_pie-ballard2	name235	Princesse
euriale	merveilles17_imp_pie-ballard2	name236	EVRIALE
arbate	merveilles17_imp_pie-ballard2	name237	arbate
aristomene	merveilles17_imp_pie-ballard2	name238	ces Princes
theocle	merveilles17_imp_pie-ballard2	name239	ces Princes
aristomene	merveilles17_imp_pie-ballard2	name240	les Souuerains de Messene
theocle	merveilles17_imp_pie-ballard2	name241	Pyle
aristomene	merveilles17_imp_pie-ballard2	name242	ces Riuaux
theocle	merveilles17_imp_pie-ballard2	name243	ces Riuaux
arbate	merveilles17_imp_pie-ballard2	name244	arbate
aristomene	merveilles17_imp_pie-ballard2	name245	Princes
theocle	merveilles17_imp_pie-ballard2	name246	Princes
aristomene	merveilles17_imp_pie-ballard2	name247	riuaux
theocle	merveilles17_imp_pie-ballard2	name248	riuaux
euriale	merveilles17_imp_pie-ballard2	name249	EVRIALE
princesse_d_elide	merveilles17_imp_pie-ballard2	name250	la Princesse
arbate	merveilles17_imp_pie-ballard2	name251	Arbate
moron	merveilles17_imp_pie-ballard2	name252	Moron
arbate	merveilles17_imp_pie-ballard2	name253	arbate
moron	merveilles17_imp_pie-ballard2	name254	Moron
euriale	merveilles17_imp_pie-ballard2	name255	Euriale
princesse_d_elide	merveilles17_imp_pie-ballard2	name256	La Princesse
aristomene	merveilles17_imp_pie-ballard2	name257	mes Riuaux
theocle	merveilles17_imp_pie-ballard2	name258	mes Riuaux
moron	merveilles17_imp_pie-ballard2	name259	Moron
euriale	merveilles17_imp_pie-ballard2	name260	Euriale
arbate	merveilles17_imp_pie-ballard2	name261	arbate
moron	merveilles17_imp_pie-ballard2	name262	Moron
arbate	merveilles17_imp_pie-ballard2	name263	arbate
euriale	merveilles17_imp_pie-ballard2	name264	EVRIALE
moron	merveilles17_imp_pie-ballard2	name265	Moron
euriale	merveilles17_imp_pie-ballard2	name266	EVRIALE
moron	merveilles17_imp_pie-ballard2	name267	Moron
euriale	merveilles17_imp_pie-ballard2	name268	EVRIALE
moron	merveilles17_imp_pie-ballard2	name269	Moron
euriale	merveilles17_imp_pie-ballard2	name270	EVRIALE
moron	merveilles17_imp_pie-ballard2	name271	Moron
euriale	merveilles17_imp_pie-ballard2	name272	Euriale
moron	merveilles17_imp_pie-ballard2	name273	Moron
euriale	merveilles17_imp_pie-ballard2	name274	EVRIALE
moron	merveilles17_imp_pie-ballard2	name275	Moron
princesse_d_elide	merveilles17_imp_pie-ballard2	name276	Princesse
euriale	merveilles17_imp_pie-ballard2	name277	EVRIALE
moron	merveilles17_imp_pie-ballard2	name278	Moron
euriale	merveilles17_imp_pie-ballard2	name279	EVRIALE
moron	merveilles17_imp_pie-ballard2	name280	Moron
arbate	merveilles17_imp_pie-ballard2	name281	arbate
moron	merveilles17_imp_pie-ballard2	name282	Moron
arbate	merveilles17_imp_pie-ballard2	name283	arbate
moron	merveilles17_imp_pie-ballard2	name284	Moron
moron	merveilles17_imp_pie-ballard2	name285	Moron
arbate	merveilles17_imp_pie-ballard2	name286	arbate
moron	merveilles17_imp_pie-ballard2	name287	Moron
moron	merveilles17_imp_pie-ballard2	name288	Moron
moron	merveilles17_imp_pie-ballard2	name289	Moron
euriale	merveilles17_imp_pie-ballard2	name290	EVRIALE
moron	merveilles17_imp_pie-ballard2	name291	Moron
euriale	merveilles17_imp_pie-ballard2	name292	EVRIALE
moron	merveilles17_imp_pie-ballard2	name293	Moron
princesse_d_elide	merveilles17_imp_pie-ballard2	name294	la Princesse
euriale	merveilles17_imp_pie-ballard2	name295	Prince
princesse_d_elide	merveilles17_imp_pie-ballard2	name296	la Princesse
aristomene	merveilles17_imp_pie-ballard2	name297	deux de vos Riuaux
theocle	merveilles17_imp_pie-ballard2	name298	deux de vos Riuaux
princesse_d_elide	merveilles17_imp_pie-ballard2	name299	La Princesse d’Elide
aristomene	merveilles17_imp_pie-ballard2	name300	les Princes de Messene
theocle	merveilles17_imp_pie-ballard2	name301	de Pyle
euriale	merveilles17_imp_pie-ballard2	name302	Prince d’Ithaque
princesse_d_elide	merveilles17_imp_pie-ballard2	name303	la Princesse
princesse_d_elide	merveilles17_imp_pie-ballard2	name304	Princesse
euriale	merveilles17_imp_pie-ballard2	name305	Prince
diane	merveilles17_imp_pie-ballard2	name306	Diane
aristomene	merveilles17_imp_pie-ballard2	name307	le Prince de Messenne
princesse_d_elide	merveilles17_imp_pie-ballard2	name308	LA PRINCESSE
aristomene	merveilles17_imp_pie-ballard2	name309	Aristomene
theocle	merveilles17_imp_pie-ballard2	name310	Theocle
euriale	merveilles17_imp_pie-ballard2	name311	EVRIALE
arbate	merveilles17_imp_pie-ballard2	name312	arbate
moron	merveilles17_imp_pie-ballard2	name313	Moron
aristomene	merveilles17_imp_pie-ballard2	name314	Aristomene
theocle	merveilles17_imp_pie-ballard2	name315	Theocle
princesse_d_elide	merveilles17_imp_pie-ballard2	name316	LA PRINCESSE
theocle	merveilles17_imp_pie-ballard2	name317	Theocle
princesse_d_elide	merveilles17_imp_pie-ballard2	name318	LA PRINCESSE
euriale	merveilles17_imp_pie-ballard2	name319	Prince
euriale	merveilles17_imp_pie-ballard2	name320	EVRIALE
moron	merveilles17_imp_pie-ballard2	name321	Moron
arbate	merveilles17_imp_pie-ballard2	name322	arbate
moron	merveilles17_imp_pie-ballard2	name323	Moron
arbate	merveilles17_imp_pie-ballard2	name324	arbate
moron	merveilles17_imp_pie-ballard2	name325	Moron
euriale	merveilles17_imp_pie-ballard2	name326	EVRIALE
moron	merveilles17_imp_pie-ballard2	name327	Moron
arbate	merveilles17_imp_pie-ballard2	name328	arbate
moron	merveilles17_imp_pie-ballard2	name329	Moron
euriale	merveilles17_imp_pie-ballard2	name330	le Prince
philis	merveilles17_imp_pie-ballard2	name331	Bergere Philis
ours	merveilles17_imp_pie-ballard2	name332	vn Ours
ours	merveilles17_imp_pie-ballard2	name333	l’Ours
ours	merveilles17_imp_pie-ballard2	name334	l’Ours
ours	merveilles17_imp_pie-ballard2	name335	vn autre Ours
ours	merveilles17_imp_pie-ballard2	name336	vn des Ours
moron	merveilles17_imp_pie-ballard2	name337	Moron
philis	merveilles17_imp_pie-ballard2	name338	Philis
philis	merveilles17_imp_pie-ballard2	name339	Philis
philis	merveilles17_imp_pie-ballard2	name340	Philis
ours	merveilles17_imp_pie-ballard2	name341	VN OVRS
moron	merveilles17_imp_pie-ballard2	name342	Moron
moron	merveilles17_imp_pie-ballard2	name343	Moron
ours	merveilles17_imp_pie-ballard2	name344	monsieur l'Ours
moron	merveilles17_imp_pie-ballard2	name345	Moron
moron	merveilles17_imp_pie-ballard2	name346	Moron
chasseurs	merveilles17_imp_pie-ballard2	name347	les Chasseurs
chasseurs	merveilles17_imp_pie-ballard2	name348	les Chasseurs
chasseurs	merveilles17_imp_pie-ballard2	name349	les Chasseurs
chasseurs	merveilles17_imp_pie-ballard2	name350	les Chasseurs
chasseurs	merveilles17_imp_pie-ballard2	name351	les Chasseurs
chasseurs	merveilles17_imp_pie-ballard2	name352	les Chasseurs
chasseurs	merveilles17_imp_pie-ballard2	name353	les Chasseurs
euriale	merveilles17_imp_pie-ballard2	name354	LE Prince d’Ithaque
princesse_d_elide	merveilles17_imp_pie-ballard2	name355	la Princesse
aglante	merveilles17_imp_pie-ballard2	name356	’vne des Princesses ses Parentes
cinthie	merveilles17_imp_pie-ballard2	name357	’vne des Princesses ses Parentes
euriale	merveilles17_imp_pie-ballard2	name358	Prince d’Ithaque
euriale	merveilles17_imp_pie-ballard2	name359	Prince
moron	merveilles17_imp_pie-ballard2	name360	Moron
princesse_d_elide	merveilles17_imp_pie-ballard2	name361	la Princesse
princesse_d_elide	merveilles17_imp_pie-ballard2	name362	la Princesse
aristomene	merveilles17_imp_pie-ballard2	name363	Les Princes de Messene
theocle	merveilles17_imp_pie-ballard2	name364	de Pyle
euriale	merveilles17_imp_pie-ballard2	name365	Ithaque
princesse_d_elide	merveilles17_imp_pie-ballard2	name366	LA PRINCESSE
aglante	merveilles17_imp_pie-ballard2	name367	Aglante
cinthie	merveilles17_imp_pie-ballard2	name368	Cinthie
princesse_d_elide	merveilles17_imp_pie-ballard2	name369	LA PRINCESSE
aglante	merveilles17_imp_pie-ballard2	name370	Aglante
princesse_d_elide	merveilles17_imp_pie-ballard2	name371	LA PRINCESSE
cinthie	merveilles17_imp_pie-ballard2	name372	Cinthie
aglante	merveilles17_imp_pie-ballard2	name373	Aglante
princesse_d_elide	merveilles17_imp_pie-ballard2	name374	LA PRINCESSE
cinthie	merveilles17_imp_pie-ballard2	name375	Cinthie
princesse_d_elide	merveilles17_imp_pie-ballard2	name376	LA PRINCESSE
aglante	merveilles17_imp_pie-ballard2	name377	Aglante
princesse_d_elide	merveilles17_imp_pie-ballard2	name378	LA PRINCESSE
cinthie	merveilles17_imp_pie-ballard2	name379	Cinthie
jupiter	merveilles17_imp_pie-ballard2	name380	Iupiter
diane	merveilles17_imp_pie-ballard2	name381	Diane
princesse_d_elide	merveilles17_imp_pie-ballard2	name382	LA PRINCESSE
moron	merveilles17_imp_pie-ballard2	name383	Moron
princesse_d_elide	merveilles17_imp_pie-ballard2	name384	LA PRINCESSE
aglante	merveilles17_imp_pie-ballard2	name385	Aglante
cinthie	merveilles17_imp_pie-ballard2	name386	Cinthie
philis	merveilles17_imp_pie-ballard2	name387	Philis
aglante	merveilles17_imp_pie-ballard2	name388	Aglante
moron	merveilles17_imp_pie-ballard2	name389	Moron
princesse_d_elide	merveilles17_imp_pie-ballard2	name390	la Princesse
princesse_d_elide	merveilles17_imp_pie-ballard2	name391	LA PRINCESSE
moron	merveilles17_imp_pie-ballard2	name392	Moron
cinthie	merveilles17_imp_pie-ballard2	name393	Cinthie
moron	merveilles17_imp_pie-ballard2	name394	Moron
moron	merveilles17_imp_pie-ballard2	name395	Moron
cinthie	merveilles17_imp_pie-ballard2	name396	Cinthie
moron	merveilles17_imp_pie-ballard2	name397	Moron
cinthie	merveilles17_imp_pie-ballard2	name398	Cinthie
lycas	merveilles17_imp_pie-ballard2	name399	LYCAS
princesse_d_elide	merveilles17_imp_pie-ballard2	name400	LA PRINCESSE
aglante	merveilles17_imp_pie-ballard2	name401	Aglante
cinthie	merveilles17_imp_pie-ballard2	name402	Cinthie
philis	merveilles17_imp_pie-ballard2	name403	Philis
moron	merveilles17_imp_pie-ballard2	name404	Moron
lycas	merveilles17_imp_pie-ballard2	name405	LYCAS
iphitas	merveilles17_imp_pie-ballard2	name406	le Prince vostre Pere
theocle	merveilles17_imp_pie-ballard2	name407	les Princes de Pyle
euriale	merveilles17_imp_pie-ballard2	name408	d'Ithaque
aristomene	merveilles17_imp_pie-ballard2	name409	de Messene
princesse_d_elide	merveilles17_imp_pie-ballard2	name410	LA PRINCESSE
iphitas	merveilles17_imp_pie-ballard2	name411	LE PRINCE
euriale	merveilles17_imp_pie-ballard2	name412	EVRIALE
aristomene	merveilles17_imp_pie-ballard2	name413	Aristomene
theocle	merveilles17_imp_pie-ballard2	name414	Theocle
princesse_d_elide	merveilles17_imp_pie-ballard2	name415	LA PRINCESSE
aglante	merveilles17_imp_pie-ballard2	name416	Aglante
cinthie	merveilles17_imp_pie-ballard2	name417	Cinthie
philis	merveilles17_imp_pie-ballard2	name418	Philis
moron	merveilles17_imp_pie-ballard2	name419	Moron
princesse_d_elide	merveilles17_imp_pie-ballard2	name420	LA PRINCESSE
iphitas	merveilles17_imp_pie-ballard2	name421	LE PRINCE
venus	merveilles17_imp_pie-ballard2	name422	Venus
theocle	merveilles17_imp_pie-ballard2	name423	ces Princes
aristomene	merveilles17_imp_pie-ballard2	name424	ces Princes
euriale	merveilles17_imp_pie-ballard2	name425	ces Princes
theocle	merveilles17_imp_pie-ballard2	name426	Theocle
aristomene	merveilles17_imp_pie-ballard2	name427	Aristomene
euriale	merveilles17_imp_pie-ballard2	name428	EVRIALE
princesse_d_elide	merveilles17_imp_pie-ballard2	name429	LA PRINCESSE
aglante	merveilles17_imp_pie-ballard2	name430	Princesses
cinthie	merveilles17_imp_pie-ballard2	name431	Princesses
euriale	merveilles17_imp_pie-ballard2	name432	ce jeune Prince
aglante	merveilles17_imp_pie-ballard2	name433	Aglante
moron	merveilles17_imp_pie-ballard2	name434	Moron
princesse_d_elide	merveilles17_imp_pie-ballard2	name435	LA PRINCESSE
cinthie	merveilles17_imp_pie-ballard2	name436	Cinthie
princesse_d_elide	merveilles17_imp_pie-ballard2	name437	LA PRINCESSE
cinthie	merveilles17_imp_pie-ballard2	name438	Cinthie
princesse_d_elide	merveilles17_imp_pie-ballard2	name439	LA PRINCESSE
moron	merveilles17_imp_pie-ballard2	name440	Moron
philis	merveilles17_imp_pie-ballard2	name441	Philis
moron	merveilles17_imp_pie-ballard2	name442	Moron
philis	merveilles17_imp_pie-ballard2	name443	Philis
philis	merveilles17_imp_pie-ballard2	name444	Philis
moron	merveilles17_imp_pie-ballard2	name445	Moron
tircis	merveilles17_imp_pie-ballard2	name446	Tircis
philis	merveilles17_imp_pie-ballard2	name447	Philis
moron	merveilles17_imp_pie-ballard2	name448	Moron
philis	merveilles17_imp_pie-ballard2	name449	Philis
moron	merveilles17_imp_pie-ballard2	name450	Moron
philis	merveilles17_imp_pie-ballard2	name451	Philis
moron	merveilles17_imp_pie-ballard2	name452	Moron
philis	merveilles17_imp_pie-ballard2	name453	Philis
moron	merveilles17_imp_pie-ballard2	name454	Moron
philis	merveilles17_imp_pie-ballard2	name455	Philis
moron	merveilles17_imp_pie-ballard2	name456	Moron
philis	merveilles17_imp_pie-ballard2	name457	Philis
moron	merveilles17_imp_pie-ballard2	name458	Moron
philis	merveilles17_imp_pie-ballard2	name459	Philis
philis	merveilles17_imp_pie-ballard2	name460	Philis
moron	merveilles17_imp_pie-ballard2	name461	Moron
philis	merveilles17_imp_pie-ballard2	name462	Philis
moron	merveilles17_imp_pie-ballard2	name463	Moron
philis	merveilles17_imp_pie-ballard2	name464	Philis
moron	merveilles17_imp_pie-ballard2	name465	Moron
philis	merveilles17_imp_pie-ballard2	name466	Philis
satyre	merveilles17_imp_pie-ballard2	name467	SATYRE
moron	merveilles17_imp_pie-ballard2	name468	Moron
satyre	merveilles17_imp_pie-ballard2	name469	SATYRE
moron	merveilles17_imp_pie-ballard2	name470	Moron
satyre	merveilles17_imp_pie-ballard2	name471	Satyre
satyre	merveilles17_imp_pie-ballard2	name472	SATYRE
moron	merveilles17_imp_pie-ballard2	name473	Moron
satyre	merveilles17_imp_pie-ballard2	name474	SATYRE
moron	merveilles17_imp_pie-ballard2	name475	Moron
satyre	merveilles17_imp_pie-ballard2	name476	SATYRE
moron	merveilles17_imp_pie-ballard2	name477	Moron
satyre	merveilles17_imp_pie-ballard2	name478	SATYRE
moron	merveilles17_imp_pie-ballard2	name479	Moron
satyre	merveilles17_imp_pie-ballard2	name480	SATYRE
cloris	merveilles17_imp_pie-ballard2	name481	Cloris
moron	merveilles17_imp_pie-ballard2	name482	Moron
satyre	merveilles17_imp_pie-ballard2	name483	le Satyre
moron	merveilles17_imp_pie-ballard2	name484	Moron
satyre	merveilles17_imp_pie-ballard2	name485	le Satyre
satyre	merveilles17_imp_pie-ballard2	name486	SATYRE
moron	merveilles17_imp_pie-ballard2	name487	Moron
satyre	merveilles17_imp_pie-ballard2	name488	SATYRE
moron	merveilles17_imp_pie-ballard2	name489	Moron
satyre	merveilles17_imp_pie-ballard2	name490	Le Satyre
princesse_d_elide	merveilles17_imp_pie-ballard2	name491	La Princesse d’Elide
euriale	merveilles17_imp_pie-ballard2	name492	le Prince d’Ithaque
euriale	merveilles17_imp_pie-ballard2	name493	le Prince d’Ithaque
cinthie	merveilles17_imp_pie-ballard2	name494	la Princesse sa parente
moron	merveilles17_imp_pie-ballard2	name495	Moron
princesse_d_elide	merveilles17_imp_pie-ballard2	name496	LA PRINCESSE
aglante	merveilles17_imp_pie-ballard2	name497	Aglante
cinthie	merveilles17_imp_pie-ballard2	name498	Cinthie
philis	merveilles17_imp_pie-ballard2	name499	Philis
cinthie	merveilles17_imp_pie-ballard2	name500	Cinthie
euriale	merveilles17_imp_pie-ballard2	name501	Prince
princesse_d_elide	merveilles17_imp_pie-ballard2	name502	LA PRINCESSE
moron	merveilles17_imp_pie-ballard2	name503	Moron
euriale	merveilles17_imp_pie-ballard2	name504	EVRIALE
moron	merveilles17_imp_pie-ballard2	name505	Moron
arbate	merveilles17_imp_pie-ballard2	name506	arbate
euriale	merveilles17_imp_pie-ballard2	name507	EVRIALE
moron	merveilles17_imp_pie-ballard2	name508	Moron
moron	merveilles17_imp_pie-ballard2	name509	Moron
arbate	merveilles17_imp_pie-ballard2	name510	arbate
princesse_d_elide	merveilles17_imp_pie-ballard2	name511	la Princesse
moron	merveilles17_imp_pie-ballard2	name512	Moron
princesse_d_elide	merveilles17_imp_pie-ballard2	name513	LA PRINCESSE
moron	merveilles17_imp_pie-ballard2	name514	Moron
princesse_d_elide	merveilles17_imp_pie-ballard2	name515	LA PRINCESSE
moron	merveilles17_imp_pie-ballard2	name516	Moron
euriale	merveilles17_imp_pie-ballard2	name517	le Prince d'Ithaque
moron	merveilles17_imp_pie-ballard2	name518	Moron
princesse_d_elide	merveilles17_imp_pie-ballard2	name519	LA PRINCESSE
moron	merveilles17_imp_pie-ballard2	name520	Moron
princesse_d_elide	merveilles17_imp_pie-ballard2	name521	LA PRINCESSE
moron	merveilles17_imp_pie-ballard2	name522	Moron
princesse_d_elide	merveilles17_imp_pie-ballard2	name523	LA PRINCESSE
moron	merveilles17_imp_pie-ballard2	name524	Moron
moron	merveilles17_imp_pie-ballard2	name525	Moron
princesse_d_elide	merveilles17_imp_pie-ballard2	name526	LA PRINCESSE
moron	merveilles17_imp_pie-ballard2	name527	Moron
princesse_d_elide	merveilles17_imp_pie-ballard2	name528	LA PRINCESSE
moron	merveilles17_imp_pie-ballard2	name529	Moron
princesse_d_elide	merveilles17_imp_pie-ballard2	name530	LA PRINCESSE
moron	merveilles17_imp_pie-ballard2	name531	Moron
princesse_d_elide	merveilles17_imp_pie-ballard2	name532	LA PRINCESSE
moron	merveilles17_imp_pie-ballard2	name533	Moron
princesse_d_elide	merveilles17_imp_pie-ballard2	name534	LA PRINCESSE
moron	merveilles17_imp_pie-ballard2	name535	Moron
princesse_d_elide	merveilles17_imp_pie-ballard2	name536	LA PRINCESSE
moron	merveilles17_imp_pie-ballard2	name537	Moron
princesse_d_elide	merveilles17_imp_pie-ballard2	name538	LA PRINCESSE
moron	merveilles17_imp_pie-ballard2	name539	Moron
princesse_d_elide	merveilles17_imp_pie-ballard2	name540	LA PRINCESSE
euriale	merveilles17_imp_pie-ballard2	name541	EVRIALE
moron	merveilles17_imp_pie-ballard2	name542	Moron
arbate	merveilles17_imp_pie-ballard2	name543	arbate
moron	merveilles17_imp_pie-ballard2	name544	Moron
princesse_d_elide	merveilles17_imp_pie-ballard2	name545	la Princesse
princesse_d_elide	merveilles17_imp_pie-ballard2	name546	LA PRINCESSE
euriale	merveilles17_imp_pie-ballard2	name547	EVRIALE
princesse_d_elide	merveilles17_imp_pie-ballard2	name548	LA PRINCESSE
euriale	merveilles17_imp_pie-ballard2	name549	EVRIALE
princesse_d_elide	merveilles17_imp_pie-ballard2	name550	LA PRINCESSE
euriale	merveilles17_imp_pie-ballard2	name551	EVRIALE
princesse_d_elide	merveilles17_imp_pie-ballard2	name552	LA PRINCESSE
euriale	merveilles17_imp_pie-ballard2	name553	EVRIALE
princesse_d_elide	merveilles17_imp_pie-ballard2	name554	LA PRINCESSE
euriale	merveilles17_imp_pie-ballard2	name555	EVRIALE
princesse_d_elide	merveilles17_imp_pie-ballard2	name556	LA PRINCESSE
euriale	merveilles17_imp_pie-ballard2	name557	EVRIALE
princesse_d_elide	merveilles17_imp_pie-ballard2	name558	LA PRINCESSE
moron	merveilles17_imp_pie-ballard2	name559	Moron
princesse_d_elide	merveilles17_imp_pie-ballard2	name560	LA PRINCESSE
moron	merveilles17_imp_pie-ballard2	name561	Moron
euriale	merveilles17_imp_pie-ballard2	name562	Prince
euriale	merveilles17_imp_pie-ballard2	name563	EVRIALE
moron	merveilles17_imp_pie-ballard2	name564	Moron
princesse_d_elide	merveilles17_imp_pie-ballard2	name565	LA PRINCESSE
euriale	merveilles17_imp_pie-ballard2	name566	EVRIALE
princesse_d_elide	merveilles17_imp_pie-ballard2	name567	LA PRINCESSE
moron	merveilles17_imp_pie-ballard2	name568	Moron
philis	merveilles17_imp_pie-ballard2	name569	Philis
tircis	merveilles17_imp_pie-ballard2	name570	TIRCIS
moron	merveilles17_imp_pie-ballard2	name571	Moron
princesse_d_elide	merveilles17_imp_pie-ballard2	name572	LA PRINCESSE
moron	merveilles17_imp_pie-ballard2	name573	Moron
princesse_d_elide	merveilles17_imp_pie-ballard2	name574	LA PRINCESSE
moron	merveilles17_imp_pie-ballard2	name575	Moron
moron	merveilles17_imp_pie-ballard2	name576	Moron
princesse_d_elide	merveilles17_imp_pie-ballard2	name577	LA PRINCESSE
moron	merveilles17_imp_pie-ballard2	name578	Moron
princesse_d_elide	merveilles17_imp_pie-ballard2	name579	LA PRINCESSE
moron	merveilles17_imp_pie-ballard2	name580	Moron
princesse_d_elide	merveilles17_imp_pie-ballard2	name581	Princesse
princesse_d_elide	merveilles17_imp_pie-ballard2	name582	LA PRINCESSE
moron	merveilles17_imp_pie-ballard2	name583	Moron
princesse_d_elide	merveilles17_imp_pie-ballard2	name584	LA PRINCESSE
moron	merveilles17_imp_pie-ballard2	name585	Moron
princesse_d_elide	merveilles17_imp_pie-ballard2	name586	LA PRINCESSE
moron	merveilles17_imp_pie-ballard2	name587	Moron
moron	merveilles17_imp_pie-ballard2	name588	Moron
princesse_d_elide	merveilles17_imp_pie-ballard2	name589	LA PRINCESSE
philis	merveilles17_imp_pie-ballard2	name590	Philis
tircis	merveilles17_imp_pie-ballard2	name591	TIRCIS
philis	merveilles17_imp_pie-ballard2	name592	Philis
tircis	merveilles17_imp_pie-ballard2	name593	Tircis
tircis	merveilles17_imp_pie-ballard2	name594	TIRCIS
philis	merveilles17_imp_pie-ballard2	name595	Philis
moron	merveilles17_imp_pie-ballard2	name596	Moron
philis	merveilles17_imp_pie-ballard2	name597	Philis
tircis	merveilles17_imp_pie-ballard2	name598	TIRCIS
moron	merveilles17_imp_pie-ballard2	name599	Moron
philis	merveilles17_imp_pie-ballard2	name600	Philis
moron	merveilles17_imp_pie-ballard2	name601	Moron
philis	merveilles17_imp_pie-ballard2	name602	Philis
tircis	merveilles17_imp_pie-ballard2	name603	Tircis
moron	merveilles17_imp_pie-ballard2	name604	Moron
philis	merveilles17_imp_pie-ballard2	name605	Philis
tircis	merveilles17_imp_pie-ballard2	name606	TIRCIS
moron	merveilles17_imp_pie-ballard2	name607	Moron
philis	merveilles17_imp_pie-ballard2	name608	Philis
tircis	merveilles17_imp_pie-ballard2	name609	Tircis
moron	merveilles17_imp_pie-ballard2	name610	Moron
philis	merveilles17_imp_pie-ballard2	name611	Philis
moron	merveilles17_imp_pie-ballard2	name612	Moron
moron	merveilles17_imp_pie-ballard2	name613	Moron
moron	merveilles17_imp_pie-ballard2	name614	Moron
philis	merveilles17_imp_pie-ballard2	name615	Philis
moron	merveilles17_imp_pie-ballard2	name616	Moron
philis	merveilles17_imp_pie-ballard2	name617	Philis
moron	merveilles17_imp_pie-ballard2	name618	Moron
moron	merveilles17_imp_pie-ballard2	name619	Moron
philis	merveilles17_imp_pie-ballard2	name620	Philis
moron	merveilles17_imp_pie-ballard2	name621	Moron
philis	merveilles17_imp_pie-ballard2	name622	Philis
moron	merveilles17_imp_pie-ballard2	name623	Moron
tircis	merveilles17_imp_pie-ballard2	name624	TIRCIS
moron	merveilles17_imp_pie-ballard2	name625	Moron
tircis	merveilles17_imp_pie-ballard2	name626	TIRCIS
moron	merveilles17_imp_pie-ballard2	name627	Moron
moron	merveilles17_imp_pie-ballard2	name628	Moron
philis	merveilles17_imp_pie-ballard2	name629	Philis
tircis	merveilles17_imp_pie-ballard2	name630	Tircis
princesse_d_elide	merveilles17_imp_pie-ballard2	name631	La Princesse
euriale	merveilles17_imp_pie-ballard2	name632	Prince d’Ithaque
aristomene	merveilles17_imp_pie-ballard2	name633	le Prince de Messene
aglante	merveilles17_imp_pie-ballard2	name634	la Princesse sa parente
iphitas	merveilles17_imp_pie-ballard2	name635	Roy son Pere
princesse_d_elide	merveilles17_imp_pie-ballard2	name636	Princesse
aglante	merveilles17_imp_pie-ballard2	name637	sa Cousine
euriale	merveilles17_imp_pie-ballard2	name638	Prince
moron	merveilles17_imp_pie-ballard2	name639	Moron
euriale	merveilles17_imp_pie-ballard2	name640	EVRIALE
princesse_d_elide	merveilles17_imp_pie-ballard2	name641	LA PRINCESSE
moron	merveilles17_imp_pie-ballard2	name642	Moron
princesse_d_elide	merveilles17_imp_pie-ballard2	name643	LA PRINCESSE
euriale	merveilles17_imp_pie-ballard2	name644	PRince
aristomene	merveilles17_imp_pie-ballard2	name645	Prince
iphitas	merveilles17_imp_pie-ballard2	name646	vn Pere
euriale	merveilles17_imp_pie-ballard2	name647	EVRIALE
princesse_d_elide	merveilles17_imp_pie-ballard2	name648	LA PRINCESSE
euriale	merveilles17_imp_pie-ballard2	name649	EVRIALE
princesse_d_elide	merveilles17_imp_pie-ballard2	name650	LA PRINCESSE
euriale	merveilles17_imp_pie-ballard2	name651	EVRIALE
princesse_d_elide	merveilles17_imp_pie-ballard2	name652	LA PRINCESSE
euriale	merveilles17_imp_pie-ballard2	name653	EVRIALE
princesse_d_elide	merveilles17_imp_pie-ballard2	name654	LA PRINCESSE
euriale	merveilles17_imp_pie-ballard2	name655	Prince
aristomene	merveilles17_imp_pie-ballard2	name656	le Prince de Messene
euriale	merveilles17_imp_pie-ballard2	name657	EVRIALE
princesse_d_elide	merveilles17_imp_pie-ballard2	name658	LA PRINCESSE
moron	merveilles17_imp_pie-ballard2	name659	Moron
moron	merveilles17_imp_pie-ballard2	name660	Moron
princesse_d_elide	merveilles17_imp_pie-ballard2	name661	la Princesse
euriale	merveilles17_imp_pie-ballard2	name662	Prince
princesse_d_elide	merveilles17_imp_pie-ballard2	name663	la Princesse
euriale	merveilles17_imp_pie-ballard2	name664	Prince
princesse_d_elide	merveilles17_imp_pie-ballard2	name665	LA PRINCESSE
aristomene	merveilles17_imp_pie-ballard2	name666	Prince
moron	merveilles17_imp_pie-ballard2	name667	Moron
euriale	merveilles17_imp_pie-ballard2	name668	Prince
princesse_d_elide	merveilles17_imp_pie-ballard2	name669	LA PRINCESSE
euriale	merveilles17_imp_pie-ballard2	name670	Prince
euriale	merveilles17_imp_pie-ballard2	name671	EVRIALE
aglante	merveilles17_imp_pie-ballard2	name672	vne des Princesses, vos Cousines
aglante	merveilles17_imp_pie-ballard2	name673	Aglante
iphitas	merveilles17_imp_pie-ballard2	name674	Prince vostre Pere
moron	merveilles17_imp_pie-ballard2	name675	Moron
princesse_d_elide	merveilles17_imp_pie-ballard2	name676	LA PRINCESSE
moron	merveilles17_imp_pie-ballard2	name677	Moron
princesse_d_elide	merveilles17_imp_pie-ballard2	name678	LA PRINCESSE
moron	merveilles17_imp_pie-ballard2	name679	Moron
moron	merveilles17_imp_pie-ballard2	name680	Moron
princesse_d_elide	merveilles17_imp_pie-ballard2	name681	LA PRINCESSE
princesse_d_elide	merveilles17_imp_pie-ballard2	name682	LA PRINCESSE
aglante	merveilles17_imp_pie-ballard2	name683	Aglante
moron	merveilles17_imp_pie-ballard2	name684	Moron
princesse_d_elide	merveilles17_imp_pie-ballard2	name685	LA PRINCESSE
princesse_d_elide	merveilles17_imp_pie-ballard2	name686	PRincesse
euriale	merveilles17_imp_pie-ballard2	name687	Le Prince d’Ithaque
iphitas	merveilles17_imp_pie-ballard2	name688	Prince mon Pere
aglante	merveilles17_imp_pie-ballard2	name689	Aglante
euriale	merveilles17_imp_pie-ballard2	name690	Le Prince d’Ithaque
princesse_d_elide	merveilles17_imp_pie-ballard2	name691	LA PRINCESSE
aglante	merveilles17_imp_pie-ballard2	name692	Aglante
euriale	merveilles17_imp_pie-ballard2	name693	ce Prince
princesse_d_elide	merveilles17_imp_pie-ballard2	name694	LA PRINCESSE
aglante	merveilles17_imp_pie-ballard2	name695	Aglante
aglante	merveilles17_imp_pie-ballard2	name696	Aglante
princesse_d_elide	merveilles17_imp_pie-ballard2	name697	LA PRINCESSE
aristomene	merveilles17_imp_pie-ballard2	name698	Aristomene
moron	merveilles17_imp_pie-ballard2	name699	Moron
princesse_d_elide	merveilles17_imp_pie-ballard2	name700	LA PRINCESSE
aglante	merveilles17_imp_pie-ballard2	name701	Aglante
aristomene	merveilles17_imp_pie-ballard2	name702	Aristomene
princesse_d_elide	merveilles17_imp_pie-ballard2	name703	LA PRINCESSE
aristomene	merveilles17_imp_pie-ballard2	name704	Aristomene
euriale	merveilles17_imp_pie-ballard2	name705	Le prince d’Ithaque
princesse_d_elide	merveilles17_imp_pie-ballard2	name706	LA PRINCESSE
aristomene	merveilles17_imp_pie-ballard2	name707	Aristomene
princesse_d_elide	merveilles17_imp_pie-ballard2	name708	LA PRINCESSE
aristomene	merveilles17_imp_pie-ballard2	name709	Prince
aristomene	merveilles17_imp_pie-ballard2	name710	Aristomene
princesse_d_elide	merveilles17_imp_pie-ballard2	name711	LA PRINCESSE
aristomene	merveilles17_imp_pie-ballard2	name712	Prince
princesse_d_elide	merveilles17_imp_pie-ballard2	name713	LA PRINCESSE
aglante	merveilles17_imp_pie-ballard2	name714	Aglante
moron	merveilles17_imp_pie-ballard2	name715	Moron
princesse_d_elide	merveilles17_imp_pie-ballard2	name716	LA PRINCESSE
aglante	merveilles17_imp_pie-ballard2	name717	Princesse
aglante	merveilles17_imp_pie-ballard2	name718	Aglante
moron	merveilles17_imp_pie-ballard2	name719	Moron
princesse_d_elide	merveilles17_imp_pie-ballard2	name720	LA PRINCESSE
moron	merveilles17_imp_pie-ballard2	name721	Moron
euriale	merveilles17_imp_pie-ballard2	name722	ce jeune Prince
princesse_d_elide	merveilles17_imp_pie-ballard2	name723	LA PRINCESSE
moron	merveilles17_imp_pie-ballard2	name724	Moron
princesse_d_elide	merveilles17_imp_pie-ballard2	name725	LA PRINCESSE
moron	merveilles17_imp_pie-ballard2	name726	Moron
princesse_d_elide	merveilles17_imp_pie-ballard2	name727	LA PRINCESSE
euriale	merveilles17_imp_pie-ballard2	name728	ce jeune Prince
climene	merveilles17_imp_pie-ballard2	name729	CLIMENE
philis	merveilles17_imp_pie-ballard2	name730	Philis
climene	merveilles17_imp_pie-ballard2	name731	CLLIMENE
philis	merveilles17_imp_pie-ballard2	name732	Philis
philis	merveilles17_imp_pie-ballard2	name733	Philis
climene	merveilles17_imp_pie-ballard2	name734	CLIMENE
philis	merveilles17_imp_pie-ballard2	name735	Philis
climene	merveilles17_imp_pie-ballard2	name736	CLIMENE
philis	merveilles17_imp_pie-ballard2	name737	Philis
climene	merveilles17_imp_pie-ballard2	name738	CLIMENE
philis	merveilles17_imp_pie-ballard2	name739	Philis
philis	merveilles17_imp_pie-ballard2	name740	Philis
cloris	merveilles17_imp_pie-ballard2	name741	Cloris
climene	merveilles17_imp_pie-ballard2	name742	CLIMENE
amarante	merveilles17_imp_pie-ballard2	name743	Amarante
philis	merveilles17_imp_pie-ballard2	name744	Philis
climene	merveilles17_imp_pie-ballard2	name745	CLIMENE
philis	merveilles17_imp_pie-ballard2	name746	Philis
philis	merveilles17_imp_pie-ballard2	name747	Philis
climene	merveilles17_imp_pie-ballard2	name748	CLIMENE
climene	merveilles17_imp_pie-ballard2	name749	TOVTES DEVX ENSEMBLES
philis	merveilles17_imp_pie-ballard2	name750	TOVTES DEVX ENSEMBLES
princesse_d_elide	merveilles17_imp_pie-ballard2	name751	LA Princesse
aristomene	merveilles17_imp_pie-ballard2	name752	Prince de Messene
euriale	merveilles17_imp_pie-ballard2	name753	le prince d’Ithaque
princesse_d_elide	merveilles17_imp_pie-ballard2	name754	la Princesse
euriale	merveilles17_imp_pie-ballard2	name755	le Prince d’Ithaque
aristomene	merveilles17_imp_pie-ballard2	name756	le Prince de Messene
princesse_d_elide	merveilles17_imp_pie-ballard2	name757	La Princesse
iphitas	merveilles17_imp_pie-ballard2	name758	le Roy son Pere
euriale	merveilles17_imp_pie-ballard2	name759	le Prince d’Ithaque
princesse_d_elide	merveilles17_imp_pie-ballard2	name760	sa fille
euriale	merveilles17_imp_pie-ballard2	name761	le prince d’Ithaque
aglante	merveilles17_imp_pie-ballard2	name762	la Princesse
euriale	merveilles17_imp_pie-ballard2	name763	le Prince
princesse_d_elide	merveilles17_imp_pie-ballard2	name764	La Princesse
iphitas	merveilles17_imp_pie-ballard2	name765	le Roy
aristomene	merveilles17_imp_pie-ballard2	name766	les deux Princes de Messene
theocle	merveilles17_imp_pie-ballard2	name767	de Pyle
aglante	merveilles17_imp_pie-ballard2	name768	ses deux parentes
cinthie	merveilles17_imp_pie-ballard2	name769	ses deux parentes
iphitas	merveilles17_imp_pie-ballard2	name770	LE PRINCE
euriale	merveilles17_imp_pie-ballard2	name771	EVRIALE
moron	merveilles17_imp_pie-ballard2	name772	Moron
aglante	merveilles17_imp_pie-ballard2	name773	Aglante
cinthie	merveilles17_imp_pie-ballard2	name774	Cinthie
moron	merveilles17_imp_pie-ballard2	name775	Moron
iphitas	merveilles17_imp_pie-ballard2	name776	LE PRINCE
euriale	merveilles17_imp_pie-ballard2	name777	Prince
euriale	merveilles17_imp_pie-ballard2	name778	EVRIALE
iphitas	merveilles17_imp_pie-ballard2	name779	LE PRINCE
euriale	merveilles17_imp_pie-ballard2	name780	Prince
princesse_d_elide	merveilles17_imp_pie-ballard2	name781	ma fille
princesse_d_elide	merveilles17_imp_pie-ballard2	name782	LA PRINCESSE
euriale	merveilles17_imp_pie-ballard2	name783	LE PRINCE EVRIALE
aglante	merveilles17_imp_pie-ballard2	name784	Aglante
cinthie	merveilles17_imp_pie-ballard2	name785	Cinthie
moron	merveilles17_imp_pie-ballard2	name786	Moron
princesse_d_elide	merveilles17_imp_pie-ballard2	name787	LA PRINCESSE
iphitas	merveilles17_imp_pie-ballard2	name788	LE PRINCE
princesse_d_elide	merveilles17_imp_pie-ballard2	name789	LA PRINCESSE
euriale	merveilles17_imp_pie-ballard2	name790	Prince
aglante	merveilles17_imp_pie-ballard2	name791	la Princesse Aglante
iphitas	merveilles17_imp_pie-ballard2	name792	LE PRINCE
princesse_d_elide	merveilles17_imp_pie-ballard2	name793	LA PRINCESSE
euriale	merveilles17_imp_pie-ballard2	name794	ce Prince
iphitas	merveilles17_imp_pie-ballard2	name795	LE PRINCE
princesse_d_elide	merveilles17_imp_pie-ballard2	name796	LA PRINCESSE
iphitas	merveilles17_imp_pie-ballard2	name797	LE PRINCE
princesse_d_elide	merveilles17_imp_pie-ballard2	name798	LA PRINCESSE
iphitas	merveilles17_imp_pie-ballard2	name799	LE PRINCE
princesse_d_elide	merveilles17_imp_pie-ballard2	name800	LA PRINCESSE
iphitas	merveilles17_imp_pie-ballard2	name801	LE PRINCE
princesse_d_elide	merveilles17_imp_pie-ballard2	name802	LA PRINCESSE
iphitas	merveilles17_imp_pie-ballard2	name803	LE PRINCE
princesse_d_elide	merveilles17_imp_pie-ballard2	name804	LA PRINCESSE
aglante	merveilles17_imp_pie-ballard2	name805	Aglante
iphitas	merveilles17_imp_pie-ballard2	name806	LE PRINCE
princesse_d_elide	merveilles17_imp_pie-ballard2	name807	LA PRINCESSE
iphitas	merveilles17_imp_pie-ballard2	name808	LE PRINCE
euriale	merveilles17_imp_pie-ballard2	name809	ce Prince
princesse_d_elide	merveilles17_imp_pie-ballard2	name810	LA PRINCESSE
iphitas	merveilles17_imp_pie-ballard2	name811	LE PRINCE
princesse_d_elide	merveilles17_imp_pie-ballard2	name812	LA PRINCESSE
iphitas	merveilles17_imp_pie-ballard2	name813	LE PRINCE
aglante	merveilles17_imp_pie-ballard2	name814	la Princesse Aglante
princesse_d_elide	merveilles17_imp_pie-ballard2	name815	LA PRINCESSE
iphitas	merveilles17_imp_pie-ballard2	name816	LE PRINCE
aglante	merveilles17_imp_pie-ballard2	name817	Elle
princesse_d_elide	merveilles17_imp_pie-ballard2	name818	LA PRINCESSE
euriale	merveilles17_imp_pie-ballard2	name819	EVRIALE
iphitas	merveilles17_imp_pie-ballard2	name820	le Prince vostre Pere
princesse_d_elide	merveilles17_imp_pie-ballard2	name821	LA PRINCESSE
euriale	merveilles17_imp_pie-ballard2	name822	Prince
iphitas	merveilles17_imp_pie-ballard2	name823	LE PRINCE
euriale	merveilles17_imp_pie-ballard2	name824	Prince
princesse_d_elide	merveilles17_imp_pie-ballard2	name825	LA PRINCESSE
iphitas	merveilles17_imp_pie-ballard2	name826	LE PRINCE
euriale	merveilles17_imp_pie-ballard2	name827	Prince
euriale	merveilles17_imp_pie-ballard2	name828	EVRIALE
moron	merveilles17_imp_pie-ballard2	name829	Moron
princesse_d_elide	merveilles17_imp_pie-ballard2	name830	la Princesse
moron	merveilles17_imp_pie-ballard2	name831	Moron
aristomene	merveilles17_imp_pie-ballard2	name832	Aristomene
theocle	merveilles17_imp_pie-ballard2	name833	THEOCLES
iphitas	merveilles17_imp_pie-ballard2	name834	LE PRINCE
princesse_d_elide	merveilles17_imp_pie-ballard2	name835	LA PRINCESSE
aglante	merveilles17_imp_pie-ballard2	name836	Aglante
cinthie	merveilles17_imp_pie-ballard2	name837	Cinthie
moron	merveilles17_imp_pie-ballard2	name838	Moron
iphitas	merveilles17_imp_pie-ballard2	name839	LE PRINCE
aristomene	merveilles17_imp_pie-ballard2	name840	Princes
theocle	merveilles17_imp_pie-ballard2	name841	Princes
princesse_d_elide	merveilles17_imp_pie-ballard2	name842	ma Fille
aglante	merveilles17_imp_pie-ballard2	name843	deux Princesses
cinthie	merveilles17_imp_pie-ballard2	name844	deux Princesses
aristomene	merveilles17_imp_pie-ballard2	name845	Aristomene
aglante	merveilles17_imp_pie-ballard2	name846	Princesses
cinthie	merveilles17_imp_pie-ballard2	name847	Princesses
philis	merveilles17_imp_pie-ballard2	name848	Philis
aristomene	merveilles17_imp_pie-ballard2	name849	Aristomene
theocle	merveilles17_imp_pie-ballard2	name850	THEOCLES
iphitas	merveilles17_imp_pie-ballard2	name851	LE PRINCE
princesse_d_elide	merveilles17_imp_pie-ballard2	name852	LA PRINCESSE
aglante	merveilles17_imp_pie-ballard2	name853	Aglante
cinthie	merveilles17_imp_pie-ballard2	name854	Cinthie
moron	merveilles17_imp_pie-ballard2	name855	Moron
philis	merveilles17_imp_pie-ballard2	name856	Philis
venus	merveilles17_imp_pie-ballard2	name857	la Deesse Venus
princesse_d_elide	merveilles17_imp_pie-ballard2	name858	la Princesse
pasteurs	merveilles17_imp_pie-ballard2	name859	les Pasteurs
bergere	merveilles17_imp_pie-ballard2	name860	les Bergeres
pasteurs	merveilles17_imp_pie-ballard2	name861	PASTEVRS
bergere	merveilles17_imp_pie-ballard2	name862	BERGERES
bergere	merveilles17_imp_pie-ballard2	name863	BERGERES
berger	merveilles17_imp_pie-ballard2	name864	Quatre Bergers
berger	merveilles17_imp_pie-ballard2	name865	Quatre Bergers
berger	merveilles17_imp_pie-ballard2	name866	Quatre Bergers
simon_blondel	merveilles17_imp_pie-ballard2	name867	Quatre Bergers
bergere	merveilles17_imp_pie-ballard2	name868	deux Bergeres Heroïques
bergere	merveilles17_imp_pie-ballard2	name869	deux Bergeres Heroïques
berger	merveilles17_imp_pie-ballard2	name870	les premiers
berger	merveilles17_imp_pie-ballard2	name871	les premiers
berger	merveilles17_imp_pie-ballard2	name872	les premiers
simon_blondel	merveilles17_imp_pie-ballard2	name873	les premiers
bergere	merveilles17_imp_pie-ballard2	name874	les deux Bergeres
bergere	merveilles17_imp_pie-ballard2	name875	les deux Bergeres
bergere	merveilles17_imp_pie-ballard2	name876	Bergeres
faunes	merveilles17_imp_pie-ballard2	name877	Faunes
berger	merveilles17_imp_pie-ballard2	name878	quatre Bergers
berger	merveilles17_imp_pie-ballard2	name879	quatre Bergers
berger	merveilles17_imp_pie-ballard2	name880	quatre Bergers
berger	merveilles17_imp_pie-ballard2	name881	quatre Bergers
bergere	merveilles17_imp_pie-ballard2	name882	quatre Bergeres
bergere	merveilles17_imp_pie-ballard2	name883	quatre Bergeres
bergere	merveilles17_imp_pie-ballard2	name884	quatre Bergeres
bergere	merveilles17_imp_pie-ballard2	name885	quatre Bergeres
faunes	merveilles17_imp_pie-ballard2	name886	Faunes
berger	merveilles17_imp_pie-ballard2	name887	Les Bergers
berger	merveilles17_imp_pie-ballard2	name888	Les Bergers
berger	merveilles17_imp_pie-ballard2	name889	Les Bergers
berger	merveilles17_imp_pie-ballard2	name890	Les Bergers
bergere	merveilles17_imp_pie-ballard2	name891	les Bergeres
bergere	merveilles17_imp_pie-ballard2	name892	les Bergeres
bergere	merveilles17_imp_pie-ballard2	name893	les Bergeres
bergere	merveilles17_imp_pie-ballard2	name894	les Bergeres
chevalier	merveilles17_imp_pie-ballard2	name895	Cheualiers
chevalier	merveilles17_imp_pie-ballard2	name896	ces Guerriers
alcine	merveilles17_imp_pie-ballard2	name897	Alcine
alcine	merveilles17_imp_pie-ballard2	name898	Alcine
celie	merveilles17_imp_pie-ballard2	name899	Celie
dirce	merveilles17_imp_pie-ballard2	name900	Dircé
alcine	merveilles17_imp_pie-ballard2	name901	Alcine
alcine	merveilles17_imp_pie-ballard2	name902	ALCINE
celie	merveilles17_imp_pie-ballard2	name903	CELIE
dirce	merveilles17_imp_pie-ballard2	name904	DIRCE
alcine	merveilles17_imp_pie-ballard2	name905	ALCINE
celie	merveilles17_imp_pie-ballard2	name906	CÉLIE
alcine	merveilles17_imp_pie-ballard2	name907	ALCINE
melisse	merveilles17_imp_pie-ballard2	name908	Melisse
bradamante	merveilles17_imp_pie-ballard2	name909	Bradamante
roger	merveilles17_imp_pie-ballard2	name910	Roger
celie	merveilles17_imp_pie-ballard2	name911	CELIE
logistile	merveilles17_imp_pie-ballard2	name912	Logistile
melisse	merveilles17_imp_pie-ballard2	name913	Melisse
dirce	merveilles17_imp_pie-ballard2	name914	DIRCÉ
alcine	merveilles17_imp_pie-ballard2	name915	ALCINE
celie	merveilles17_imp_pie-ballard2	name916	CELIE
melisse	merveilles17_imp_pie-ballard2	name917	Melisse
alcine	merveilles17_imp_pie-ballard2	name918	ALCINE
dirce	merveilles17_imp_pie-ballard2	name919	DIRCÉ
alcine	merveilles17_imp_pie-ballard2	name920	ALCINE
alcine	merveilles17_imp_pie-ballard2	name921	Alcine
celie	merveilles17_imp_pie-ballard2	name922	Celie
dirce	merveilles17_imp_pie-ballard2	name923	Dircé
alcine	merveilles17_imp_pie-ballard2	name924	Alcine
geant	merveilles17_imp_pie-ballard2	name925	Quatre Geants
geant	merveilles17_imp_pie-ballard2	name926	Quatre Geants
geant	merveilles17_imp_pie-ballard2	name927	Quatre Geants
geant	merveilles17_imp_pie-ballard2	name928	Quatre Geants
nain	merveilles17_imp_pie-ballard2	name929	quatre Nains
nain	merveilles17_imp_pie-ballard2	name930	quatre Nains
nain	merveilles17_imp_pie-ballard2	name931	quatre Nains
geant	merveilles17_imp_pie-ballard2	name932	Geants
geant	merveilles17_imp_pie-ballard2	name933	Geants
geant	merveilles17_imp_pie-ballard2	name934	Geants
geant	merveilles17_imp_pie-ballard2	name935	Geants
geant	merveilles17_imp_pie-ballard2	name936	QVatre Geants
geant	merveilles17_imp_pie-ballard2	name937	QVatre Geants
geant	merveilles17_imp_pie-ballard2	name938	QVatre Geants
geant	merveilles17_imp_pie-ballard2	name939	QVatre Geants
nain	merveilles17_imp_pie-ballard2	name940	quatre Nains
nain	merveilles17_imp_pie-ballard2	name941	quatre Nains
nain	merveilles17_imp_pie-ballard2	name942	quatre Nains
geant	merveilles17_imp_pie-ballard2	name943	Geants
geant	merveilles17_imp_pie-ballard2	name944	Geants
geant	merveilles17_imp_pie-ballard2	name945	Geants
geant	merveilles17_imp_pie-ballard2	name946	Geants
nain	merveilles17_imp_pie-ballard2	name947	Nains
nain	merveilles17_imp_pie-ballard2	name948	Nains
nain	merveilles17_imp_pie-ballard2	name949	Nains
maure	merveilles17_imp_pie-ballard2	name950	HVit Maures
maure	merveilles17_imp_pie-ballard2	name951	HVit Maures
maure	merveilles17_imp_pie-ballard2	name952	HVit Maures
maure	merveilles17_imp_pie-ballard2	name953	HVit Maures
maure	merveilles17_imp_pie-ballard2	name954	HVit Maures
maure	merveilles17_imp_pie-ballard2	name955	HVit Maures
maure	merveilles17_imp_pie-ballard2	name956	HVit Maures
maure	merveilles17_imp_pie-ballard2	name957	HVit Maures
alcine	merveilles17_imp_pie-ballard2	name958	Alcine
maure	merveilles17_imp_pie-ballard2	name959	Maures
maure	merveilles17_imp_pie-ballard2	name960	Maures
maure	merveilles17_imp_pie-ballard2	name961	Maures
maure	merveilles17_imp_pie-ballard2	name962	Maures
maure	merveilles17_imp_pie-ballard2	name963	Maures
maure	merveilles17_imp_pie-ballard2	name964	Maures
maure	merveilles17_imp_pie-ballard2	name965	Maures
maure	merveilles17_imp_pie-ballard2	name966	Maures
chevalier	merveilles17_imp_pie-ballard2	name967	six Cheualiers
chevalier	merveilles17_imp_pie-ballard2	name968	six Cheualiers
chevalier	merveilles17_imp_pie-ballard2	name969	six Cheualiers
chevalier	merveilles17_imp_pie-ballard2	name970	six Cheualiers
chevalier	merveilles17_imp_pie-ballard2	name971	six Cheualiers
chevalier	merveilles17_imp_pie-ballard2	name972	six Cheualiers
alcine	merveilles17_imp_pie-ballard2	name973	Alcine
monstres	merveilles17_imp_pie-ballard2	name974	Monstres
monstres	merveilles17_imp_pie-ballard2	name975	Monstres
monstres	merveilles17_imp_pie-ballard2	name976	Monstres
monstres	merveilles17_imp_pie-ballard2	name977	Monstres
monstres	merveilles17_imp_pie-ballard2	name978	Monstres
monstres	merveilles17_imp_pie-ballard2	name979	Monstres
chevalier	merveilles17_imp_pie-ballard2	name980	Six Cheualiers
chevalier	merveilles17_imp_pie-ballard2	name981	Six Cheualiers
chevalier	merveilles17_imp_pie-ballard2	name982	Six Cheualiers
chevalier	merveilles17_imp_pie-ballard2	name983	Six Cheualiers
chevalier	merveilles17_imp_pie-ballard2	name984	Six Cheualiers
chevalier	merveilles17_imp_pie-ballard2	name985	Six Cheualiers
monstres	merveilles17_imp_pie-ballard2	name986	six Monstres
monstres	merveilles17_imp_pie-ballard2	name987	six Monstres
monstres	merveilles17_imp_pie-ballard2	name988	six Monstres
monstres	merveilles17_imp_pie-ballard2	name989	six Monstres
monstres	merveilles17_imp_pie-ballard2	name990	six Monstres
monstres	merveilles17_imp_pie-ballard2	name991	six Monstres
chevalier	merveilles17_imp_pie-ballard2	name992	Cheualiers
chevalier	merveilles17_imp_pie-ballard2	name993	Cheualiers
chevalier	merveilles17_imp_pie-ballard2	name994	Cheualiers
chevalier	merveilles17_imp_pie-ballard2	name995	Cheualiers
chevalier	merveilles17_imp_pie-ballard2	name996	Cheualiers
chevalier	merveilles17_imp_pie-ballard2	name997	Cheualiers
monstres	merveilles17_imp_pie-ballard2	name998	Monstres
monstres	merveilles17_imp_pie-ballard2	name999	Monstres
monstres	merveilles17_imp_pie-ballard2	name1000	Monstres
monstres	merveilles17_imp_pie-ballard2	name1001	Monstres
monstres	merveilles17_imp_pie-ballard2	name1002	Monstres
monstres	merveilles17_imp_pie-ballard2	name1003	Monstres
alcine	merveilles17_imp_pie-ballard2	name1004	Alcine
demon	merveilles17_imp_pie-ballard2	name1005	Esprits
demon	merveilles17_imp_pie-ballard2	name1006	Demons agilles
demon	merveilles17_imp_pie-ballard2	name1007	Demons agilles
demon	merveilles17_imp_pie-ballard2	name1008	Demons
demon	merveilles17_imp_pie-ballard2	name1009	Demons
demon	merveilles17_imp_pie-ballard2	name1010	Demons
demon	merveilles17_imp_pie-ballard2	name1011	Demons
alcine	merveilles17_imp_pie-ballard2	name1012	la Magicienne
demon	merveilles17_imp_pie-ballard2	name1013	Autres Demons Sauteurs
demon	merveilles17_imp_pie-ballard2	name1014	Autres Demons Sauteurs
demon	merveilles17_imp_pie-ballard2	name1015	Autres Demons Sauteurs
demon	merveilles17_imp_pie-ballard2	name1016	Autres Demons Sauteurs
roger	merveilles17_imp_pie-ballard2	name1017	Roger
chevalier	merveilles17_imp_pie-ballard2	name1018	Cheualiers de sa suitte
melisse	merveilles17_imp_pie-ballard2	name1019	Melisse
melisse	merveilles17_imp_pie-ballard2	name1020	Melisse
roger	merveilles17_imp_pie-ballard2	name1021	braue Cheualier
alcine	merveilles17_imp_pie-ballard2	name1022	Alcine
melisse	merveilles17_imp_pie-ballard2	name1023	Melisse
roger	merveilles17_imp_pie-ballard2	name1024	Roger
chevalier	merveilles17_imp_pie-ballard2	name1025	Cheualiers
chevalier	merveilles17_imp_pie-ballard2	name1026	Cheualiers
chevalier	merveilles17_imp_pie-ballard2	name1027	Cheualiers
chevalier	merveilles17_imp_pie-ballard2	name1028	Cheualiers
ecuyers	merveilles17_imp_pie-ballard2	name1029	Escuyers
ecuyers	merveilles17_imp_pie-ballard2	name1030	Escuyers
ecuyers	merveilles17_imp_pie-ballard2	name1031	Escuyers
ecuyers	merveilles17_imp_pie-ballard2	name1032	Escuyers
chevalier	merveilles17_imp_pie-ballard2	name1033	Cheualiers
chevalier	merveilles17_imp_pie-ballard2	name1034	Cheualiers
chevalier	merveilles17_imp_pie-ballard2	name1035	Cheualiers
chevalier	merveilles17_imp_pie-ballard2	name1036	Cheualiers
louisxiv	merveilles17_imp_pie-ballard2	name1037	Roy
chevalier	merveilles17_imp_pie-ballard2	name1038	Cheualiers
chevalier	merveilles17_imp_pie-ballard2	name1039	Cheualiers
guidon_le_sauvage	merveilles17_imp_pie-ballard2	name1040	Guidon le Sauvage
guidon_le_sauvage	merveilles17_imp_pie-ballard2	name1041	Guidon
olivier	merveilles17_imp_pie-ballard2	name1042	Oliuier
chevalier	merveilles17_imp_pie-ballard2	name1043	Cheualiers
roger	merveilles17_imp_pie-guignard1668	name3	Roger
chevalier	merveilles17_imp_pie-guignard1668	name4	Chevaliers
alcine	merveilles17_imp_pie-guignard1668	name5	Magicienne
angelique	merveilles17_imp_pie-guignard1668	name6	Angelique
melisse	merveilles17_imp_pie-guignard1668	name7	Melisse
atlas	merveilles17_imp_pie-guignard1668	name8	Atlas
roger	merveilles17_imp_pie-guignard1668	name9	Roger
heraut_d_armes	merveilles17_imp_pie-guignard1668	name10	Heraut d’Armes
page	merveilles17_imp_pie-guignard1668	name11	trois Pages
page	merveilles17_imp_pie-guignard1668	name12	deux autres Pages
page	merveilles17_imp_pie-guignard1668	name13	Page
page	merveilles17_imp_pie-guignard1668	name14	ces Pages
guidon_le_sauvage	merveilles17_imp_pie-guignard1668	name15	Guidon le Sauvage
guidon_le_sauvage	merveilles17_imp_pie-guignard1668	name16	Guidon le Sauvage
roger	merveilles17_imp_pie-guignard1668	name17	Roger
roger	merveilles17_imp_pie-guignard1668	name18	ROGER
oger_le_danois	merveilles17_imp_pie-guignard1668	name19	Ogier le Danois
oger_le_danois	merveilles17_imp_pie-guignard1668	name20	Oger le Danois
aquilant	merveilles17_imp_pie-guignard1668	name21	Aquilant le Noir
griffon_le_blanc	merveilles17_imp_pie-guignard1668	name22	Griffon le Blanc
aquilant	merveilles17_imp_pie-guignard1668	name23	Aquilant le Noir
griffon_le_blanc	merveilles17_imp_pie-guignard1668	name24	Griffon le Blanc
renaud	merveilles17_imp_pie-guignard1668	name25	Renaud
dudon	merveilles17_imp_pie-guignard1668	name26	Dudon
roger	merveilles17_imp_pie-guignard1668	name27	ROGER
astolphe	merveilles17_imp_pie-guignard1668	name28	Astolphe
brandimart	merveilles17_imp_pie-guignard1668	name29	Brandimart
fleur_de_lys	merveilles17_imp_pie-guignard1668	name30	FLEVR DE LYS
richardet	merveilles17_imp_pie-guignard1668	name31	Richardet
olivier	merveilles17_imp_pie-guignard1668	name32	Olivier
geant	merveilles17_imp_pie-guignard1668	name33	les Geant
chevalier	merveilles17_imp_pie-guignard1668	name34	Chevalier
ariodant	merveilles17_imp_pie-guignard1668	name35	Ariodant
genevre	merveilles17_imp_pie-guignard1668	name36	GENEVRE
zerbin	merveilles17_imp_pie-guignard1668	name37	Zerbin
roland	merveilles17_imp_pie-guignard1668	name38	Roland
roland	merveilles17_imp_pie-guignard1668	name39	Roland
charlemagne	merveilles17_imp_pie-guignard1668	name40	Charlemagne
apollon	merveilles17_imp_pie-guignard1668	name41	Apollon
chevalier	merveilles17_imp_pie-guignard1668	name42	Chevaliers
apollon	merveilles17_imp_pie-guignard1668	name43	Cette Divinité
quatre_siecles	merveilles17_imp_pie-guignard1668	name44	quatre Aages ou Siecles
le_siecle_d_or	merveilles17_imp_pie-guignard1668	name45	Le Siecle d’Or
le_siecle_d_argent	merveilles17_imp_pie-guignard1668	name46	Argent
le_siecle_d_airain	merveilles17_imp_pie-guignard1668	name47	Airain
le_siecle_de_fer	merveilles17_imp_pie-guignard1668	name48	fer
monstres	merveilles17_imp_pie-guignard1668	name49	Les Monstres Celestes
serpent_python	merveilles17_imp_pie-guignard1668	name50	le Serpent Python
daphne	merveilles17_imp_pie-guignard1668	name51	Daphné
hyacinthe	merveilles17_imp_pie-guignard1668	name52	Hyacinthe
apollon	merveilles17_imp_pie-guignard1668	name53	Apollon
atlas	merveilles17_imp_pie-guignard1668	name54	Atlas
le_temps	merveilles17_imp_pie-guignard1668	name55	Le Temps
douze_heures	merveilles17_imp_pie-guignard1668	name56	Les douze Heures du iour
douze_zodiaque	merveilles17_imp_pie-guignard1668	name57	les douze Signes du Zodiaque
page	merveilles17_imp_pie-guignard1668	name58	Tous les Pages
aquilant	merveilles17_imp_pie-guignard1668	name59	Aquilant le Noir
griffon_le_blanc	merveilles17_imp_pie-guignard1668	name60	Griffon le Blanc
renaud	merveilles17_imp_pie-guignard1668	name61	Renaud
dudon	merveilles17_imp_pie-guignard1668	name62	Dudon
astolphe	merveilles17_imp_pie-guignard1668	name63	Astolphe
brandimart	merveilles17_imp_pie-guignard1668	name64	Brandimart
richardet	merveilles17_imp_pie-guignard1668	name65	Richardet
olivier	merveilles17_imp_pie-guignard1668	name66	Olivier
ariodant	merveilles17_imp_pie-guignard1668	name67	Ariodant
zerbin	merveilles17_imp_pie-guignard1668	name68	Zerbin
roland	merveilles17_imp_pie-guignard1668	name69	Roland
berger	merveilles17_imp_pie-guignard1668	name70	Vint Pasteurs
page	merveilles17_imp_pie-guignard1668	name71	Le Page
chevalier	merveilles17_imp_pie-guignard1668	name72	Les dix Chevaliers
page	merveilles17_imp_pie-guignard1668	name73	leurs Pages
douze_zodiaque	merveilles17_imp_pie-guignard1668	name74	les Signes
douze_heures	merveilles17_imp_pie-guignard1668	name75	les Heures
le_siecle_d_airain	merveilles17_imp_pie-guignard1668	name76	le Siecle d’Airain
apollon	merveilles17_imp_pie-guignard1668	name77	Apollon
le_siecle_d_airain	merveilles17_imp_pie-guignard1668	name78	LE SIECLE D’AIRAIN
apollon	merveilles17_imp_pie-guignard1668	name79	Apollon
apollon	merveilles17_imp_pie-guignard1668	name80	APOLLON
hymen	merveilles17_imp_pie-guignard1668	name81	Hymen
charles_quint	merveilles17_imp_pie-guignard1668	name82	Charles-Quint
charlemagne	merveilles17_imp_pie-guignard1668	name83	Charlemagne
le_siecle_d_argent	merveilles17_imp_pie-guignard1668	name84	LE SIECLE D’ARGENT
le_siecle_de_fer	merveilles17_imp_pie-guignard1668	name85	le siecle de fer
le_siecle_d_or	merveilles17_imp_pie-guignard1668	name86	LE SIECLE D’OR
le_siecle_de_fer	merveilles17_imp_pie-guignard1668	name87	LE SIECLE DE FER
apollon	merveilles17_imp_pie-guignard1668	name88	APOLLON
chevalier	merveilles17_imp_pie-guignard1668	name89	ces Chevaliers
le_printemps	merveilles17_imp_pie-guignard1668	name90	les Saisons
l_ete	merveilles17_imp_pie-guignard1668	name91	les Saisons
l_automne	merveilles17_imp_pie-guignard1668	name92	les Saisons
l_hiver	merveilles17_imp_pie-guignard1668	name93	les Saisons
le_printemps	merveilles17_imp_pie-guignard1668	name94	les saisons
l_ete	merveilles17_imp_pie-guignard1668	name95	les saisons
l_automne	merveilles17_imp_pie-guignard1668	name96	les saisons
l_hiver	merveilles17_imp_pie-guignard1668	name97	les saisons
douze_zodiaque	merveilles17_imp_pie-guignard1668	name98	les douze signes du Zodiaque
le_printemps	merveilles17_imp_pie-guignard1668	name99	les quatre Saisons
l_ete	merveilles17_imp_pie-guignard1668	name100	les quatre Saisons
l_automne	merveilles17_imp_pie-guignard1668	name101	les quatre Saisons
l_hiver	merveilles17_imp_pie-guignard1668	name102	les quatre Saisons
le_printemps	merveilles17_imp_pie-guignard1668	name103	Le Printemps
l_ete	merveilles17_imp_pie-guignard1668	name104	L'Esté
l_automne	merveilles17_imp_pie-guignard1668	name105	L'Automne
l_hiver	merveilles17_imp_pie-guignard1668	name106	L'Hyver
l_ete	merveilles17_imp_pie-guignard1668	name107	l’Esté
l_automne	merveilles17_imp_pie-guignard1668	name108	l’Automne
l_hiver	merveilles17_imp_pie-guignard1668	name109	l’Hyver
pan	merveilles17_imp_pie-guignard1668	name110	Pan
diane	merveilles17_imp_pie-guignard1668	name111	Diane
pan	merveilles17_imp_pie-guignard1668	name112	Pan
diane	merveilles17_imp_pie-guignard1668	name113	Diane
page_du_roi	merveilles17_imp_pie-guignard1668	name114	Dix-huict Pages
pan	merveilles17_imp_pie-guignard1668	name115	Pan
diane	merveilles17_imp_pie-guignard1668	name116	Diane
le_printemps	merveilles17_imp_pie-guignard1668	name117	les Saisons
l_ete	merveilles17_imp_pie-guignard1668	name118	les Saisons
l_automne	merveilles17_imp_pie-guignard1668	name119	les Saisons
l_hiver	merveilles17_imp_pie-guignard1668	name120	les Saisons
le_printemps	merveilles17_imp_pie-guignard1668	name121	le Printemps
le_printemps	merveilles17_imp_pie-guignard1668	name122	LE PRINTEMPS
l_ete	merveilles17_imp_pie-guignard1668	name123	L’ESTÉ
l_automne	merveilles17_imp_pie-guignard1668	name124	L’AVTOMNE
le_printemps	merveilles17_imp_pie-guignard1668	name125	Le Printemps
l_hiver	merveilles17_imp_pie-guignard1668	name126	L’HYVER
diane	merveilles17_imp_pie-guignard1668	name127	DIANE
pan	merveilles17_imp_pie-guignard1668	name128	PAN
abondance	merveilles17_imp_pie-guignard1668	name129	l’Abondance
joie	merveilles17_imp_pie-guignard1668	name130	la Ioye
proprete	merveilles17_imp_pie-guignard1668	name131	la Propreté
bonne_chere	merveilles17_imp_pie-guignard1668	name132	la Bonne Chere
chevalier	merveilles17_imp_pie-guignard1668	name133	Tous les Chevaliers
chevalier	merveilles17_imp_pie-guignard1668	name134	grand nombre d’Officiers
roger	merveilles17_imp_pie-guignard1668	name135	Roger
chevalier	merveilles17_imp_pie-guignard1668	name136	les Chevaliers
alcine	merveilles17_imp_pie-guignard1668	name137	Magicienne
l_aurore	merveilles17_imp_pie-guignard1668	name138	l’Aurore
l_aurore	merveilles17_imp_pie-guignard1668	name139	l’Aurore
valet_de_chien	merveilles17_imp_pie-guignard1668	name140	Valets de chiens
valet_de_chien	merveilles17_imp_pie-guignard1668	name141	Valets de chiens
valet_de_chien	merveilles17_imp_pie-guignard1668	name142	Valets de chiens
valets_de_chien	merveilles17_imp_pie-guignard1668	name143	Valets de chiens
l_aurore	merveilles17_imp_pie-guignard1668	name144	l’Aurore
valet_de_chien	merveilles17_imp_pie-guignard1668	name145	quatre Valets de Chiens
valet_de_chien	merveilles17_imp_pie-guignard1668	name146	quatre Valets de Chiens
valet_de_chien	merveilles17_imp_pie-guignard1668	name147	quatre Valets de Chiens
valets_de_chien	merveilles17_imp_pie-guignard1668	name148	quatre Valets de Chiens
lyciscas	merveilles17_imp_pie-guignard1668	name149	Lyciscas
l_aurore	merveilles17_imp_pie-guignard1668	name150	l’Aurore
valet_de_chien	merveilles17_imp_pie-guignard1668	name151	Ier
valet_de_chien	merveilles17_imp_pie-guignard1668	name152	IIme
valet_de_chien	merveilles17_imp_pie-guignard1668	name153	IIIme
valet_de_chien	merveilles17_imp_pie-guignard1668	name154	Tous ensemble
valets_de_chien	merveilles17_imp_pie-guignard1668	name155	Tous ensemble
valet_de_chien	merveilles17_imp_pie-guignard1668	name156	Tous ensemble
lyciscas	merveilles17_imp_pie-guignard1668	name157	Lyciscas
lyciscas	merveilles17_imp_pie-guignard1668	name158	LYCISCAS
musicien	merveilles17_imp_pie-guignard1668	name159	MVSICIENS
lyciscas	merveilles17_imp_pie-guignard1668	name160	Lyciscas
lyciscas	merveilles17_imp_pie-guignard1668	name161	LYCISCAS
musicien	merveilles17_imp_pie-guignard1668	name162	MVSICIENS
lyciscas	merveilles17_imp_pie-guignard1668	name163	Lyciscas
lyciscas	merveilles17_imp_pie-guignard1668	name164	LYCISCAS
musicien	merveilles17_imp_pie-guignard1668	name165	MVSICIENS
lyciscas	merveilles17_imp_pie-guignard1668	name166	LYCISCAS
musicien	merveilles17_imp_pie-guignard1668	name167	MVSICIENS
lyciscas	merveilles17_imp_pie-guignard1668	name168	LYCISCAS
musicien	merveilles17_imp_pie-guignard1668	name169	MVSICIENS
lyciscas	merveilles17_imp_pie-guignard1668	name170	LYCISCAS
musicien	merveilles17_imp_pie-guignard1668	name171	MVSICIENS
lyciscas	merveilles17_imp_pie-guignard1668	name172	LYCISCAS
musiciens	merveilles17_imp_pie-guignard1668	name173	MVSICIENS
lyciscas	merveilles17_imp_pie-guignard1668	name174	LYCISCAS
musicien	merveilles17_imp_pie-guignard1668	name175	MVSICIENS
lyciscas	merveilles17_imp_pie-guignard1668	name176	LYCISCAS
musicien	merveilles17_imp_pie-guignard1668	name177	MVSICIENS
lyciscas	merveilles17_imp_pie-guignard1668	name178	Lyciscas
lyciscas	merveilles17_imp_pie-guignard1668	name179	LYCISCAS
lyciscas	merveilles17_imp_pie-guignard1668	name180	Lyciscas
lyciscas	merveilles17_imp_pie-guignard1668	name181	Lyciscas
lyciscas	merveilles17_imp_pie-guignard1668	name182	Lyciscas
valet_de_chien	merveilles17_imp_pie-guignard1668	name183	Tous ensemble
valets_de_chien	merveilles17_imp_pie-guignard1668	name184	Tous ensemble
valet_de_chien	merveilles17_imp_pie-guignard1668	name185	Tous ensemble
lyciscas	merveilles17_imp_pie-guignard1668	name186	Lyciscas
lyciscas	merveilles17_imp_pie-guignard1668	name187	LYCISCAS
musicien	merveilles17_imp_pie-guignard1668	name188	MVSICIENS
lyciscas	merveilles17_imp_pie-guignard1668	name189	LYCISCAS
valet_de_chien	merveilles17_imp_pie-guignard1668	name190	Ier
valet_de_chien	merveilles17_imp_pie-guignard1668	name191	IIme
valet_de_chien	merveilles17_imp_pie-guignard1668	name192	IIIme
valet_de_chien	merveilles17_imp_pie-guignard1668	name193	Tous ensemble
valets_de_chien	merveilles17_imp_pie-guignard1668	name194	Tous ensemble
valet_de_chien	merveilles17_imp_pie-guignard1668	name195	Tous ensemble
lyciscas	merveilles17_imp_pie-guignard1668	name196	LYCISCAS
musicien	merveilles17_imp_pie-guignard1668	name197	MVSICIENS
lyciscas	merveilles17_imp_pie-guignard1668	name198	LYCISCAS
musicien	merveilles17_imp_pie-guignard1668	name199	MVSICIENS
lyciscas	merveilles17_imp_pie-guignard1668	name200	LYCISCAS
musicien	merveilles17_imp_pie-guignard1668	name201	MVSICIENS
lyciscas	merveilles17_imp_pie-guignard1668	name202	LYCISCAS
lyciscas	merveilles17_imp_pie-guignard1668	name203	Lyciscas
lyciscas	merveilles17_imp_pie-guignard1668	name204	Lyciscas
valet_de_chien	merveilles17_imp_pie-guignard1668	name205	six valets de Chiens
valet_de_chien	merveilles17_imp_pie-guignard1668	name206	six valets de Chiens
valet_de_chien	merveilles17_imp_pie-guignard1668	name207	six valets de Chiens
valet_de_chien	merveilles17_imp_pie-guignard1668	name208	six valets de Chiens
valets_de_chien	merveilles17_imp_pie-guignard1668	name209	six valets de Chiens
valet_de_chien	merveilles17_imp_pie-guignard1668	name210	six valets de Chiens
princesse_d_elide	merveilles17_imp_pie-guignard1668	name211	LA PRINCESSE D'ELIDE
aglante	merveilles17_imp_pie-guignard1668	name212	AGLANTE
cinthie	merveilles17_imp_pie-guignard1668	name213	CINTHIE
philis	merveilles17_imp_pie-guignard1668	name214	PHILIS
iphitas	merveilles17_imp_pie-guignard1668	name215	IPHITAS
euriale	merveilles17_imp_pie-guignard1668	name216	EVRIALE
aristomene	merveilles17_imp_pie-guignard1668	name217	ARISTOMENE
theocle	merveilles17_imp_pie-guignard1668	name218	THEOCLE
arbate	merveilles17_imp_pie-guignard1668	name219	ARBATE
moron	merveilles17_imp_pie-guignard1668	name220	MORON
un_suivant	merveilles17_imp_pie-guignard1668	name221	Vn suivant
iphitas	merveilles17_imp_pie-guignard1668	name222	vn Prince d’Elide
princesse_d_elide	merveilles17_imp_pie-guignard1668	name223	la Princesse
euriale	merveilles17_imp_pie-guignard1668	name224	les Princes d’Ithaque
aristomene	merveilles17_imp_pie-guignard1668	name225	de Messene
theocle	merveilles17_imp_pie-guignard1668	name226	de Pyle
euriale	merveilles17_imp_pie-guignard1668	name227	EVriale
princesse_d_elide	merveilles17_imp_pie-guignard1668	name228	la Princesse d’Elide
arbate	merveilles17_imp_pie-guignard1668	name229	Arbate
euriale	merveilles17_imp_pie-guignard1668	name230	EVRIALE
arbate	merveilles17_imp_pie-guignard1668	name231	ARBATE
arbate	merveilles17_imp_pie-guignard1668	name232	ARBATE
euriale	merveilles17_imp_pie-guignard1668	name233	EVRIALE
arbate	merveilles17_imp_pie-guignard1668	name234	Arbate
arbate	merveilles17_imp_pie-guignard1668	name235	ARBATE
euriale	merveilles17_imp_pie-guignard1668	name236	EVRIALE
arbate	merveilles17_imp_pie-guignard1668	name237	Arbate
princesse_d_elide	merveilles17_imp_pie-guignard1668	name238	la Princesse d’Elide
princesse_d_elide	merveilles17_imp_pie-guignard1668	name239	la Princesse
diane	merveilles17_imp_pie-guignard1668	name240	Diane
iphitas	merveilles17_imp_pie-guignard1668	name241	Iphitas
arbate	merveilles17_imp_pie-guignard1668	name242	ARBATE
princesse_d_elide	merveilles17_imp_pie-guignard1668	name243	princesse
euriale	merveilles17_imp_pie-guignard1668	name244	EVRIALE
arbate	merveilles17_imp_pie-guignard1668	name245	Arbate
aristomene	merveilles17_imp_pie-guignard1668	name246	les Souverains de Messene
theocle	merveilles17_imp_pie-guignard1668	name247	de Pyle
arbate	merveilles17_imp_pie-guignard1668	name248	ARBATE
euriale	merveilles17_imp_pie-guignard1668	name249	EVRIALE
princesse_d_elide	merveilles17_imp_pie-guignard1668	name250	la Princesse
arbate	merveilles17_imp_pie-guignard1668	name251	Arbate
moron	merveilles17_imp_pie-guignard1668	name252	Moron
arbate	merveilles17_imp_pie-guignard1668	name253	ARBATE
moron	merveilles17_imp_pie-guignard1668	name254	Moron
euriale	merveilles17_imp_pie-guignard1668	name255	EVRIALE
princesse_d_elide	merveilles17_imp_pie-guignard1668	name256	La Princesse
moron	merveilles17_imp_pie-guignard1668	name257	Moron
euriale	merveilles17_imp_pie-guignard1668	name258	Euriale
arbate	merveilles17_imp_pie-guignard1668	name259	Arbate
moron	merveilles17_imp_pie-guignard1668	name260	MORON
arbate	merveilles17_imp_pie-guignard1668	name261	ARBATE
euriale	merveilles17_imp_pie-guignard1668	name262	EVRIALE
moron	merveilles17_imp_pie-guignard1668	name263	MORON
euriale	merveilles17_imp_pie-guignard1668	name264	EVRIALE
moron	merveilles17_imp_pie-guignard1668	name265	MORON
euriale	merveilles17_imp_pie-guignard1668	name266	EVRIALE
moron	merveilles17_imp_pie-guignard1668	name267	MORON
euriale	merveilles17_imp_pie-guignard1668	name268	EVRIALE
moron	merveilles17_imp_pie-guignard1668	name269	MORON
euriale	merveilles17_imp_pie-guignard1668	name270	EVRIALE
moron	merveilles17_imp_pie-guignard1668	name271	MORON
princesse_d_elide	merveilles17_imp_pie-guignard1668	name272	la Princesse
euriale	merveilles17_imp_pie-guignard1668	name273	EVRIALE
moron	merveilles17_imp_pie-guignard1668	name274	MORON
princesse_d_elide	merveilles17_imp_pie-guignard1668	name275	Princesse
euriale	merveilles17_imp_pie-guignard1668	name276	EVRIALE
moron	merveilles17_imp_pie-guignard1668	name277	MORON
euriale	merveilles17_imp_pie-guignard1668	name278	EVRIALE
moron	merveilles17_imp_pie-guignard1668	name279	MORON
arbate	merveilles17_imp_pie-guignard1668	name280	ARBATE
moron	merveilles17_imp_pie-guignard1668	name281	MORON
arbate	merveilles17_imp_pie-guignard1668	name282	ARBATE
moron	merveilles17_imp_pie-guignard1668	name283	Moron
moron	merveilles17_imp_pie-guignard1668	name284	MORON
arbate	merveilles17_imp_pie-guignard1668	name285	ARBATE
moron	merveilles17_imp_pie-guignard1668	name286	MORON
moron	merveilles17_imp_pie-guignard1668	name287	Moron
euriale	merveilles17_imp_pie-guignard1668	name288	EVRIALE
moron	merveilles17_imp_pie-guignard1668	name289	MORON
euriale	merveilles17_imp_pie-guignard1668	name290	EVRIALE
moron	merveilles17_imp_pie-guignard1668	name291	MORON
princesse_d_elide	merveilles17_imp_pie-guignard1668	name292	la Princesse
princesse_d_elide	merveilles17_imp_pie-guignard1668	name293	la Princesse
princesse_d_elide	merveilles17_imp_pie-guignard1668	name294	LA Princesse d’Elide
aristomene	merveilles17_imp_pie-guignard1668	name295	les Princes de Messene
theocle	merveilles17_imp_pie-guignard1668	name296	de Pyle
euriale	merveilles17_imp_pie-guignard1668	name297	Prince d’Ithaque
princesse_d_elide	merveilles17_imp_pie-guignard1668	name298	la Princesse
princesse_d_elide	merveilles17_imp_pie-guignard1668	name299	Princesse
euriale	merveilles17_imp_pie-guignard1668	name300	ce Prince
aristomene	merveilles17_imp_pie-guignard1668	name301	le Prince de Messene
princesse_d_elide	merveilles17_imp_pie-guignard1668	name302	LA PRINCESSE
aristomene	merveilles17_imp_pie-guignard1668	name303	ARISTOMENE
theocle	merveilles17_imp_pie-guignard1668	name304	THEOCLE
euriale	merveilles17_imp_pie-guignard1668	name305	EVRIALE
arbate	merveilles17_imp_pie-guignard1668	name306	ARBATE
moron	merveilles17_imp_pie-guignard1668	name307	MORON
aristomene	merveilles17_imp_pie-guignard1668	name308	ARISTOMENE
theocle	merveilles17_imp_pie-guignard1668	name309	THEOCLE
princesse_d_elide	merveilles17_imp_pie-guignard1668	name310	LA PRINCESSE
theocle	merveilles17_imp_pie-guignard1668	name311	THEOCLE
princesse_d_elide	merveilles17_imp_pie-guignard1668	name312	LA PRINCESSE
euriale	merveilles17_imp_pie-guignard1668	name313	EVRIALE
moron	merveilles17_imp_pie-guignard1668	name314	MORON
arbate	merveilles17_imp_pie-guignard1668	name315	ARBATE
moron	merveilles17_imp_pie-guignard1668	name316	MORON
arbate	merveilles17_imp_pie-guignard1668	name317	ARBATE
moron	merveilles17_imp_pie-guignard1668	name318	MORON
euriale	merveilles17_imp_pie-guignard1668	name319	EVRIALE
moron	merveilles17_imp_pie-guignard1668	name320	Moron
arbate	merveilles17_imp_pie-guignard1668	name321	ARBATE
euriale	merveilles17_imp_pie-guignard1668	name322	EVRIALE
moron	merveilles17_imp_pie-guignard1668	name323	Moron
euriale	merveilles17_imp_pie-guignard1668	name324	le Prince
philis	merveilles17_imp_pie-guignard1668	name325	Philis
ours	merveilles17_imp_pie-guignard1668	name326	vn Ours
ours	merveilles17_imp_pie-guignard1668	name327	l’Ours
ours	merveilles17_imp_pie-guignard1668	name328	l’Ours
berger	merveilles17_imp_pie-guignard1668	name329	huict paysans
ours	merveilles17_imp_pie-guignard1668	name330	vn autre Ours
ours	merveilles17_imp_pie-guignard1668	name331	vn des Ours
moron	merveilles17_imp_pie-guignard1668	name332	MORON
philis	merveilles17_imp_pie-guignard1668	name333	Philis
philis	merveilles17_imp_pie-guignard1668	name334	Philis
philis	merveilles17_imp_pie-guignard1668	name335	Philis
philis	merveilles17_imp_pie-guignard1668	name336	Philis
ours	merveilles17_imp_pie-guignard1668	name337	VN OURS
moron	merveilles17_imp_pie-guignard1668	name338	MORON
moron	merveilles17_imp_pie-guignard1668	name339	MORON
ours	merveilles17_imp_pie-guignard1668	name340	Monsieur l’Ours
moron	merveilles17_imp_pie-guignard1668	name341	Moron
chasseurs	merveilles17_imp_pie-guignard1668	name342	Les Chasseurs
chasseurs	merveilles17_imp_pie-guignard1668	name343	Chasseurs
moron	merveilles17_imp_pie-guignard1668	name344	Moron
chasseurs	merveilles17_imp_pie-guignard1668	name345	les Chasseurs
euriale	merveilles17_imp_pie-guignard1668	name346	LE Prince d’Ithaque
princesse_d_elide	merveilles17_imp_pie-guignard1668	name347	la Princesse
euriale	merveilles17_imp_pie-guignard1668	name348	Prince d’Ithaque
moron	merveilles17_imp_pie-guignard1668	name349	Moron
princesse_d_elide	merveilles17_imp_pie-guignard1668	name350	la Princesse
princesse_d_elide	merveilles17_imp_pie-guignard1668	name351	la Princesse
aristomene	merveilles17_imp_pie-guignard1668	name352	Les Princes de Messene
theocle	merveilles17_imp_pie-guignard1668	name353	de Pyle
princesse_d_elide	merveilles17_imp_pie-guignard1668	name354	LA PRINCESSE
aglante	merveilles17_imp_pie-guignard1668	name355	AGLANTE
cinthie	merveilles17_imp_pie-guignard1668	name356	CINTHIE
princesse_d_elide	merveilles17_imp_pie-guignard1668	name357	LA PRINCESSE
aglante	merveilles17_imp_pie-guignard1668	name358	AGLANTE
princesse_d_elide	merveilles17_imp_pie-guignard1668	name359	LA PRINCESSE
cinthie	merveilles17_imp_pie-guignard1668	name360	CINTHIE
aglante	merveilles17_imp_pie-guignard1668	name361	AGLANTE
princesse_d_elide	merveilles17_imp_pie-guignard1668	name362	LA PRINCESSE
cinthie	merveilles17_imp_pie-guignard1668	name363	CINTHIE
princesse_d_elide	merveilles17_imp_pie-guignard1668	name364	LA PRINCESSE
aglante	merveilles17_imp_pie-guignard1668	name365	AGLANTE
princesse_d_elide	merveilles17_imp_pie-guignard1668	name366	LA PRINCESSE
cinthie	merveilles17_imp_pie-guignard1668	name367	CINTHIE
princesse_d_elide	merveilles17_imp_pie-guignard1668	name368	LA PRINCESSE
moron	merveilles17_imp_pie-guignard1668	name369	MORON
princesse_d_elide	merveilles17_imp_pie-guignard1668	name370	LA PRINCESSE
aglante	merveilles17_imp_pie-guignard1668	name371	AGLANTE
cinthie	merveilles17_imp_pie-guignard1668	name372	CINTHIE
philis	merveilles17_imp_pie-guignard1668	name373	PHILIS
aglante	merveilles17_imp_pie-guignard1668	name374	AGLANTE
moron	merveilles17_imp_pie-guignard1668	name375	Moron
princesse_d_elide	merveilles17_imp_pie-guignard1668	name376	la Princesse
princesse_d_elide	merveilles17_imp_pie-guignard1668	name377	LA PRINCESSE
moron	merveilles17_imp_pie-guignard1668	name378	MORON
cinthie	merveilles17_imp_pie-guignard1668	name379	CINTHIE
moron	merveilles17_imp_pie-guignard1668	name380	Moron
moron	merveilles17_imp_pie-guignard1668	name381	MORON
cinthie	merveilles17_imp_pie-guignard1668	name382	CINTHIE
moron	merveilles17_imp_pie-guignard1668	name383	MORON
cinthie	merveilles17_imp_pie-guignard1668	name384	CINTHIE
lycas	merveilles17_imp_pie-guignard1668	name385	LYCAS
princesse_d_elide	merveilles17_imp_pie-guignard1668	name386	LA PRINCESSE
aglante	merveilles17_imp_pie-guignard1668	name387	AGLANTE
cinthie	merveilles17_imp_pie-guignard1668	name388	CINTHIE
philis	merveilles17_imp_pie-guignard1668	name389	PHILIS
moron	merveilles17_imp_pie-guignard1668	name390	MORON
lycas	merveilles17_imp_pie-guignard1668	name391	LYCAS
iphitas	merveilles17_imp_pie-guignard1668	name392	le Prince vostre Pere
theocle	merveilles17_imp_pie-guignard1668	name393	les Princes de Pyle
euriale	merveilles17_imp_pie-guignard1668	name394	d’Ithaque
aristomene	merveilles17_imp_pie-guignard1668	name395	de Messene
princesse_d_elide	merveilles17_imp_pie-guignard1668	name396	LA PRINCESSE
iphitas	merveilles17_imp_pie-guignard1668	name397	LE PRINCE
euriale	merveilles17_imp_pie-guignard1668	name398	EVRIALE
aristomene	merveilles17_imp_pie-guignard1668	name399	ARISTOMENE
theocle	merveilles17_imp_pie-guignard1668	name400	THEOCLE
princesse_d_elide	merveilles17_imp_pie-guignard1668	name401	LA PRINCESSE
aglante	merveilles17_imp_pie-guignard1668	name402	AGLANTE
cinthie	merveilles17_imp_pie-guignard1668	name403	CINTHIE
philis	merveilles17_imp_pie-guignard1668	name404	PHILIS
moron	merveilles17_imp_pie-guignard1668	name405	MORON
princesse_d_elide	merveilles17_imp_pie-guignard1668	name406	LA PRINCESSE
iphitas	merveilles17_imp_pie-guignard1668	name407	LE PRINCE
venus	merveilles17_imp_pie-guignard1668	name408	Venus
theocle	merveilles17_imp_pie-guignard1668	name409	THEOCLE
aristomene	merveilles17_imp_pie-guignard1668	name410	ARISTOMENE
euriale	merveilles17_imp_pie-guignard1668	name411	EVRIALE
princesse_d_elide	merveilles17_imp_pie-guignard1668	name412	LA PRINCESSE
aglante	merveilles17_imp_pie-guignard1668	name413	AGLANTE
moron	merveilles17_imp_pie-guignard1668	name414	MORON
princesse_d_elide	merveilles17_imp_pie-guignard1668	name415	LA PRINCESSE
cinthie	merveilles17_imp_pie-guignard1668	name416	CINTHIE
princesse_d_elide	merveilles17_imp_pie-guignard1668	name417	LA PRINCESSE
cinthie	merveilles17_imp_pie-guignard1668	name418	CINTHIE
princesse_d_elide	merveilles17_imp_pie-guignard1668	name419	LA PRINCESSE
moron	merveilles17_imp_pie-guignard1668	name420	MORON
philis	merveilles17_imp_pie-guignard1668	name421	PHILIS
moron	merveilles17_imp_pie-guignard1668	name422	MORON
philis	merveilles17_imp_pie-guignard1668	name423	PHilis
philis	merveilles17_imp_pie-guignard1668	name424	PHILIS
moron	merveilles17_imp_pie-guignard1668	name425	MORON
tircis	merveilles17_imp_pie-guignard1668	name426	Tircis
philis	merveilles17_imp_pie-guignard1668	name427	PHILIS
moron	merveilles17_imp_pie-guignard1668	name428	MORON
philis	merveilles17_imp_pie-guignard1668	name429	PHILIS
moron	merveilles17_imp_pie-guignard1668	name430	MORON
philis	merveilles17_imp_pie-guignard1668	name431	PHILIS
moron	merveilles17_imp_pie-guignard1668	name432	MORON
philis	merveilles17_imp_pie-guignard1668	name433	PHILIS
moron	merveilles17_imp_pie-guignard1668	name434	MORON
philis	merveilles17_imp_pie-guignard1668	name435	PHILIS
moron	merveilles17_imp_pie-guignard1668	name436	MORON
philis	merveilles17_imp_pie-guignard1668	name437	PHILIS
moron	merveilles17_imp_pie-guignard1668	name438	MORON
philis	merveilles17_imp_pie-guignard1668	name439	Philis
philis	merveilles17_imp_pie-guignard1668	name440	PHILIS
moron	merveilles17_imp_pie-guignard1668	name441	MORON
philis	merveilles17_imp_pie-guignard1668	name442	PHILIS
moron	merveilles17_imp_pie-guignard1668	name443	MORON
philis	merveilles17_imp_pie-guignard1668	name444	PHILIS
moron	merveilles17_imp_pie-guignard1668	name445	MORON
philis	merveilles17_imp_pie-guignard1668	name446	Philis
satyre	merveilles17_imp_pie-guignard1668	name447	SATYRE
moron	merveilles17_imp_pie-guignard1668	name448	MORON
satyre	merveilles17_imp_pie-guignard1668	name449	Satyre
satyre	merveilles17_imp_pie-guignard1668	name450	SATYRE
moron	merveilles17_imp_pie-guignard1668	name451	MORON
satyre	merveilles17_imp_pie-guignard1668	name452	SATYRE
moron	merveilles17_imp_pie-guignard1668	name453	MORON
satyre	merveilles17_imp_pie-guignard1668	name454	SATYRE
moron	merveilles17_imp_pie-guignard1668	name455	MORON
satyre	merveilles17_imp_pie-guignard1668	name456	SATYRE
moron	merveilles17_imp_pie-guignard1668	name457	MORON
satyre	merveilles17_imp_pie-guignard1668	name458	SATYRE
cloris	merveilles17_imp_pie-guignard1668	name459	Cloris
moron	merveilles17_imp_pie-guignard1668	name460	Moron
satyre	merveilles17_imp_pie-guignard1668	name461	le Satyre
moron	merveilles17_imp_pie-guignard1668	name462	Moron
satyre	merveilles17_imp_pie-guignard1668	name463	SATYRE
moron	merveilles17_imp_pie-guignard1668	name464	MORON
satyre	merveilles17_imp_pie-guignard1668	name465	SATYRE
moron	merveilles17_imp_pie-guignard1668	name466	MORON
satyre	merveilles17_imp_pie-guignard1668	name467	Le Satyre
princesse_d_elide	merveilles17_imp_pie-guignard1668	name468	LA Princesse d’Elide
euriale	merveilles17_imp_pie-guignard1668	name469	Le Prince d’Ithaque
euriale	merveilles17_imp_pie-guignard1668	name470	le Prince d’Ithaque
moron	merveilles17_imp_pie-guignard1668	name471	Moron
princesse_d_elide	merveilles17_imp_pie-guignard1668	name472	LA PRINCESSE
aglante	merveilles17_imp_pie-guignard1668	name473	AGLANTE
cinthie	merveilles17_imp_pie-guignard1668	name474	CINTHIE
philis	merveilles17_imp_pie-guignard1668	name475	PHILIS
cinthie	merveilles17_imp_pie-guignard1668	name476	CINTHIE
princesse_d_elide	merveilles17_imp_pie-guignard1668	name477	LA PRINCESSE
moron	merveilles17_imp_pie-guignard1668	name478	Moron
euriale	merveilles17_imp_pie-guignard1668	name479	EVRIALE
moron	merveilles17_imp_pie-guignard1668	name480	MORON
arbate	merveilles17_imp_pie-guignard1668	name481	ARBATE
euriale	merveilles17_imp_pie-guignard1668	name482	EVRIALE
moron	merveilles17_imp_pie-guignard1668	name483	Moron
moron	merveilles17_imp_pie-guignard1668	name484	MORON
arbate	merveilles17_imp_pie-guignard1668	name485	ARBATE
princesse_d_elide	merveilles17_imp_pie-guignard1668	name486	la Princesse
moron	merveilles17_imp_pie-guignard1668	name487	MORON
princesse_d_elide	merveilles17_imp_pie-guignard1668	name488	LA PRINCESSE
moron	merveilles17_imp_pie-guignard1668	name489	MORON
princesse_d_elide	merveilles17_imp_pie-guignard1668	name490	LA PRINCESSE
moron	merveilles17_imp_pie-guignard1668	name491	Moron
euriale	merveilles17_imp_pie-guignard1668	name492	le Prince d’Ithaque
moron	merveilles17_imp_pie-guignard1668	name493	MORON
princesse_d_elide	merveilles17_imp_pie-guignard1668	name494	LA PRINCESSE
moron	merveilles17_imp_pie-guignard1668	name495	MORON
princesse_d_elide	merveilles17_imp_pie-guignard1668	name496	LA PRINCESSE
moron	merveilles17_imp_pie-guignard1668	name497	MORON
princesse_d_elide	merveilles17_imp_pie-guignard1668	name498	LA PRINCESSE
moron	merveilles17_imp_pie-guignard1668	name499	Moron
moron	merveilles17_imp_pie-guignard1668	name500	MORON
princesse_d_elide	merveilles17_imp_pie-guignard1668	name501	LA PRINCESSE
moron	merveilles17_imp_pie-guignard1668	name502	MORON
princesse_d_elide	merveilles17_imp_pie-guignard1668	name503	LA PRINCESSE
moron	merveilles17_imp_pie-guignard1668	name504	MORON
princesse_d_elide	merveilles17_imp_pie-guignard1668	name505	LA PRINCESSE
moron	merveilles17_imp_pie-guignard1668	name506	MORON
princesse_d_elide	merveilles17_imp_pie-guignard1668	name507	LA PRINCESSE
moron	merveilles17_imp_pie-guignard1668	name508	MORON
princesse_d_elide	merveilles17_imp_pie-guignard1668	name509	LA PRINCESSE
moron	merveilles17_imp_pie-guignard1668	name510	MORON
princesse_d_elide	merveilles17_imp_pie-guignard1668	name511	LA PRINCESSE
moron	merveilles17_imp_pie-guignard1668	name512	Moron
princesse_d_elide	merveilles17_imp_pie-guignard1668	name513	LA PRINCESSE
euriale	merveilles17_imp_pie-guignard1668	name514	EVRIALE
moron	merveilles17_imp_pie-guignard1668	name515	MORON
arbate	merveilles17_imp_pie-guignard1668	name516	ARBATE
moron	merveilles17_imp_pie-guignard1668	name517	MORON
princesse_d_elide	merveilles17_imp_pie-guignard1668	name518	la Princesse
princesse_d_elide	merveilles17_imp_pie-guignard1668	name519	LA PRINCESSE
euriale	merveilles17_imp_pie-guignard1668	name520	EVRIALE
princesse_d_elide	merveilles17_imp_pie-guignard1668	name521	LA PRINCESSE
euriale	merveilles17_imp_pie-guignard1668	name522	EVRIALE
princesse_d_elide	merveilles17_imp_pie-guignard1668	name523	LA PRINCESSE
euriale	merveilles17_imp_pie-guignard1668	name524	EVRIALE
princesse_d_elide	merveilles17_imp_pie-guignard1668	name525	LA PRINCESSE
euriale	merveilles17_imp_pie-guignard1668	name526	EVRIALE
princesse_d_elide	merveilles17_imp_pie-guignard1668	name527	LA PRINCESSE
euriale	merveilles17_imp_pie-guignard1668	name528	EVRIALE
princesse_d_elide	merveilles17_imp_pie-guignard1668	name529	LA PRINCESSE
euriale	merveilles17_imp_pie-guignard1668	name530	EVRIALE
princesse_d_elide	merveilles17_imp_pie-guignard1668	name531	LA PRINCESSE
moron	merveilles17_imp_pie-guignard1668	name532	MORON
princesse_d_elide	merveilles17_imp_pie-guignard1668	name533	LA PRINCESSE
moron	merveilles17_imp_pie-guignard1668	name534	MORON
euriale	merveilles17_imp_pie-guignard1668	name535	Prince
euriale	merveilles17_imp_pie-guignard1668	name536	EVRIALE
moron	merveilles17_imp_pie-guignard1668	name537	Moron
princesse_d_elide	merveilles17_imp_pie-guignard1668	name538	LA PRINCESSE
euriale	merveilles17_imp_pie-guignard1668	name539	EVRIALE
princesse_d_elide	merveilles17_imp_pie-guignard1668	name540	LA PRINCESSE
moron	merveilles17_imp_pie-guignard1668	name541	MORON
philis	merveilles17_imp_pie-guignard1668	name542	PHILIS
tircis	merveilles17_imp_pie-guignard1668	name543	TIRCIS
moron	merveilles17_imp_pie-guignard1668	name544	MORON
princesse_d_elide	merveilles17_imp_pie-guignard1668	name545	LA PRINCESSE
moron	merveilles17_imp_pie-guignard1668	name546	MORON
princesse_d_elide	merveilles17_imp_pie-guignard1668	name547	LA PRINCESSE
moron	merveilles17_imp_pie-guignard1668	name548	Moron
moron	merveilles17_imp_pie-guignard1668	name549	MORON
princesse_d_elide	merveilles17_imp_pie-guignard1668	name550	LA PRINCESSE
moron	merveilles17_imp_pie-guignard1668	name551	MORON
princesse_d_elide	merveilles17_imp_pie-guignard1668	name552	LA PRINCESSE
moron	merveilles17_imp_pie-guignard1668	name553	MORON
princesse_d_elide	merveilles17_imp_pie-guignard1668	name554	LA PRINCESSE
moron	merveilles17_imp_pie-guignard1668	name555	MORON
princesse_d_elide	merveilles17_imp_pie-guignard1668	name556	LA PRINCESSE
moron	merveilles17_imp_pie-guignard1668	name557	MORON
princesse_d_elide	merveilles17_imp_pie-guignard1668	name558	LA PRINCESSE
moron	merveilles17_imp_pie-guignard1668	name559	Moron
moron	merveilles17_imp_pie-guignard1668	name560	MORON
princesse_d_elide	merveilles17_imp_pie-guignard1668	name561	LA PRINCESSE
philis	merveilles17_imp_pie-guignard1668	name562	PHILIS
tircis	merveilles17_imp_pie-guignard1668	name563	TIRCIS
philis	merveilles17_imp_pie-guignard1668	name564	PHILIS
tircis	merveilles17_imp_pie-guignard1668	name565	Tircis
tircis	merveilles17_imp_pie-guignard1668	name566	TIRCIS
philis	merveilles17_imp_pie-guignard1668	name567	PHILIS
moron	merveilles17_imp_pie-guignard1668	name568	MORON
philis	merveilles17_imp_pie-guignard1668	name569	PHILIS
tircis	merveilles17_imp_pie-guignard1668	name570	TIRCIS
moron	merveilles17_imp_pie-guignard1668	name571	MORON
philis	merveilles17_imp_pie-guignard1668	name572	PHILIS
moron	merveilles17_imp_pie-guignard1668	name573	MORON
philis	merveilles17_imp_pie-guignard1668	name574	PHILIS
tircis	merveilles17_imp_pie-guignard1668	name575	Tircis
moron	merveilles17_imp_pie-guignard1668	name576	MORON
philis	merveilles17_imp_pie-guignard1668	name577	PHILIS
tircis	merveilles17_imp_pie-guignard1668	name578	TIRCIS
moron	merveilles17_imp_pie-guignard1668	name579	MORON
philis	merveilles17_imp_pie-guignard1668	name580	PHILIS
tircis	merveilles17_imp_pie-guignard1668	name581	Tircis
moron	merveilles17_imp_pie-guignard1668	name582	MORON
philis	merveilles17_imp_pie-guignard1668	name583	PHILIS
moron	merveilles17_imp_pie-guignard1668	name584	MORON
moron	merveilles17_imp_pie-guignard1668	name585	Moron
philis	merveilles17_imp_pie-guignard1668	name586	PHILIS
moron	merveilles17_imp_pie-guignard1668	name587	MORON
philis	merveilles17_imp_pie-guignard1668	name588	PHILIS
moron	merveilles17_imp_pie-guignard1668	name589	MORON
philis	merveilles17_imp_pie-guignard1668	name590	PHILIS
moron	merveilles17_imp_pie-guignard1668	name591	MORON
tircis	merveilles17_imp_pie-guignard1668	name592	TIRCIS
moron	merveilles17_imp_pie-guignard1668	name593	MORON
tircis	merveilles17_imp_pie-guignard1668	name594	TIRCIS
moron	merveilles17_imp_pie-guignard1668	name595	Moron
moron	merveilles17_imp_pie-guignard1668	name596	MORON
tircis	merveilles17_imp_pie-guignard1668	name597	Tircis
philis	merveilles17_imp_pie-guignard1668	name598	PHILIS
tircis	merveilles17_imp_pie-guignard1668	name599	Tircis
princesse_d_elide	merveilles17_imp_pie-guignard1668	name600	LA Princesse
euriale	merveilles17_imp_pie-guignard1668	name601	Prince d’Itaque
aristomene	merveilles17_imp_pie-guignard1668	name602	le Prince de Messene
princesse_d_elide	merveilles17_imp_pie-guignard1668	name603	la Princesse
iphitas	merveilles17_imp_pie-guignard1668	name604	Roy
princesse_d_elide	merveilles17_imp_pie-guignard1668	name605	Princesse
moron	merveilles17_imp_pie-guignard1668	name606	Moron
euriale	merveilles17_imp_pie-guignard1668	name607	EVRIALE
princesse_d_elide	merveilles17_imp_pie-guignard1668	name608	LA PRINCESSE
moron	merveilles17_imp_pie-guignard1668	name609	MORON
princesse_d_elide	merveilles17_imp_pie-guignard1668	name610	LA PRINCESSE
euriale	merveilles17_imp_pie-guignard1668	name611	PRince
aristomene	merveilles17_imp_pie-guignard1668	name612	vn Prince
euriale	merveilles17_imp_pie-guignard1668	name613	EVRIALE
princesse_d_elide	merveilles17_imp_pie-guignard1668	name614	LA PRINCESSE
euriale	merveilles17_imp_pie-guignard1668	name615	EVRIALE
princesse_d_elide	merveilles17_imp_pie-guignard1668	name616	LA PRINCESSE
euriale	merveilles17_imp_pie-guignard1668	name617	EVRIALE
princesse_d_elide	merveilles17_imp_pie-guignard1668	name618	LA PRINCESSE
euriale	merveilles17_imp_pie-guignard1668	name619	EVRIALE
princesse_d_elide	merveilles17_imp_pie-guignard1668	name620	LA PRINCESSE
aristomene	merveilles17_imp_pie-guignard1668	name621	le Prince de Messene
euriale	merveilles17_imp_pie-guignard1668	name622	EVRIALE
princesse_d_elide	merveilles17_imp_pie-guignard1668	name623	LA PRINCESSE
moron	merveilles17_imp_pie-guignard1668	name624	Moron
moron	merveilles17_imp_pie-guignard1668	name625	MORON
princesse_d_elide	merveilles17_imp_pie-guignard1668	name626	la Princesse
euriale	merveilles17_imp_pie-guignard1668	name627	au Prince
princesse_d_elide	merveilles17_imp_pie-guignard1668	name628	la Princesse
euriale	merveilles17_imp_pie-guignard1668	name629	au Prince
princesse_d_elide	merveilles17_imp_pie-guignard1668	name630	LA PRINCESSE
moron	merveilles17_imp_pie-guignard1668	name631	MORON
euriale	merveilles17_imp_pie-guignard1668	name632	Prince
princesse_d_elide	merveilles17_imp_pie-guignard1668	name633	LA PRINCESSE
euriale	merveilles17_imp_pie-guignard1668	name634	EVRIALE
aglante	merveilles17_imp_pie-guignard1668	name635	Aglante
moron	merveilles17_imp_pie-guignard1668	name636	MORON
princesse_d_elide	merveilles17_imp_pie-guignard1668	name637	LA PRINCESSE
moron	merveilles17_imp_pie-guignard1668	name638	MORON
princesse_d_elide	merveilles17_imp_pie-guignard1668	name639	LA PRINCESSE
moron	merveilles17_imp_pie-guignard1668	name640	Moron
moron	merveilles17_imp_pie-guignard1668	name641	MORON
princesse_d_elide	merveilles17_imp_pie-guignard1668	name642	LA PRINCESSE
princesse_d_elide	merveilles17_imp_pie-guignard1668	name643	LA PRINCESSE
aglante	merveilles17_imp_pie-guignard1668	name644	AGLANTE
moron	merveilles17_imp_pie-guignard1668	name645	MORON
princesse_d_elide	merveilles17_imp_pie-guignard1668	name646	LA PRINCESSE
princesse_d_elide	merveilles17_imp_pie-guignard1668	name647	PRincesse
euriale	merveilles17_imp_pie-guignard1668	name648	Le Prince d’Ithaque
iphitas	merveilles17_imp_pie-guignard1668	name649	Prince mon Pere
aglante	merveilles17_imp_pie-guignard1668	name650	AGLANTE
euriale	merveilles17_imp_pie-guignard1668	name651	Le Prince d’Ithaque
princesse_d_elide	merveilles17_imp_pie-guignard1668	name652	LA PRINCESSE
aglante	merveilles17_imp_pie-guignard1668	name653	AGLANTE
princesse_d_elide	merveilles17_imp_pie-guignard1668	name654	LA PRINCESSE
aglante	merveilles17_imp_pie-guignard1668	name655	Aglante
aglante	merveilles17_imp_pie-guignard1668	name656	AGLANTE
princesse_d_elide	merveilles17_imp_pie-guignard1668	name657	LA PRINCESSE
aristomene	merveilles17_imp_pie-guignard1668	name658	ARISTOMENE
moron	merveilles17_imp_pie-guignard1668	name659	MORON
princesse_d_elide	merveilles17_imp_pie-guignard1668	name660	LA PRINCESSE
aglante	merveilles17_imp_pie-guignard1668	name661	AGLANTE
aristomene	merveilles17_imp_pie-guignard1668	name662	ARISTOMENE
princesse_d_elide	merveilles17_imp_pie-guignard1668	name663	LA PRINCESSE
aristomene	merveilles17_imp_pie-guignard1668	name664	ARISTOMENE
euriale	merveilles17_imp_pie-guignard1668	name665	Le prince d’Ithaque
princesse_d_elide	merveilles17_imp_pie-guignard1668	name666	LA PRINCESSE
aristomene	merveilles17_imp_pie-guignard1668	name667	ARISTOMENE
princesse_d_elide	merveilles17_imp_pie-guignard1668	name668	LA PRINCESSE
aristomene	merveilles17_imp_pie-guignard1668	name669	Prince
aristomene	merveilles17_imp_pie-guignard1668	name670	ARISTOMENE
princesse_d_elide	merveilles17_imp_pie-guignard1668	name671	LA PRINCESSE
aristomene	merveilles17_imp_pie-guignard1668	name672	Prince
princesse_d_elide	merveilles17_imp_pie-guignard1668	name673	LA PRINCESSE
aglante	merveilles17_imp_pie-guignard1668	name674	AGLANTE
moron	merveilles17_imp_pie-guignard1668	name675	MORON
princesse_d_elide	merveilles17_imp_pie-guignard1668	name676	LA PRINCESSE
princesse_d_elide	merveilles17_imp_pie-guignard1668	name677	Princesse
aglante	merveilles17_imp_pie-guignard1668	name678	AGLANTE
moron	merveilles17_imp_pie-guignard1668	name679	MORON
princesse_d_elide	merveilles17_imp_pie-guignard1668	name680	LA PRINCESSE
moron	merveilles17_imp_pie-guignard1668	name681	MORON
euriale	merveilles17_imp_pie-guignard1668	name682	Prince
princesse_d_elide	merveilles17_imp_pie-guignard1668	name683	LA PRINCESSE
moron	merveilles17_imp_pie-guignard1668	name684	MORON
princesse_d_elide	merveilles17_imp_pie-guignard1668	name685	LA PRINCESSE
moron	merveilles17_imp_pie-guignard1668	name686	MORON
princesse_d_elide	merveilles17_imp_pie-guignard1668	name687	la Princesse
princesse_d_elide	merveilles17_imp_pie-guignard1668	name688	LA PRINCESSE
climene	merveilles17_imp_pie-guignard1668	name689	CLIMENE
philis	merveilles17_imp_pie-guignard1668	name690	PHILIS
climene	merveilles17_imp_pie-guignard1668	name691	CLIMENE
philis	merveilles17_imp_pie-guignard1668	name692	Philis
philis	merveilles17_imp_pie-guignard1668	name693	PHILIS
climene	merveilles17_imp_pie-guignard1668	name694	CLIMENE
philis	merveilles17_imp_pie-guignard1668	name695	PHILIS
climene	merveilles17_imp_pie-guignard1668	name696	CLIMENE
philis	merveilles17_imp_pie-guignard1668	name697	PHILIS
climene	merveilles17_imp_pie-guignard1668	name698	CLIMENE
philis	merveilles17_imp_pie-guignard1668	name699	PHILIS
philis	merveilles17_imp_pie-guignard1668	name700	PHILIS
cloris	merveilles17_imp_pie-guignard1668	name701	Cloris
climene	merveilles17_imp_pie-guignard1668	name702	CLIMENE
philis	merveilles17_imp_pie-guignard1668	name703	PHILIS
climene	merveilles17_imp_pie-guignard1668	name704	CLIMENE
philis	merveilles17_imp_pie-guignard1668	name705	Philis
philis	merveilles17_imp_pie-guignard1668	name706	PHILIS
climene	merveilles17_imp_pie-guignard1668	name707	CLIMENE
philis	merveilles17_imp_pie-guignard1668	name708	Toutes deux ensemble
climene	merveilles17_imp_pie-guignard1668	name709	Toutes deux ensemble
princesse_d_elide	merveilles17_imp_pie-guignard1668	name710	La Princesse
aristomene	merveilles17_imp_pie-guignard1668	name711	Prince de Messene
euriale	merveilles17_imp_pie-guignard1668	name712	le Prince d’Ithaque
princesse_d_elide	merveilles17_imp_pie-guignard1668	name713	la Princesse
euriale	merveilles17_imp_pie-guignard1668	name714	le Prince d’Ithaque
aristomene	merveilles17_imp_pie-guignard1668	name715	le Prince de Messene
princesse_d_elide	merveilles17_imp_pie-guignard1668	name716	La Princesse
iphitas	merveilles17_imp_pie-guignard1668	name717	le Roy
euriale	merveilles17_imp_pie-guignard1668	name718	le Prince d’Ithaque
euriale	merveilles17_imp_pie-guignard1668	name719	le Prince d’Ithaque
aglante	merveilles17_imp_pie-guignard1668	name720	la Princesse
princesse_d_elide	merveilles17_imp_pie-guignard1668	name721	La Princesse
iphitas	merveilles17_imp_pie-guignard1668	name722	le Roy
aristomene	merveilles17_imp_pie-guignard1668	name723	les deux Princes de Messene
theocle	merveilles17_imp_pie-guignard1668	name724	de Pyle
iphitas	merveilles17_imp_pie-guignard1668	name725	LE PRINCE
euriale	merveilles17_imp_pie-guignard1668	name726	EVRIALE
moron	merveilles17_imp_pie-guignard1668	name727	MORON
aglante	merveilles17_imp_pie-guignard1668	name728	AGLANTE
cinthie	merveilles17_imp_pie-guignard1668	name729	CINTHIE
moron	merveilles17_imp_pie-guignard1668	name730	MORON
iphitas	merveilles17_imp_pie-guignard1668	name731	LE PRINCE
euriale	merveilles17_imp_pie-guignard1668	name732	EVRIALE
iphitas	merveilles17_imp_pie-guignard1668	name733	LE PRINCE
princesse_d_elide	merveilles17_imp_pie-guignard1668	name734	LA PRINCESSE
iphitas	merveilles17_imp_pie-guignard1668	name735	LE PRINCE
euriale	merveilles17_imp_pie-guignard1668	name736	EVRIALE
aglante	merveilles17_imp_pie-guignard1668	name737	AGLANTE
cinthie	merveilles17_imp_pie-guignard1668	name738	CINTHIE
moron	merveilles17_imp_pie-guignard1668	name739	MORON
princesse_d_elide	merveilles17_imp_pie-guignard1668	name740	LA PRINCESSE
iphitas	merveilles17_imp_pie-guignard1668	name741	LE PRINCE
princesse_d_elide	merveilles17_imp_pie-guignard1668	name742	LA PRINCESSE
euriale	merveilles17_imp_pie-guignard1668	name743	Prince
aglante	merveilles17_imp_pie-guignard1668	name744	la Princesse Aglante
iphitas	merveilles17_imp_pie-guignard1668	name745	LE PRINCE
princesse_d_elide	merveilles17_imp_pie-guignard1668	name746	LA PRINCESSE
euriale	merveilles17_imp_pie-guignard1668	name747	Prince
iphitas	merveilles17_imp_pie-guignard1668	name748	LE PRINCE
princesse_d_elide	merveilles17_imp_pie-guignard1668	name749	LA PRINCESSE
iphitas	merveilles17_imp_pie-guignard1668	name750	LE PRINCE
princesse_d_elide	merveilles17_imp_pie-guignard1668	name751	LA PRINCESSE
iphitas	merveilles17_imp_pie-guignard1668	name752	LE PRINCE
princesse_d_elide	merveilles17_imp_pie-guignard1668	name753	LA PRINCESSE
iphitas	merveilles17_imp_pie-guignard1668	name754	LE PRINCE
princesse_d_elide	merveilles17_imp_pie-guignard1668	name755	LA PRINCESSE
iphitas	merveilles17_imp_pie-guignard1668	name756	LE PRINCE
princesse_d_elide	merveilles17_imp_pie-guignard1668	name757	LA PRINCESSE
aglante	merveilles17_imp_pie-guignard1668	name758	Aglante
iphitas	merveilles17_imp_pie-guignard1668	name759	LE PRINCE
princesse_d_elide	merveilles17_imp_pie-guignard1668	name760	LA PRINCESSE
iphitas	merveilles17_imp_pie-guignard1668	name761	LE PRINCE
princesse_d_elide	merveilles17_imp_pie-guignard1668	name762	LA PRINCESSE
iphitas	merveilles17_imp_pie-guignard1668	name763	LE PRINCE
princesse_d_elide	merveilles17_imp_pie-guignard1668	name764	LA PRINCESSE
iphitas	merveilles17_imp_pie-guignard1668	name765	LE PRINCE
aglante	merveilles17_imp_pie-guignard1668	name766	la Princesse Aglante
princesse_d_elide	merveilles17_imp_pie-guignard1668	name767	LA PRINCESSE
iphitas	merveilles17_imp_pie-guignard1668	name768	LE PRINCE
princesse_d_elide	merveilles17_imp_pie-guignard1668	name769	LA PRINCESSE
euriale	merveilles17_imp_pie-guignard1668	name770	EVRIALE
iphitas	merveilles17_imp_pie-guignard1668	name771	le Prince vostre Pere
princesse_d_elide	merveilles17_imp_pie-guignard1668	name772	LA PRINCESSE
euriale	merveilles17_imp_pie-guignard1668	name773	Prince
iphitas	merveilles17_imp_pie-guignard1668	name774	LE PRINCE
euriale	merveilles17_imp_pie-guignard1668	name775	Prince
princesse_d_elide	merveilles17_imp_pie-guignard1668	name776	LA PRINCESSE
iphitas	merveilles17_imp_pie-guignard1668	name777	LE PRINCE
euriale	merveilles17_imp_pie-guignard1668	name778	Prince
euriale	merveilles17_imp_pie-guignard1668	name779	EVRIALE
iphitas	merveilles17_imp_pie-guignard1668	name780	LE PRINCE
moron	merveilles17_imp_pie-guignard1668	name781	Moron
princesse_d_elide	merveilles17_imp_pie-guignard1668	name782	la Princesse
moron	merveilles17_imp_pie-guignard1668	name783	MORON
aristomene	merveilles17_imp_pie-guignard1668	name784	ARISTOMENE
theocle	merveilles17_imp_pie-guignard1668	name785	THEOCLES
iphitas	merveilles17_imp_pie-guignard1668	name786	LE PRINCE
princesse_d_elide	merveilles17_imp_pie-guignard1668	name787	LA PRINCESSE
aglante	merveilles17_imp_pie-guignard1668	name788	AGLANTE
cinthie	merveilles17_imp_pie-guignard1668	name789	CINTHIE
moron	merveilles17_imp_pie-guignard1668	name790	MORON
iphitas	merveilles17_imp_pie-guignard1668	name791	LE PRINCE
aglante	merveilles17_imp_pie-guignard1668	name792	deux Princesses
cinthie	merveilles17_imp_pie-guignard1668	name793	deux Princesses
aristomene	merveilles17_imp_pie-guignard1668	name794	ARISTOMENE
aglante	merveilles17_imp_pie-guignard1668	name795	Princesses
cinthie	merveilles17_imp_pie-guignard1668	name796	Princesses
philis	merveilles17_imp_pie-guignard1668	name797	PHILIS
aristomene	merveilles17_imp_pie-guignard1668	name798	ARISTOMENE
theocle	merveilles17_imp_pie-guignard1668	name799	THEOCLE
iphitas	merveilles17_imp_pie-guignard1668	name800	LE PRINCE
princesse_d_elide	merveilles17_imp_pie-guignard1668	name801	LA PRINCESSE
aglante	merveilles17_imp_pie-guignard1668	name802	AGLANTE
cinthie	merveilles17_imp_pie-guignard1668	name803	CINTHIE
moron	merveilles17_imp_pie-guignard1668	name804	MORON
philis	merveilles17_imp_pie-guignard1668	name805	PHILIS
venus	merveilles17_imp_pie-guignard1668	name806	Venus
princesse_d_elide	merveilles17_imp_pie-guignard1668	name807	la Princesse
berger	merveilles17_imp_pie-guignard1668	name808	Tous les Pasteurs
bergere	merveilles17_imp_pie-guignard1668	name809	toutes les Bergeres
berger	merveilles17_imp_pie-guignard1668	name810	PASTEVRS
berger	merveilles17_imp_pie-guignard1668	name811	PASTEVRS
berger	merveilles17_imp_pie-guignard1668	name812	PASTEVRS
simon_blondel	merveilles17_imp_pie-guignard1668	name813	PASTEVRS
bergere	merveilles17_imp_pie-guignard1668	name814	Bergeres
bergere	merveilles17_imp_pie-guignard1668	name815	Bergeres
berger	merveilles17_imp_pie-guignard1668	name816	Quatre Bergers
berger	merveilles17_imp_pie-guignard1668	name817	Quatre Bergers
berger	merveilles17_imp_pie-guignard1668	name818	Quatre Bergers
simon_blondel	merveilles17_imp_pie-guignard1668	name819	Quatre Bergers
bergere	merveilles17_imp_pie-guignard1668	name820	deux Bergeres
bergere	merveilles17_imp_pie-guignard1668	name821	deux Bergeres
bergere	merveilles17_imp_pie-guignard1668	name822	deux Bergeres
bergere	merveilles17_imp_pie-guignard1668	name823	deux Bergeres
faunes	merveilles17_imp_pie-guignard1668	name824	seize Faunes
berger	merveilles17_imp_pie-guignard1668	name825	quatre Bergers
berger	merveilles17_imp_pie-guignard1668	name826	quatre Bergers
berger	merveilles17_imp_pie-guignard1668	name827	quatre Bergers
berger	merveilles17_imp_pie-guignard1668	name828	quatre Bergers
bergere	merveilles17_imp_pie-guignard1668	name829	quatre Bergeres
bergere	merveilles17_imp_pie-guignard1668	name830	quatre Bergeres
bergere	merveilles17_imp_pie-guignard1668	name831	quatre Bergeres
bergere	merveilles17_imp_pie-guignard1668	name832	quatre Bergeres
faunes	merveilles17_imp_pie-guignard1668	name833	les Faunes
berger	merveilles17_imp_pie-guignard1668	name834	Les Bergers
berger	merveilles17_imp_pie-guignard1668	name835	Les Bergers
berger	merveilles17_imp_pie-guignard1668	name836	Les Bergers
berger	merveilles17_imp_pie-guignard1668	name837	Les Bergers
bergere	merveilles17_imp_pie-guignard1668	name838	les Bergeres
bergere	merveilles17_imp_pie-guignard1668	name839	les Bergeres
bergere	merveilles17_imp_pie-guignard1668	name840	les Bergeres
bergere	merveilles17_imp_pie-guignard1668	name841	les Bergeres
chevalier	merveilles17_imp_pie-guignard1668	name842	Chevaliers
alcine	merveilles17_imp_pie-guignard1668	name843	Alcine
alcine	merveilles17_imp_pie-guignard1668	name844	Alcine
celie	merveilles17_imp_pie-guignard1668	name845	Deux des Nymphes
dirce	merveilles17_imp_pie-guignard1668	name846	Deux des Nymphes
celie	merveilles17_imp_pie-guignard1668	name847	Celie
dirce	merveilles17_imp_pie-guignard1668	name848	Dircé
alcine	merveilles17_imp_pie-guignard1668	name849	Alcine
alcine	merveilles17_imp_pie-guignard1668	name850	ALCINE
celie	merveilles17_imp_pie-guignard1668	name851	CELIE
dirce	merveilles17_imp_pie-guignard1668	name852	DIRCE
alcine	merveilles17_imp_pie-guignard1668	name853	ALCINE
celie	merveilles17_imp_pie-guignard1668	name854	CELIE
alcine	merveilles17_imp_pie-guignard1668	name855	ALCINE
melisse	merveilles17_imp_pie-guignard1668	name856	Melisse
bradamante	merveilles17_imp_pie-guignard1668	name857	Bradamante
roger	merveilles17_imp_pie-guignard1668	name858	Roger
celie	merveilles17_imp_pie-guignard1668	name859	CELIE
melisse	merveilles17_imp_pie-guignard1668	name860	Melisse
dirce	merveilles17_imp_pie-guignard1668	name861	DIRCE
alcine	merveilles17_imp_pie-guignard1668	name862	ALCINE
celie	merveilles17_imp_pie-guignard1668	name863	CELIE
melisse	merveilles17_imp_pie-guignard1668	name864	Melisse
alcine	merveilles17_imp_pie-guignard1668	name865	ALCINE
dirce	merveilles17_imp_pie-guignard1668	name866	DIRCE
alcine	merveilles17_imp_pie-guignard1668	name867	ALCINE
alcine	merveilles17_imp_pie-guignard1668	name868	Alcine
celie	merveilles17_imp_pie-guignard1668	name869	Celie
dirce	merveilles17_imp_pie-guignard1668	name870	Dircé
alcine	merveilles17_imp_pie-guignard1668	name871	Alcine
geant	merveilles17_imp_pie-guignard1668	name872	Quatre Geants
geant	merveilles17_imp_pie-guignard1668	name873	Quatre Geants
geant	merveilles17_imp_pie-guignard1668	name874	Quatre Geants
geant	merveilles17_imp_pie-guignard1668	name875	Quatre Geants
nain	merveilles17_imp_pie-guignard1668	name876	quatre Nains
nain	merveilles17_imp_pie-guignard1668	name877	quatre Nains
nains	merveilles17_imp_pie-guignard1668	name878	quatre Nains
geant	merveilles17_imp_pie-guignard1668	name879	QVatre Geants
geant	merveilles17_imp_pie-guignard1668	name880	QVatre Geants
geants	merveilles17_imp_pie-guignard1668	name881	QVatre Geants
geant	merveilles17_imp_pie-guignard1668	name882	QVatre Geants
nain	merveilles17_imp_pie-guignard1668	name883	quatre Nains
nain	merveilles17_imp_pie-guignard1668	name884	quatre Nains
nains	merveilles17_imp_pie-guignard1668	name885	quatre Nains
geant	merveilles17_imp_pie-guignard1668	name886	Geants.
geant	merveilles17_imp_pie-guignard1668	name887	Geants.
geants	merveilles17_imp_pie-guignard1668	name888	Geants.
geant	merveilles17_imp_pie-guignard1668	name889	Geants.
nain	merveilles17_imp_pie-guignard1668	name890	Nains
nain	merveilles17_imp_pie-guignard1668	name891	Nains
nain	merveilles17_imp_pie-guignard1668	name892	Nains
maure	merveilles17_imp_pie-guignard1668	name893	HVIct Maures
maure	merveilles17_imp_pie-guignard1668	name894	HVIct Maures
mores	merveilles17_imp_pie-guignard1668	name895	HVIct Maures
maure	merveilles17_imp_pie-guignard1668	name896	HVIct Maures
maure	merveilles17_imp_pie-guignard1668	name897	HVIct Maures
maure	merveilles17_imp_pie-guignard1668	name898	HVIct Maures
maure	merveilles17_imp_pie-guignard1668	name899	HVIct Maures
maure	merveilles17_imp_pie-guignard1668	name900	HVIct Maures
alcine	merveilles17_imp_pie-guignard1668	name901	Alcine
maure	merveilles17_imp_pie-guignard1668	name902	Maures
maure	merveilles17_imp_pie-guignard1668	name903	Maures
mores	merveilles17_imp_pie-guignard1668	name904	Maures
maure	merveilles17_imp_pie-guignard1668	name905	Maures
maure	merveilles17_imp_pie-guignard1668	name906	Maures
maure	merveilles17_imp_pie-guignard1668	name907	Maures
maure	merveilles17_imp_pie-guignard1668	name908	Maures
maure	merveilles17_imp_pie-guignard1668	name909	Maures
chevalier	merveilles17_imp_pie-guignard1668	name910	six des Chevaliers
six_chevaliers	merveilles17_imp_pie-guignard1668	name911	six des Chevaliers
chevalier	merveilles17_imp_pie-guignard1668	name912	six des Chevaliers
chevalier	merveilles17_imp_pie-guignard1668	name913	six des Chevaliers
chevalier	merveilles17_imp_pie-guignard1668	name914	six des Chevaliers
chevalier	merveilles17_imp_pie-guignard1668	name915	six des Chevaliers
alcine	merveilles17_imp_pie-guignard1668	name916	Alcine
monstres	merveilles17_imp_pie-guignard1668	name917	Monstres
monstres	merveilles17_imp_pie-guignard1668	name918	Monstres
monstres	merveilles17_imp_pie-guignard1668	name919	Monstres
monstres	merveilles17_imp_pie-guignard1668	name920	Monstres
monstres	merveilles17_imp_pie-guignard1668	name921	Monstres
monstres	merveilles17_imp_pie-guignard1668	name922	Monstres
chevalier	merveilles17_imp_pie-guignard1668	name923	Six Chevaliers
chevalier	merveilles17_imp_pie-guignard1668	name924	Six Chevaliers
chevalier	merveilles17_imp_pie-guignard1668	name925	Six Chevaliers
six_chevaliers	merveilles17_imp_pie-guignard1668	name926	Six Chevaliers
chevalier	merveilles17_imp_pie-guignard1668	name927	Six Chevaliers
chevalier	merveilles17_imp_pie-guignard1668	name928	Six Chevaliers
monstres	merveilles17_imp_pie-guignard1668	name929	six Monstres
monstres	merveilles17_imp_pie-guignard1668	name930	six Monstres
monstres	merveilles17_imp_pie-guignard1668	name931	six Monstres
monstres	merveilles17_imp_pie-guignard1668	name932	six Monstres
monstres	merveilles17_imp_pie-guignard1668	name933	six Monstres
monstres	merveilles17_imp_pie-guignard1668	name934	six Monstres
chevalier	merveilles17_imp_pie-guignard1668	name935	Chevaliers
chevalier	merveilles17_imp_pie-guignard1668	name936	Chevaliers
chevalier	merveilles17_imp_pie-guignard1668	name937	Chevaliers
six_chevaliers	merveilles17_imp_pie-guignard1668	name938	Chevaliers
chevalier	merveilles17_imp_pie-guignard1668	name939	Chevaliers
chevalier	merveilles17_imp_pie-guignard1668	name940	Chevaliers
monstres	merveilles17_imp_pie-guignard1668	name941	Monstres
monstres	merveilles17_imp_pie-guignard1668	name942	Monstres
monstres	merveilles17_imp_pie-guignard1668	name943	Monstres
monstres	merveilles17_imp_pie-guignard1668	name944	Monstres
monstres	merveilles17_imp_pie-guignard1668	name945	Monstres
monstres	merveilles17_imp_pie-guignard1668	name946	Monstres
alcine	merveilles17_imp_pie-guignard1668	name947	ALcine
demon	merveilles17_imp_pie-guignard1668	name948	ses Esprits
demons	merveilles17_imp_pie-guignard1668	name949	Demons Agiles
demons	merveilles17_imp_pie-guignard1668	name950	Demons Agiles
demons	merveilles17_imp_pie-guignard1668	name951	D'Autres Demons
demon	merveilles17_imp_pie-guignard1668	name952	D'Autres Demons
demon	merveilles17_imp_pie-guignard1668	name953	D'Autres Demons
demon	merveilles17_imp_pie-guignard1668	name954	D'Autres Demons
alcine	merveilles17_imp_pie-guignard1668	name955	la Magicienne
demon	merveilles17_imp_pie-guignard1668	name956	Autres Demons sauteurs
demon	merveilles17_imp_pie-guignard1668	name957	Autres Demons sauteurs
demon	merveilles17_imp_pie-guignard1668	name958	Autres Demons sauteurs
demon	merveilles17_imp_pie-guignard1668	name959	Autres Demons sauteurs
roger	merveilles17_imp_pie-guignard1668	name960	Roger
chevalier	merveilles17_imp_pie-guignard1668	name961	Chevaliers
chevalier	merveilles17_imp_pie-guignard1668	name962	Chevaliers
chevalier	merveilles17_imp_pie-guignard1668	name963	Chevaliers
chevalier	merveilles17_imp_pie-guignard1668	name964	Chevaliers
melisse	merveilles17_imp_pie-guignard1668	name965	Melisse
atlas	merveilles17_imp_pie-guignard1668	name966	Athlas
melisse	merveilles17_imp_pie-guignard1668	name967	Melisse
roger	merveilles17_imp_pie-guignard1668	name968	Chevalier
alcine	merveilles17_imp_pie-guignard1668	name969	Alcine
melisse	merveilles17_imp_pie-guignard1668	name970	Melisse
roger	merveilles17_imp_pie-guignard1668	name971	Roger
chevalier	merveilles17_imp_pie-guignard1668	name972	Chevaliers
chevalier	merveilles17_imp_pie-guignard1668	name973	Chevaliers
chevalier	merveilles17_imp_pie-guignard1668	name974	Chevaliers
chevalier	merveilles17_imp_pie-guignard1668	name975	Chevaliers
ecuyers	merveilles17_imp_pie-guignard1668	name976	Ecuyers
ecuyers	merveilles17_imp_pie-guignard1668	name977	Ecuyers
ecuyers	merveilles17_imp_pie-guignard1668	name978	Ecuyers
ecuyers	merveilles17_imp_pie-guignard1668	name979	Ecuyers
chevalier	merveilles17_imp_pie-guignard1668	name980	Chevaliers
chevalier	merveilles17_imp_pie-guignard1668	name981	Chevaliers
chevalier	merveilles17_imp_pie-guignard1668	name982	Chevaliers
chevalier	merveilles17_imp_pie-guignard1668	name983	Chevaliers
chevalier	merveilles17_imp_pie-guignard1668	name984	Les Chevaliers
page	merveilles17_imp_pie-guignard1668	name985	vn Page
chevalier	merveilles17_imp_pie-guignard1668	name986	autres Chevaliers
guidon_le_sauvage	merveilles17_imp_pie-guignard1668	name987	Guidon le Sauvage
chevalier	merveilles17_imp_pie-guignard1668	name988	dix Chevaliers
guidon_le_sauvage	merveilles17_imp_pie-guignard1668	name989	Guidon
olivier	merveilles17_imp_pie-guignard1668	name990	Olivier
chevalier	merveilles17_imp_pie-guignard1668	name991	les Chevaliers
roger	merveilles17_imp_pie-ir1673	name5	Roger
chevalier	merveilles17_imp_pie-ir1673	name6	Chevaliers
alcine	merveilles17_imp_pie-ir1673	name7	Magicienne
angelique	merveilles17_imp_pie-ir1673	name8	Angelique
melisse	merveilles17_imp_pie-ir1673	name9	Melisse
atlas	merveilles17_imp_pie-ir1673	name10	Atlas
roger	merveilles17_imp_pie-ir1673	name11	Roger
heraut_d_armes	merveilles17_imp_pie-ir1673	name12	Heraut d’Armes
guidon_le_sauvage	merveilles17_imp_pie-ir1673	name13	Guidon le Sauvage
guidon_le_sauvage	merveilles17_imp_pie-ir1673	name14	Guidon le Sauvage
roger	merveilles17_imp_pie-ir1673	name15	Roger
roger	merveilles17_imp_pie-ir1673	name16	Roger
oger_le_danois	merveilles17_imp_pie-ir1673	name17	Oger le Danois
aquilant	merveilles17_imp_pie-ir1673	name18	Aquilant le Noir
griffon_le_blanc	merveilles17_imp_pie-ir1673	name19	Griffon le Blanc
aquilant	merveilles17_imp_pie-ir1673	name20	Aquilant le Noir
griffon_le_blanc	merveilles17_imp_pie-ir1673	name21	Griffon le Blanc
renaud	merveilles17_imp_pie-ir1673	name22	Renaud
dudon	merveilles17_imp_pie-ir1673	name23	Dudon
astolphe	merveilles17_imp_pie-ir1673	name24	Astolphe
brandimart	merveilles17_imp_pie-ir1673	name25	Brandimart
richardet	merveilles17_imp_pie-ir1673	name26	Richardet
olivier	merveilles17_imp_pie-ir1673	name27	Olivier
ariodant	merveilles17_imp_pie-ir1673	name28	Ariodant
zerbin	merveilles17_imp_pie-ir1673	name29	Zerbin
roland	merveilles17_imp_pie-ir1673	name30	Roland
roland	merveilles17_imp_pie-ir1673	name31	ROland
charlemagne	merveilles17_imp_pie-ir1673	name32	Charlemagne
apollon	merveilles17_imp_pie-ir1673	name33	Apollon
chevaliers	merveilles17_imp_pie-ir1673	name34	Chevaliers
apollon	merveilles17_imp_pie-ir1673	name35	Cette Divinité brillante de lumiéres
quatre_siecles	merveilles17_imp_pie-ir1673	name36	quatre Ages ou Siécles
le_siecle_de_fer	merveilles17_imp_pie-ir1673	name37	quatre Ages ou Siécles
le_siecle_d_argent	merveilles17_imp_pie-ir1673	name38	quatre Ages ou Siécles
le_siecle_d_or	merveilles17_imp_pie-ir1673	name39	quatre Ages ou Siécles
le_siecle_d_airain	merveilles17_imp_pie-ir1673	name40	quatre Ages ou Siécles
le_siecle_d_or	merveilles17_imp_pie-ir1673	name41	Siécle d’Or
le_siecle_d_argent	merveilles17_imp_pie-ir1673	name42	Argent
le_siecle_d_airain	merveilles17_imp_pie-ir1673	name43	Airain
le_siecle_de_fer	merveilles17_imp_pie-ir1673	name44	Fer
apollon	merveilles17_imp_pie-ir1673	name45	Apollon
le_temps	merveilles17_imp_pie-ir1673	name46	Le Temps
douze_heures	merveilles17_imp_pie-ir1673	name47	douze Heures du jour
douze_zodiaque	merveilles17_imp_pie-ir1673	name48	douze Signes du Zodiaque
aquilant	merveilles17_imp_pie-ir1673	name49	Aquilant le Noir
griffon_le_blanc	merveilles17_imp_pie-ir1673	name50	Griffon le Blanc
renaud	merveilles17_imp_pie-ir1673	name51	Renaud
dudon	merveilles17_imp_pie-ir1673	name52	Dudon
astolphe	merveilles17_imp_pie-ir1673	name53	Astolphe
brandimart	merveilles17_imp_pie-ir1673	name54	Bandimart
richardet	merveilles17_imp_pie-ir1673	name55	Richardet
olivier	merveilles17_imp_pie-ir1673	name56	Olivier
ariodant	merveilles17_imp_pie-ir1673	name57	Ariodant
zerbin	merveilles17_imp_pie-ir1673	name58	Zerbin
roland	merveilles17_imp_pie-ir1673	name59	Roland
berger	merveilles17_imp_pie-ir1673	name60	VIngt Pasteurs
chevalier	merveilles17_imp_pie-ir1673	name61	Les dix Chevaliers
douze_zodiaque	merveilles17_imp_pie-ir1673	name62	Les Signes
douze_heures	merveilles17_imp_pie-ir1673	name63	les Heures
le_siecle_d_airain	merveilles17_imp_pie-ir1673	name64	le Siécle d’Airain
apollon	merveilles17_imp_pie-ir1673	name65	Apollon
le_siecle_d_airain	merveilles17_imp_pie-ir1673	name66	LE SIECLE D’AIRAIN
apollon	merveilles17_imp_pie-ir1673	name67	Apollon
apollon	merveilles17_imp_pie-ir1673	name68	APOLLON
le_siecle_d_argent	merveilles17_imp_pie-ir1673	name69	LE SIÉCLE D'ARGENT
le_siecle_d_or	merveilles17_imp_pie-ir1673	name70	LE SIECLE D'OR
le_siecle_de_fer	merveilles17_imp_pie-ir1673	name71	LE SIECLE DE FER
apollon	merveilles17_imp_pie-ir1673	name72	APOLLON
chevalier	merveilles17_imp_pie-ir1673	name73	Chevaliers
quatre_saisons	merveilles17_imp_pie-ir1673	name74	les Saisons
quatre_saisons	merveilles17_imp_pie-ir1673	name75	les Saisons
douze_zodiaque	merveilles17_imp_pie-ir1673	name76	les douze Signes du Zodiaque
quatre_saisons	merveilles17_imp_pie-ir1673	name77	les quatre Saisons
le_printemps	merveilles17_imp_pie-ir1673	name78	Le Printemps
l_ete	merveilles17_imp_pie-ir1673	name79	L'Esté
l_automne	merveilles17_imp_pie-ir1673	name80	L'Automne
l_hiver	merveilles17_imp_pie-ir1673	name81	L'Hyver
l_ete	merveilles17_imp_pie-ir1673	name82	Esté
l_automne	merveilles17_imp_pie-ir1673	name83	'Automne
l_hiver	merveilles17_imp_pie-ir1673	name84	Hyver
pan	merveilles17_imp_pie-ir1673	name85	Pan
diane	merveilles17_imp_pie-ir1673	name86	Diane
pan	merveilles17_imp_pie-ir1673	name87	Pan
diane	merveilles17_imp_pie-ir1673	name88	Diane
pan	merveilles17_imp_pie-ir1673	name89	Pan
diane	merveilles17_imp_pie-ir1673	name90	Diane
le_printemps	merveilles17_imp_pie-ir1673	name91	les Saisons
l_ete	merveilles17_imp_pie-ir1673	name92	les Saisons
l_automne	merveilles17_imp_pie-ir1673	name93	les Saisons
l_hiver	merveilles17_imp_pie-ir1673	name94	les Saisons
le_printemps	merveilles17_imp_pie-ir1673	name95	le Printemps
le_printemps	merveilles17_imp_pie-ir1673	name96	LE PRINTEMPS
l_ete	merveilles17_imp_pie-ir1673	name97	L’ESTE
l_automne	merveilles17_imp_pie-ir1673	name98	L'AUTOMNE
le_printemps	merveilles17_imp_pie-ir1673	name99	Le Printemps
l_hiver	merveilles17_imp_pie-ir1673	name100	L'HYVER
diane	merveilles17_imp_pie-ir1673	name101	DIANE
pan	merveilles17_imp_pie-ir1673	name102	PAN
abondance	merveilles17_imp_pie-ir1673	name103	l’Abondance
joie	merveilles17_imp_pie-ir1673	name104	la Joye
proprete	merveilles17_imp_pie-ir1673	name105	la Propreté
bonne_chere	merveilles17_imp_pie-ir1673	name106	la Bonne-Chere
chevalier	merveilles17_imp_pie-ir1673	name107	Tous les chevaliers
roger	merveilles17_imp_pie-ir1673	name108	Roger
chevaliers	merveilles17_imp_pie-ir1673	name109	les Chevaliers
alcine	merveilles17_imp_pie-ir1673	name110	Magicienne
l_aurore	merveilles17_imp_pie-ir1673	name111	l'Aurore
l_aurore	merveilles17_imp_pie-ir1673	name112	l'Aurore
l_aurore	merveilles17_imp_pie-ir1673	name113	Aurore
lyciscas	merveilles17_imp_pie-ir1673	name114	quatre Valets de Chiens
valet_de_chien	merveilles17_imp_pie-ir1673	name115	quatre Valets de Chiens
valets_de_chien	merveilles17_imp_pie-ir1673	name116	quatre Valets de Chiens
valet_de_chien	merveilles17_imp_pie-ir1673	name117	quatre Valets de Chiens
lyciscas	merveilles17_imp_pie-ir1673	name118	Lyciscas
l_aurore	merveilles17_imp_pie-ir1673	name119	Aurore
valet_de_chien	merveilles17_imp_pie-ir1673	name120	I
valet_de_chien	merveilles17_imp_pie-ir1673	name121	II
valet_de_chien	merveilles17_imp_pie-ir1673	name122	III
valet_de_chien	merveilles17_imp_pie-ir1673	name123	Tous ensemble
valets_de_chien	merveilles17_imp_pie-ir1673	name124	Tous ensemble
valet_de_chien	merveilles17_imp_pie-ir1673	name125	Tous ensemble
lyciscas	merveilles17_imp_pie-ir1673	name126	Lyciscas
l_aurore	merveilles17_imp_pie-ir1673	name127	l’Aurore
lyciscas	merveilles17_imp_pie-ir1673	name128	Lyciscas
musicien	merveilles17_imp_pie-ir1673	name129	Musiciens
lyciscas	merveilles17_imp_pie-ir1673	name130	Lyciscas
lyciscas	merveilles17_imp_pie-ir1673	name131	Lyciscas
musicien	merveilles17_imp_pie-ir1673	name132	Musiciens
lyciscas	merveilles17_imp_pie-ir1673	name133	Lyciscas
lyciscas	merveilles17_imp_pie-ir1673	name134	Lyciscas
musicien	merveilles17_imp_pie-ir1673	name135	Musiciens
lyciscas	merveilles17_imp_pie-ir1673	name136	Lyciscas
musicien	merveilles17_imp_pie-ir1673	name137	Musiciens
lyciscas	merveilles17_imp_pie-ir1673	name138	Lyciscas
musicien	merveilles17_imp_pie-ir1673	name139	Musiciens
lyciscas	merveilles17_imp_pie-ir1673	name140	Lyciscas
musicien	merveilles17_imp_pie-ir1673	name141	Musiciens
lyciscas	merveilles17_imp_pie-ir1673	name142	Lyciscas
musicien	merveilles17_imp_pie-ir1673	name143	Musiciens
lyciscas	merveilles17_imp_pie-ir1673	name144	Lyciscas
musicien	merveilles17_imp_pie-ir1673	name145	Musiciens
lyciscas	merveilles17_imp_pie-ir1673	name146	Lyciscas
musicien	merveilles17_imp_pie-ir1673	name147	Musiciens
lyciscas	merveilles17_imp_pie-ir1673	name148	Lyciscas
lyciscas	merveilles17_imp_pie-ir1673	name149	Lyciscas
valet_de_chien	merveilles17_imp_pie-ir1673	name150	I
lyciscas	merveilles17_imp_pie-ir1673	name151	Lyciscas
valet_de_chien	merveilles17_imp_pie-ir1673	name152	II
lyciscas	merveilles17_imp_pie-ir1673	name153	Lyciscas
valet_de_chien	merveilles17_imp_pie-ir1673	name154	III
lyciscas	merveilles17_imp_pie-ir1673	name155	Lyciscas
valet_de_chien	merveilles17_imp_pie-ir1673	name156	Tous ensemble
valets_de_chien	merveilles17_imp_pie-ir1673	name157	Tous ensemble
valet_de_chien	merveilles17_imp_pie-ir1673	name158	Tous ensemble
lyciscas	merveilles17_imp_pie-ir1673	name159	Lyciscas
lyciscas	merveilles17_imp_pie-ir1673	name160	Lyciscas
musicien	merveilles17_imp_pie-ir1673	name161	Musiciens
lyciscas	merveilles17_imp_pie-ir1673	name162	Lyciscas
valet_de_chien	merveilles17_imp_pie-ir1673	name163	I
valet_de_chien	merveilles17_imp_pie-ir1673	name164	II
valet_de_chien	merveilles17_imp_pie-ir1673	name165	III
valet_de_chien	merveilles17_imp_pie-ir1673	name166	Tous ensemble
valets_de_chien	merveilles17_imp_pie-ir1673	name167	Tous ensemble
valet_de_chien	merveilles17_imp_pie-ir1673	name168	Tous ensemble
lyciscas	merveilles17_imp_pie-ir1673	name169	Lyciscas
musicien	merveilles17_imp_pie-ir1673	name170	Musiciens
lyciscas	merveilles17_imp_pie-ir1673	name171	Lyciscas
musicien	merveilles17_imp_pie-ir1673	name172	Musiciens
lyciscas	merveilles17_imp_pie-ir1673	name173	Lyciscas
musicien	merveilles17_imp_pie-ir1673	name174	Musiciens
lyciscas	merveilles17_imp_pie-ir1673	name175	Lyciscas
lyciscas	merveilles17_imp_pie-ir1673	name176	Lyciscas
lyciscas	merveilles17_imp_pie-ir1673	name177	Lyciscas
valet_de_chien	merveilles17_imp_pie-ir1673	name178	six Valets de Chiens
valets_de_chien	merveilles17_imp_pie-ir1673	name179	six Valets de Chiens
valet_de_chien	merveilles17_imp_pie-ir1673	name180	six Valets de Chiens
valet_de_chien	merveilles17_imp_pie-ir1673	name181	six Valets de Chiens
valets_de_chien	merveilles17_imp_pie-ir1673	name182	six Valets de Chiens
valet_de_chien	merveilles17_imp_pie-ir1673	name183	six Valets de Chiens
princesse_d_elide	merveilles17_imp_pie-ir1673	name184	La Princesse d'Elide
aglante	merveilles17_imp_pie-ir1673	name185	Aglante
cinthie	merveilles17_imp_pie-ir1673	name186	Cinthie
philis	merveilles17_imp_pie-ir1673	name187	Philis
iphitas	merveilles17_imp_pie-ir1673	name188	Iphitas
euriale	merveilles17_imp_pie-ir1673	name189	Euriale
aristomene	merveilles17_imp_pie-ir1673	name190	Aristomene
theocle	merveilles17_imp_pie-ir1673	name191	Theocle
arbate	merveilles17_imp_pie-ir1673	name192	Arbate
moron	merveilles17_imp_pie-ir1673	name193	Moron
un_suivant	merveilles17_imp_pie-ir1673	name194	Un suivant
iphitas	merveilles17_imp_pie-ir1673	name195	Prince d’Elide
princesse_d_elide	merveilles17_imp_pie-ir1673	name196	Princesse
euriale	merveilles17_imp_pie-ir1673	name197	les Princes d’Ithaque
aristomene	merveilles17_imp_pie-ir1673	name198	de Messene
theocle	merveilles17_imp_pie-ir1673	name199	de Pyle
euriale	merveilles17_imp_pie-ir1673	name200	EUriale
princesse_d_elide	merveilles17_imp_pie-ir1673	name201	Princesse d’Elide
arbate	merveilles17_imp_pie-ir1673	name202	Arbate
euriale	merveilles17_imp_pie-ir1673	name203	Prince
euriale	merveilles17_imp_pie-ir1673	name204	EURIALE
arbate	merveilles17_imp_pie-ir1673	name205	ARBATE
arbate	merveilles17_imp_pie-ir1673	name206	Arbate
euriale	merveilles17_imp_pie-ir1673	name207	Euriale
arbate	merveilles17_imp_pie-ir1673	name208	Arbate
arbate	merveilles17_imp_pie-ir1673	name209	Arbate
euriale	merveilles17_imp_pie-ir1673	name210	Euriale
arbate	merveilles17_imp_pie-ir1673	name211	Arbate
princesse_d_elide	merveilles17_imp_pie-ir1673	name212	Princesse d’Elide
princesse_d_elide	merveilles17_imp_pie-ir1673	name213	la Princesse
iphitas	merveilles17_imp_pie-ir1673	name214	Iphitas, pere de la Princesse
arbate	merveilles17_imp_pie-ir1673	name215	Arbate
princesse_d_elide	merveilles17_imp_pie-ir1673	name216	Princesse
euriale	merveilles17_imp_pie-ir1673	name217	Euriale
arbate	merveilles17_imp_pie-ir1673	name218	Arbate
aristomene	merveilles17_imp_pie-ir1673	name219	Souverains de Messene
theocle	merveilles17_imp_pie-ir1673	name220	de Pyle
arbate	merveilles17_imp_pie-ir1673	name221	Arbate
euriale	merveilles17_imp_pie-ir1673	name222	Euriale
princesse_d_elide	merveilles17_imp_pie-ir1673	name223	Princesse
arbate	merveilles17_imp_pie-ir1673	name224	Arbate
moron	merveilles17_imp_pie-ir1673	name225	Moron
arbate	merveilles17_imp_pie-ir1673	name226	Arbate
moron	merveilles17_imp_pie-ir1673	name227	Moron
euriale	merveilles17_imp_pie-ir1673	name228	Euriale
princesse_d_elide	merveilles17_imp_pie-ir1673	name229	La Princesse
moron	merveilles17_imp_pie-ir1673	name230	MOron
euriale	merveilles17_imp_pie-ir1673	name231	Euriale
arbate	merveilles17_imp_pie-ir1673	name232	Arbate
moron	merveilles17_imp_pie-ir1673	name233	MORON
arbate	merveilles17_imp_pie-ir1673	name234	ARBATE
euriale	merveilles17_imp_pie-ir1673	name235	EURIALE
moron	merveilles17_imp_pie-ir1673	name236	Moron
euriale	merveilles17_imp_pie-ir1673	name237	Euriale
moron	merveilles17_imp_pie-ir1673	name238	Moron
euriale	merveilles17_imp_pie-ir1673	name239	Euriale
moron	merveilles17_imp_pie-ir1673	name240	Moron
euriale	merveilles17_imp_pie-ir1673	name241	Euriale
moron	merveilles17_imp_pie-ir1673	name242	Moron
euriale	merveilles17_imp_pie-ir1673	name243	Euriale
moron	merveilles17_imp_pie-ir1673	name244	Moron
princesse_d_elide	merveilles17_imp_pie-ir1673	name245	la Princesse
euriale	merveilles17_imp_pie-ir1673	name246	Euriale
moron	merveilles17_imp_pie-ir1673	name247	Moron
princesse_d_elide	merveilles17_imp_pie-ir1673	name248	Princesse
euriale	merveilles17_imp_pie-ir1673	name249	Euriale
moron	merveilles17_imp_pie-ir1673	name250	Moron
euriale	merveilles17_imp_pie-ir1673	name251	Euriale
moron	merveilles17_imp_pie-ir1673	name252	Moron
arbate	merveilles17_imp_pie-ir1673	name253	Arbate
moron	merveilles17_imp_pie-ir1673	name254	Moron
arbate	merveilles17_imp_pie-ir1673	name255	Arbate
moron	merveilles17_imp_pie-ir1673	name256	Moron
moron	merveilles17_imp_pie-ir1673	name257	Moron
arbate	merveilles17_imp_pie-ir1673	name258	Arbate
moron	merveilles17_imp_pie-ir1673	name259	Moron
moron	merveilles17_imp_pie-ir1673	name260	Moron
moron	merveilles17_imp_pie-ir1673	name261	Moron
euriale	merveilles17_imp_pie-ir1673	name262	Euriale
moron	merveilles17_imp_pie-ir1673	name263	Moron
euriale	merveilles17_imp_pie-ir1673	name264	Euriale
moron	merveilles17_imp_pie-ir1673	name265	Moron
princesse_d_elide	merveilles17_imp_pie-ir1673	name266	la Princesse
princesse_d_elide	merveilles17_imp_pie-ir1673	name267	la Princesse
princesse_d_elide	merveilles17_imp_pie-ir1673	name268	Princesse d’Elide
aristomene	merveilles17_imp_pie-ir1673	name269	Princes de Messene
theocle	merveilles17_imp_pie-ir1673	name270	de Pyle
euriale	merveilles17_imp_pie-ir1673	name271	Prince d’Ithaque
princesse_d_elide	merveilles17_imp_pie-ir1673	name272	Princesse
princesse_d_elide	merveilles17_imp_pie-ir1673	name273	Princesse
aristomene	merveilles17_imp_pie-ir1673	name274	Prince de Messene
princesse_d_elide	merveilles17_imp_pie-ir1673	name275	LA PRINCESSE
aristomene	merveilles17_imp_pie-ir1673	name276	ARISTOMENE
theocle	merveilles17_imp_pie-ir1673	name277	THEOCLE
euriale	merveilles17_imp_pie-ir1673	name278	EURIALE
arbate	merveilles17_imp_pie-ir1673	name279	ARBATE
moron	merveilles17_imp_pie-ir1673	name280	MORON
aristomene	merveilles17_imp_pie-ir1673	name281	Aristomene
theocle	merveilles17_imp_pie-ir1673	name282	Theocle
princesse_d_elide	merveilles17_imp_pie-ir1673	name283	La Princesse
theocle	merveilles17_imp_pie-ir1673	name284	Theocle
princesse_d_elide	merveilles17_imp_pie-ir1673	name285	La Princesse
euriale	merveilles17_imp_pie-ir1673	name286	EURIALE
moron	merveilles17_imp_pie-ir1673	name287	MORON
arbate	merveilles17_imp_pie-ir1673	name288	ARBATE
moron	merveilles17_imp_pie-ir1673	name289	Moron
arbate	merveilles17_imp_pie-ir1673	name290	Arbate
moron	merveilles17_imp_pie-ir1673	name291	Moron
euriale	merveilles17_imp_pie-ir1673	name292	Euriale
moron	merveilles17_imp_pie-ir1673	name293	Moron
arbate	merveilles17_imp_pie-ir1673	name294	Arbate
euriale	merveilles17_imp_pie-ir1673	name295	Euriale
moron	merveilles17_imp_pie-ir1673	name296	Moron
euriale	merveilles17_imp_pie-ir1673	name297	le Prince
philis	merveilles17_imp_pie-ir1673	name298	Philis
ours	merveilles17_imp_pie-ir1673	name299	un Ours
ours	merveilles17_imp_pie-ir1673	name300	l’Ours
berger	merveilles17_imp_pie-ir1673	name301	huit Païsans
ours	merveilles17_imp_pie-ir1673	name302	un autre Ours
ours	merveilles17_imp_pie-ir1673	name303	un des Ours
moron	merveilles17_imp_pie-ir1673	name304	Moron
philis	merveilles17_imp_pie-ir1673	name305	Philis
philis	merveilles17_imp_pie-ir1673	name306	Philis
philis	merveilles17_imp_pie-ir1673	name307	Philis
philis	merveilles17_imp_pie-ir1673	name308	Philis
ours	merveilles17_imp_pie-ir1673	name309	UN OURS
moron	merveilles17_imp_pie-ir1673	name310	MORON
moron	merveilles17_imp_pie-ir1673	name311	Moron
ours	merveilles17_imp_pie-ir1673	name312	Monsieur l’Ours
moron	merveilles17_imp_pie-ir1673	name313	Moron
moron	merveilles17_imp_pie-ir1673	name314	Moron
euriale	merveilles17_imp_pie-ir1673	name315	LE Prince d’Ithaque
princesse_d_elide	merveilles17_imp_pie-ir1673	name316	la Princesse
euriale	merveilles17_imp_pie-ir1673	name317	Prince d’Ithaque
euriale	merveilles17_imp_pie-ir1673	name318	ce Prince
moron	merveilles17_imp_pie-ir1673	name319	Moron
princesse_d_elide	merveilles17_imp_pie-ir1673	name320	la Princesse
princesse_d_elide	merveilles17_imp_pie-ir1673	name321	la Princesse
aristomene	merveilles17_imp_pie-ir1673	name322	Les Princes de Messene
theocle	merveilles17_imp_pie-ir1673	name323	de Pyle
euriale	merveilles17_imp_pie-ir1673	name324	d’Ithaque
princesse_d_elide	merveilles17_imp_pie-ir1673	name325	LA PRINCESSE
aglante	merveilles17_imp_pie-ir1673	name326	AGLANTE
cinthie	merveilles17_imp_pie-ir1673	name327	CINTHIE
princesse_d_elide	merveilles17_imp_pie-ir1673	name328	La Princesse
aglante	merveilles17_imp_pie-ir1673	name329	Aglante
princesse_d_elide	merveilles17_imp_pie-ir1673	name330	La Princesse
cinthie	merveilles17_imp_pie-ir1673	name331	Cinthie
aglante	merveilles17_imp_pie-ir1673	name332	Aglante
princesse_d_elide	merveilles17_imp_pie-ir1673	name333	La Princesse
cinthie	merveilles17_imp_pie-ir1673	name334	Cinthie
princesse_d_elide	merveilles17_imp_pie-ir1673	name335	La Princesse
aglante	merveilles17_imp_pie-ir1673	name336	Aglante
princesse_d_elide	merveilles17_imp_pie-ir1673	name337	La Princesse
cinthie	merveilles17_imp_pie-ir1673	name338	Cinthie
princesse_d_elide	merveilles17_imp_pie-ir1673	name339	La Princesse
moron	merveilles17_imp_pie-ir1673	name340	MORON
princesse_d_elide	merveilles17_imp_pie-ir1673	name341	LA PRINCESSE
aglante	merveilles17_imp_pie-ir1673	name342	AGLANTE
cinthie	merveilles17_imp_pie-ir1673	name343	CINTHIE
philis	merveilles17_imp_pie-ir1673	name344	PHILIS
aglante	merveilles17_imp_pie-ir1673	name345	Aglante
moron	merveilles17_imp_pie-ir1673	name346	Moron
princesse_d_elide	merveilles17_imp_pie-ir1673	name347	la Princesse
princesse_d_elide	merveilles17_imp_pie-ir1673	name348	La Princesse
moron	merveilles17_imp_pie-ir1673	name349	Moron
cinthie	merveilles17_imp_pie-ir1673	name350	Cinthie
moron	merveilles17_imp_pie-ir1673	name351	Moron
moron	merveilles17_imp_pie-ir1673	name352	Moron
cinthie	merveilles17_imp_pie-ir1673	name353	Cinthie
moron	merveilles17_imp_pie-ir1673	name354	Moron
cinthie	merveilles17_imp_pie-ir1673	name355	Cinthie
lycas	merveilles17_imp_pie-ir1673	name356	LYCAS
princesse_d_elide	merveilles17_imp_pie-ir1673	name357	LA PRINCESSE
aglante	merveilles17_imp_pie-ir1673	name358	AGLANTE
cinthie	merveilles17_imp_pie-ir1673	name359	CINTHIE
philis	merveilles17_imp_pie-ir1673	name360	PHILIS
moron	merveilles17_imp_pie-ir1673	name361	MORON
lycas	merveilles17_imp_pie-ir1673	name362	Lycas
iphitas	merveilles17_imp_pie-ir1673	name363	le Prince
theocle	merveilles17_imp_pie-ir1673	name364	Princes de Pyle
euriale	merveilles17_imp_pie-ir1673	name365	d’Ithaque
aristomene	merveilles17_imp_pie-ir1673	name366	de Messene
princesse_d_elide	merveilles17_imp_pie-ir1673	name367	La Princesse
iphitas	merveilles17_imp_pie-ir1673	name368	LE PRINCE
euriale	merveilles17_imp_pie-ir1673	name369	EURIALE
aristomene	merveilles17_imp_pie-ir1673	name370	ARISTOMENE
theocle	merveilles17_imp_pie-ir1673	name371	THEOCLE
princesse_d_elide	merveilles17_imp_pie-ir1673	name372	LA PRINCESSE
aglante	merveilles17_imp_pie-ir1673	name373	AGLANTE
cinthie	merveilles17_imp_pie-ir1673	name374	CINTHIE
philis	merveilles17_imp_pie-ir1673	name375	PHILIS
moron	merveilles17_imp_pie-ir1673	name376	MORON
princesse_d_elide	merveilles17_imp_pie-ir1673	name377	La Princesse
iphitas	merveilles17_imp_pie-ir1673	name378	Le Prince
theocle	merveilles17_imp_pie-ir1673	name379	Theocle
aristomene	merveilles17_imp_pie-ir1673	name380	ARISTOMENE
euriale	merveilles17_imp_pie-ir1673	name381	EURIALE
princesse_d_elide	merveilles17_imp_pie-ir1673	name382	La Princesse
aglante	merveilles17_imp_pie-ir1673	name383	AGLANTE
moron	merveilles17_imp_pie-ir1673	name384	MORON
princesse_d_elide	merveilles17_imp_pie-ir1673	name385	La Princesse
cinthie	merveilles17_imp_pie-ir1673	name386	CINTHIE
princesse_d_elide	merveilles17_imp_pie-ir1673	name387	La Princesse
cinthie	merveilles17_imp_pie-ir1673	name388	CINTHIE
princesse_d_elide	merveilles17_imp_pie-ir1673	name389	La Princesse
moron	merveilles17_imp_pie-ir1673	name390	MORON
philis	merveilles17_imp_pie-ir1673	name391	PHILIS
moron	merveilles17_imp_pie-ir1673	name392	MORON
philis	merveilles17_imp_pie-ir1673	name393	PHILIS
philis	merveilles17_imp_pie-ir1673	name394	PHILIS
moron	merveilles17_imp_pie-ir1673	name395	MORON
tircis	merveilles17_imp_pie-ir1673	name396	Tircis
philis	merveilles17_imp_pie-ir1673	name397	PHILIS
moron	merveilles17_imp_pie-ir1673	name398	MORON
philis	merveilles17_imp_pie-ir1673	name399	PHILIS
moron	merveilles17_imp_pie-ir1673	name400	MORON
philis	merveilles17_imp_pie-ir1673	name401	PHILIS
moron	merveilles17_imp_pie-ir1673	name402	MORON
philis	merveilles17_imp_pie-ir1673	name403	PHILIS
moron	merveilles17_imp_pie-ir1673	name404	MORON
philis	merveilles17_imp_pie-ir1673	name405	PHILIS
moron	merveilles17_imp_pie-ir1673	name406	MORON
philis	merveilles17_imp_pie-ir1673	name407	PHILIS
moron	merveilles17_imp_pie-ir1673	name408	MORON
philis	merveilles17_imp_pie-ir1673	name409	Philis
philis	merveilles17_imp_pie-ir1673	name410	PHILIS
moron	merveilles17_imp_pie-ir1673	name411	MORON
philis	merveilles17_imp_pie-ir1673	name412	PHILIS
moron	merveilles17_imp_pie-ir1673	name413	MORON
philis	merveilles17_imp_pie-ir1673	name414	PHILIS
moron	merveilles17_imp_pie-ir1673	name415	MORON
philis	merveilles17_imp_pie-ir1673	name416	Philis
satyre	merveilles17_imp_pie-ir1673	name417	SATYRE
moron	merveilles17_imp_pie-ir1673	name418	MORON
satyre	merveilles17_imp_pie-ir1673	name419	SATYRE
moron	merveilles17_imp_pie-ir1673	name420	MORON
satyre	merveilles17_imp_pie-ir1673	name421	Satyre
satyre	merveilles17_imp_pie-ir1673	name422	SATYRE
moron	merveilles17_imp_pie-ir1673	name423	MORON
satyre	merveilles17_imp_pie-ir1673	name424	SATYRE
moron	merveilles17_imp_pie-ir1673	name425	MORON
satyre	merveilles17_imp_pie-ir1673	name426	SATYRE
moron	merveilles17_imp_pie-ir1673	name427	MORON
satyre	merveilles17_imp_pie-ir1673	name428	SATYRE
moron	merveilles17_imp_pie-ir1673	name429	MORON
satyre	merveilles17_imp_pie-ir1673	name430	SATYRE
cloris	merveilles17_imp_pie-ir1673	name431	Cloris
moron	merveilles17_imp_pie-ir1673	name432	Moron
satyre	merveilles17_imp_pie-ir1673	name433	Satyre
moron	merveilles17_imp_pie-ir1673	name434	Moron
satyre	merveilles17_imp_pie-ir1673	name435	le Satyre
satyre	merveilles17_imp_pie-ir1673	name436	SATYRE
moron	merveilles17_imp_pie-ir1673	name437	MORON
satyre	merveilles17_imp_pie-ir1673	name438	SATYRE
moron	merveilles17_imp_pie-ir1673	name439	MORON
satyre	merveilles17_imp_pie-ir1673	name440	Le Satyre
princesse_d_elide	merveilles17_imp_pie-ir1673	name441	LA Princesse d’Elide
euriale	merveilles17_imp_pie-ir1673	name442	Le Prince d’Ithaque
euriale	merveilles17_imp_pie-ir1673	name443	le Prince d’Ithaque
moron	merveilles17_imp_pie-ir1673	name444	Moron
princesse_d_elide	merveilles17_imp_pie-ir1673	name445	LA PRINCESSE
aglante	merveilles17_imp_pie-ir1673	name446	AGLANTE
cinthie	merveilles17_imp_pie-ir1673	name447	CINTHIE
philis	merveilles17_imp_pie-ir1673	name448	PHILIS
cinthie	merveilles17_imp_pie-ir1673	name449	CINTHIE
princesse_d_elide	merveilles17_imp_pie-ir1673	name450	La Princesse
moron	merveilles17_imp_pie-ir1673	name451	Moron
euriale	merveilles17_imp_pie-ir1673	name452	EURIALE
moron	merveilles17_imp_pie-ir1673	name453	MORON
arbate	merveilles17_imp_pie-ir1673	name454	ARBATE
euriale	merveilles17_imp_pie-ir1673	name455	EURIALE
moron	merveilles17_imp_pie-ir1673	name456	Moron
moron	merveilles17_imp_pie-ir1673	name457	MORON
arbate	merveilles17_imp_pie-ir1673	name458	ARBATE
princesse_d_elide	merveilles17_imp_pie-ir1673	name459	la Princesse
moron	merveilles17_imp_pie-ir1673	name460	MORON
princesse_d_elide	merveilles17_imp_pie-ir1673	name461	LA PRINCESSE
moron	merveilles17_imp_pie-ir1673	name462	MORON
princesse_d_elide	merveilles17_imp_pie-ir1673	name463	La Princesse
moron	merveilles17_imp_pie-ir1673	name464	Moron
euriale	merveilles17_imp_pie-ir1673	name465	le Prince d’Ithaque
moron	merveilles17_imp_pie-ir1673	name466	MORON
princesse_d_elide	merveilles17_imp_pie-ir1673	name467	La Princesse
moron	merveilles17_imp_pie-ir1673	name468	MORON
princesse_d_elide	merveilles17_imp_pie-ir1673	name469	La Princesse
moron	merveilles17_imp_pie-ir1673	name470	MORON
princesse_d_elide	merveilles17_imp_pie-ir1673	name471	La Princesse
moron	merveilles17_imp_pie-ir1673	name472	Moron
moron	merveilles17_imp_pie-ir1673	name473	MORON
princesse_d_elide	merveilles17_imp_pie-ir1673	name474	La Princesse
moron	merveilles17_imp_pie-ir1673	name475	MORON
princesse_d_elide	merveilles17_imp_pie-ir1673	name476	La Princesse
moron	merveilles17_imp_pie-ir1673	name477	MORON
princesse_d_elide	merveilles17_imp_pie-ir1673	name478	La Princesse
moron	merveilles17_imp_pie-ir1673	name479	MORON
princesse_d_elide	merveilles17_imp_pie-ir1673	name480	La Princesse
moron	merveilles17_imp_pie-ir1673	name481	MORON
princesse_d_elide	merveilles17_imp_pie-ir1673	name482	La Princesse
moron	merveilles17_imp_pie-ir1673	name483	MORON
princesse_d_elide	merveilles17_imp_pie-ir1673	name484	La Princesse
moron	merveilles17_imp_pie-ir1673	name485	MORON
princesse_d_elide	merveilles17_imp_pie-ir1673	name486	La Princesse
moron	merveilles17_imp_pie-ir1673	name487	Moron
princesse_d_elide	merveilles17_imp_pie-ir1673	name488	LA PRINCESSE
euriale	merveilles17_imp_pie-ir1673	name489	EURIALE
moron	merveilles17_imp_pie-ir1673	name490	MORON
arbate	merveilles17_imp_pie-ir1673	name491	ARBATE
moron	merveilles17_imp_pie-ir1673	name492	MORON
princesse_d_elide	merveilles17_imp_pie-ir1673	name493	La Princesse
princesse_d_elide	merveilles17_imp_pie-ir1673	name494	La Princesse
euriale	merveilles17_imp_pie-ir1673	name495	EURIALE
princesse_d_elide	merveilles17_imp_pie-ir1673	name496	La Princesse
euriale	merveilles17_imp_pie-ir1673	name497	EURIALE
princesse_d_elide	merveilles17_imp_pie-ir1673	name498	La Princesse
euriale	merveilles17_imp_pie-ir1673	name499	EURIALE
princesse_d_elide	merveilles17_imp_pie-ir1673	name500	La Princesse
euriale	merveilles17_imp_pie-ir1673	name501	EURIALE
princesse_d_elide	merveilles17_imp_pie-ir1673	name502	La Princesse
euriale	merveilles17_imp_pie-ir1673	name503	EURIALE
princesse_d_elide	merveilles17_imp_pie-ir1673	name504	La Princesse
euriale	merveilles17_imp_pie-ir1673	name505	EURIALE
princesse_d_elide	merveilles17_imp_pie-ir1673	name506	La Princesse
moron	merveilles17_imp_pie-ir1673	name507	MORON
princesse_d_elide	merveilles17_imp_pie-ir1673	name508	La Princesse
moron	merveilles17_imp_pie-ir1673	name509	MORON
euriale	merveilles17_imp_pie-ir1673	name510	Prince
euriale	merveilles17_imp_pie-ir1673	name511	EURIALE
moron	merveilles17_imp_pie-ir1673	name512	Moron
princesse_d_elide	merveilles17_imp_pie-ir1673	name513	La Princesse
euriale	merveilles17_imp_pie-ir1673	name514	EURIALE
princesse_d_elide	merveilles17_imp_pie-ir1673	name515	LA PRINCESSE
moron	merveilles17_imp_pie-ir1673	name516	MORON
philis	merveilles17_imp_pie-ir1673	name517	PHILIS
tircis	merveilles17_imp_pie-ir1673	name518	TIRCIS
moron	merveilles17_imp_pie-ir1673	name519	MORON
princesse_d_elide	merveilles17_imp_pie-ir1673	name520	La Princesse
moron	merveilles17_imp_pie-ir1673	name521	MORON
princesse_d_elide	merveilles17_imp_pie-ir1673	name522	La Princesse
moron	merveilles17_imp_pie-ir1673	name523	Moron
moron	merveilles17_imp_pie-ir1673	name524	MORON
princesse_d_elide	merveilles17_imp_pie-ir1673	name525	La Princesse
moron	merveilles17_imp_pie-ir1673	name526	MORON
princesse_d_elide	merveilles17_imp_pie-ir1673	name527	La Princesse
moron	merveilles17_imp_pie-ir1673	name528	MORON
princesse_d_elide	merveilles17_imp_pie-ir1673	name529	La Princesse
moron	merveilles17_imp_pie-ir1673	name530	MORON
princesse_d_elide	merveilles17_imp_pie-ir1673	name531	La Princesse
moron	merveilles17_imp_pie-ir1673	name532	MORON
princesse_d_elide	merveilles17_imp_pie-ir1673	name533	La Princesse
moron	merveilles17_imp_pie-ir1673	name534	Moron
moron	merveilles17_imp_pie-ir1673	name535	MORON
princesse_d_elide	merveilles17_imp_pie-ir1673	name536	La Princesse
philis	merveilles17_imp_pie-ir1673	name537	PHILIS
tircis	merveilles17_imp_pie-ir1673	name538	TIRCIS
philis	merveilles17_imp_pie-ir1673	name539	PHILIS
tircis	merveilles17_imp_pie-ir1673	name540	Tircis
tircis	merveilles17_imp_pie-ir1673	name541	TIRCIS
philis	merveilles17_imp_pie-ir1673	name542	PHILIS
moron	merveilles17_imp_pie-ir1673	name543	MORON
philis	merveilles17_imp_pie-ir1673	name544	PHILIS
tircis	merveilles17_imp_pie-ir1673	name545	TIRCIS
moron	merveilles17_imp_pie-ir1673	name546	MORON
philis	merveilles17_imp_pie-ir1673	name547	PHILIS
moron	merveilles17_imp_pie-ir1673	name548	MORON
philis	merveilles17_imp_pie-ir1673	name549	PHILIS
tircis	merveilles17_imp_pie-ir1673	name550	Tircis
moron	merveilles17_imp_pie-ir1673	name551	MORON
philis	merveilles17_imp_pie-ir1673	name552	PHILIS
tircis	merveilles17_imp_pie-ir1673	name553	TIRCIS
moron	merveilles17_imp_pie-ir1673	name554	MORON
philis	merveilles17_imp_pie-ir1673	name555	PHILIS
tircis	merveilles17_imp_pie-ir1673	name556	Tircis
moron	merveilles17_imp_pie-ir1673	name557	MORON
philis	merveilles17_imp_pie-ir1673	name558	PHILIS
moron	merveilles17_imp_pie-ir1673	name559	MORON
moron	merveilles17_imp_pie-ir1673	name560	Moron
moron	merveilles17_imp_pie-ir1673	name561	MORON
philis	merveilles17_imp_pie-ir1673	name562	Philis
moron	merveilles17_imp_pie-ir1673	name563	Moron
philis	merveilles17_imp_pie-ir1673	name564	PHILIS
moron	merveilles17_imp_pie-ir1673	name565	Moron
moron	merveilles17_imp_pie-ir1673	name566	MORON
philis	merveilles17_imp_pie-ir1673	name567	PHILIS
moron	merveilles17_imp_pie-ir1673	name568	MORON
philis	merveilles17_imp_pie-ir1673	name569	PHILIS
moron	merveilles17_imp_pie-ir1673	name570	MORON
tircis	merveilles17_imp_pie-ir1673	name571	TIRCIS
moron	merveilles17_imp_pie-ir1673	name572	MORON
tircis	merveilles17_imp_pie-ir1673	name573	TIRCIS
moron	merveilles17_imp_pie-ir1673	name574	Moron
moron	merveilles17_imp_pie-ir1673	name575	MORON
philis	merveilles17_imp_pie-ir1673	name576	PHILIS
tircis	merveilles17_imp_pie-ir1673	name577	Tircis
princesse_d_elide	merveilles17_imp_pie-ir1673	name578	LA Princesse
euriale	merveilles17_imp_pie-ir1673	name579	Prince d’Itaque
aristomene	merveilles17_imp_pie-ir1673	name580	Prince de Messene
iphitas	merveilles17_imp_pie-ir1673	name581	Roy son Père
princesse_d_elide	merveilles17_imp_pie-ir1673	name582	Princesse
aglante	merveilles17_imp_pie-ir1673	name583	sa Cousine
euriale	merveilles17_imp_pie-ir1673	name584	ce Prince
moron	merveilles17_imp_pie-ir1673	name585	Moron
euriale	merveilles17_imp_pie-ir1673	name586	EURIALE
princesse_d_elide	merveilles17_imp_pie-ir1673	name587	LA PRINCESSE
moron	merveilles17_imp_pie-ir1673	name588	MORON
princesse_d_elide	merveilles17_imp_pie-ir1673	name589	LA PRINCESSE
euriale	merveilles17_imp_pie-ir1673	name590	PRince
aristomene	merveilles17_imp_pie-ir1673	name591	un Prince
euriale	merveilles17_imp_pie-ir1673	name592	EURIALE
princesse_d_elide	merveilles17_imp_pie-ir1673	name593	LA PRINCESSE
euriale	merveilles17_imp_pie-ir1673	name594	EURIALE
princesse_d_elide	merveilles17_imp_pie-ir1673	name595	LA PRINCESSE
euriale	merveilles17_imp_pie-ir1673	name596	EURIALE
princesse_d_elide	merveilles17_imp_pie-ir1673	name597	LA PRINCESSE
euriale	merveilles17_imp_pie-ir1673	name598	EURIALE
princesse_d_elide	merveilles17_imp_pie-ir1673	name599	LA PRINCESSE
euriale	merveilles17_imp_pie-ir1673	name600	Prince
aristomene	merveilles17_imp_pie-ir1673	name601	le Prince de Messene
euriale	merveilles17_imp_pie-ir1673	name602	EURIALE
princesse_d_elide	merveilles17_imp_pie-ir1673	name603	LA PRINCESSE
moron	merveilles17_imp_pie-ir1673	name604	Moron
moron	merveilles17_imp_pie-ir1673	name605	MORON
princesse_d_elide	merveilles17_imp_pie-ir1673	name606	la Princesse
euriale	merveilles17_imp_pie-ir1673	name607	Prince
princesse_d_elide	merveilles17_imp_pie-ir1673	name608	la Princesse
euriale	merveilles17_imp_pie-ir1673	name609	Prince
princesse_d_elide	merveilles17_imp_pie-ir1673	name610	LA PRINCESSE
aristomene	merveilles17_imp_pie-ir1673	name611	ce Prince
moron	merveilles17_imp_pie-ir1673	name612	MORON
euriale	merveilles17_imp_pie-ir1673	name613	Prince
princesse_d_elide	merveilles17_imp_pie-ir1673	name614	LA PRINCESSE
euriale	merveilles17_imp_pie-ir1673	name615	EURIALE
aglante	merveilles17_imp_pie-ir1673	name616	Aglante
iphitas	merveilles17_imp_pie-ir1673	name617	Prince vostre Pere
moron	merveilles17_imp_pie-ir1673	name618	MORON
princesse_d_elide	merveilles17_imp_pie-ir1673	name619	LA PRINCESSE
moron	merveilles17_imp_pie-ir1673	name620	MORON
princesse_d_elide	merveilles17_imp_pie-ir1673	name621	LA PRINCESSE
moron	merveilles17_imp_pie-ir1673	name622	Moron
moron	merveilles17_imp_pie-ir1673	name623	MORON
princesse_d_elide	merveilles17_imp_pie-ir1673	name624	LA PRINCESSE
princesse_d_elide	merveilles17_imp_pie-ir1673	name625	LA PRINCESSE
aglante	merveilles17_imp_pie-ir1673	name626	AGLANTE
moron	merveilles17_imp_pie-ir1673	name627	MORON
princesse_d_elide	merveilles17_imp_pie-ir1673	name628	LA PRINCESSE
aglante	merveilles17_imp_pie-ir1673	name629	PRincesse
euriale	merveilles17_imp_pie-ir1673	name630	Le Prince d’Ithaque
iphitas	merveilles17_imp_pie-ir1673	name631	Prince mon Pere
aglante	merveilles17_imp_pie-ir1673	name632	AGLANTE
euriale	merveilles17_imp_pie-ir1673	name633	Le Prince d’Ithaque
princesse_d_elide	merveilles17_imp_pie-ir1673	name634	LA PRINCESSE
aglante	merveilles17_imp_pie-ir1673	name635	AGLANTE
euriale	merveilles17_imp_pie-ir1673	name636	ce Prince
princesse_d_elide	merveilles17_imp_pie-ir1673	name637	LA PRINCESSE
aglante	merveilles17_imp_pie-ir1673	name638	Aglante
aglante	merveilles17_imp_pie-ir1673	name639	AGLANTE
princesse_d_elide	merveilles17_imp_pie-ir1673	name640	LA PRINCESSE
aristomene	merveilles17_imp_pie-ir1673	name641	ARISTOMENE
moron	merveilles17_imp_pie-ir1673	name642	MORON
princesse_d_elide	merveilles17_imp_pie-ir1673	name643	LA PRINCESSE
aglante	merveilles17_imp_pie-ir1673	name644	AGLANTE
aristomene	merveilles17_imp_pie-ir1673	name645	ARISTOMENE
princesse_d_elide	merveilles17_imp_pie-ir1673	name646	LA PRINCESSE
aristomene	merveilles17_imp_pie-ir1673	name647	ARISTOMENE
euriale	merveilles17_imp_pie-ir1673	name648	Le prince d’Ithaque
princesse_d_elide	merveilles17_imp_pie-ir1673	name649	LA PRINCESSE
aristomene	merveilles17_imp_pie-ir1673	name650	ARISTOMENE
princesse_d_elide	merveilles17_imp_pie-ir1673	name651	LA PRINCESSE
aristomene	merveilles17_imp_pie-ir1673	name652	Prince
aristomene	merveilles17_imp_pie-ir1673	name653	ARISTOMENE
princesse_d_elide	merveilles17_imp_pie-ir1673	name654	LA PRINCESSE
aristomene	merveilles17_imp_pie-ir1673	name655	Prince
princesse_d_elide	merveilles17_imp_pie-ir1673	name656	LA PRINCESSE
aglante	merveilles17_imp_pie-ir1673	name657	AGLANTE
moron	merveilles17_imp_pie-ir1673	name658	MORON
princesse_d_elide	merveilles17_imp_pie-ir1673	name659	LA PRINCESSE
aglante	merveilles17_imp_pie-ir1673	name660	Princesse
aglante	merveilles17_imp_pie-ir1673	name661	AGLANTE
moron	merveilles17_imp_pie-ir1673	name662	MORON
princesse_d_elide	merveilles17_imp_pie-ir1673	name663	LA PRINCESSE
moron	merveilles17_imp_pie-ir1673	name664	MORON
princesse_d_elide	merveilles17_imp_pie-ir1673	name665	LA PRINCESSE
moron	merveilles17_imp_pie-ir1673	name666	MORON
princesse_d_elide	merveilles17_imp_pie-ir1673	name667	LA PRINCESSE
moron	merveilles17_imp_pie-ir1673	name668	MORON
princesse_d_elide	merveilles17_imp_pie-ir1673	name669	LA PRINCESSE
climene	merveilles17_imp_pie-ir1673	name670	CLIMENE
philis	merveilles17_imp_pie-ir1673	name671	PHILIS
climene	merveilles17_imp_pie-ir1673	name672	CLIMENE
philis	merveilles17_imp_pie-ir1673	name673	Philis
philis	merveilles17_imp_pie-ir1673	name674	PHILIS
climene	merveilles17_imp_pie-ir1673	name675	CLIMENE
philis	merveilles17_imp_pie-ir1673	name676	PHILIS
climene	merveilles17_imp_pie-ir1673	name677	CLIMENE
philis	merveilles17_imp_pie-ir1673	name678	PHILIS
climene	merveilles17_imp_pie-ir1673	name679	CLIMENE
philis	merveilles17_imp_pie-ir1673	name680	PHILIS
philis	merveilles17_imp_pie-ir1673	name681	PHILIS
climene	merveilles17_imp_pie-ir1673	name682	CLIMENE
philis	merveilles17_imp_pie-ir1673	name683	PHILIS
climene	merveilles17_imp_pie-ir1673	name684	CLIMENE
philis	merveilles17_imp_pie-ir1673	name685	Philis
philis	merveilles17_imp_pie-ir1673	name686	PHILIS
climene	merveilles17_imp_pie-ir1673	name687	CLIMENE
climene	merveilles17_imp_pie-ir1673	name688	TOUTES DEUX ENSEMBLE
philis	merveilles17_imp_pie-ir1673	name689	TOUTES DEUX ENSEMBLE
princesse_d_elide	merveilles17_imp_pie-ir1673	name690	La Princesse
aristomene	merveilles17_imp_pie-ir1673	name691	Prince de Messene
euriale	merveilles17_imp_pie-ir1673	name692	Prince d’Ithaque
princesse_d_elide	merveilles17_imp_pie-ir1673	name693	la Princesse
euriale	merveilles17_imp_pie-ir1673	name694	Prince d’Ithaque
aristomene	merveilles17_imp_pie-ir1673	name695	Prince de Messene
princesse_d_elide	merveilles17_imp_pie-ir1673	name696	La Princesse
iphitas	merveilles17_imp_pie-ir1673	name697	le Roy son Pere
euriale	merveilles17_imp_pie-ir1673	name698	le Prince d’Ithaque
euriale	merveilles17_imp_pie-ir1673	name699	Prince d’Ithaque
aglante	merveilles17_imp_pie-ir1673	name700	la Princesse
euriale	merveilles17_imp_pie-ir1673	name701	le Prince
princesse_d_elide	merveilles17_imp_pie-ir1673	name702	La Princesse
aristomene	merveilles17_imp_pie-ir1673	name703	Princes de Messene
theocle	merveilles17_imp_pie-ir1673	name704	de Pyle
iphitas	merveilles17_imp_pie-ir1673	name705	LE PRINCE
euriale	merveilles17_imp_pie-ir1673	name706	EURIALE
moron	merveilles17_imp_pie-ir1673	name707	MORON
aglante	merveilles17_imp_pie-ir1673	name708	AGLANTE
cinthie	merveilles17_imp_pie-ir1673	name709	CINTHIE
moron	merveilles17_imp_pie-ir1673	name710	MORON
iphitas	merveilles17_imp_pie-ir1673	name711	LE PRINCE
euriale	merveilles17_imp_pie-ir1673	name712	Prince
euriale	merveilles17_imp_pie-ir1673	name713	EURIALE
iphitas	merveilles17_imp_pie-ir1673	name714	LE PRINCE
euriale	merveilles17_imp_pie-ir1673	name715	Prince
princesse_d_elide	merveilles17_imp_pie-ir1673	name716	LA PRINCESSE
iphitas	merveilles17_imp_pie-ir1673	name717	LE PRINCE
euriale	merveilles17_imp_pie-ir1673	name718	EURIALE
aglante	merveilles17_imp_pie-ir1673	name719	AGLANTE
cinthie	merveilles17_imp_pie-ir1673	name720	CINTHIE
moron	merveilles17_imp_pie-ir1673	name721	MORON
princesse_d_elide	merveilles17_imp_pie-ir1673	name722	LA PRINCESSE
iphitas	merveilles17_imp_pie-ir1673	name723	LE PRINCE
princesse_d_elide	merveilles17_imp_pie-ir1673	name724	LA PRINCESSE
aglante	merveilles17_imp_pie-ir1673	name725	la Princesse Aglante
iphitas	merveilles17_imp_pie-ir1673	name726	LE PRINCE
princesse_d_elide	merveilles17_imp_pie-ir1673	name727	LA PRINCESSE
euriale	merveilles17_imp_pie-ir1673	name728	ce Prince
iphitas	merveilles17_imp_pie-ir1673	name729	LE PRINCE
princesse_d_elide	merveilles17_imp_pie-ir1673	name730	LA PRINCESSE
iphitas	merveilles17_imp_pie-ir1673	name731	LE PRINCE
princesse_d_elide	merveilles17_imp_pie-ir1673	name732	LA PRINCESSE
iphitas	merveilles17_imp_pie-ir1673	name733	LE PRINCE
princesse_d_elide	merveilles17_imp_pie-ir1673	name734	LA PRINCESSE
iphitas	merveilles17_imp_pie-ir1673	name735	LE PRINCE
princesse_d_elide	merveilles17_imp_pie-ir1673	name736	LA PRINCESSE
iphitas	merveilles17_imp_pie-ir1673	name737	LE PRINCE
princesse_d_elide	merveilles17_imp_pie-ir1673	name738	LA PRINCESSE
aglante	merveilles17_imp_pie-ir1673	name739	Aglante
iphitas	merveilles17_imp_pie-ir1673	name740	LE PRINCE
princesse_d_elide	merveilles17_imp_pie-ir1673	name741	LA PRINCESSE
iphitas	merveilles17_imp_pie-ir1673	name742	LE PRINCE
euriale	merveilles17_imp_pie-ir1673	name743	ce Prince
princesse_d_elide	merveilles17_imp_pie-ir1673	name744	LA PRINCESSE
iphitas	merveilles17_imp_pie-ir1673	name745	LE PRINCE
princesse_d_elide	merveilles17_imp_pie-ir1673	name746	LA PRINCESSE
iphitas	merveilles17_imp_pie-ir1673	name747	LE PRINCE
aglante	merveilles17_imp_pie-ir1673	name748	la Princesse Aglante
princesse_d_elide	merveilles17_imp_pie-ir1673	name749	LA PRINCESSE
iphitas	merveilles17_imp_pie-ir1673	name750	LE PRINCE
princesse_d_elide	merveilles17_imp_pie-ir1673	name751	LA PRINCESSE
euriale	merveilles17_imp_pie-ir1673	name752	EURIALE
princesse_d_elide	merveilles17_imp_pie-ir1673	name753	LA PRINCESSE
euriale	merveilles17_imp_pie-ir1673	name754	Prince
iphitas	merveilles17_imp_pie-ir1673	name755	LE PRINCE
euriale	merveilles17_imp_pie-ir1673	name756	ce Prince
princesse_d_elide	merveilles17_imp_pie-ir1673	name757	LA PRINCESSE
iphitas	merveilles17_imp_pie-ir1673	name758	LE PRINCE
euriale	merveilles17_imp_pie-ir1673	name759	Prince
euriale	merveilles17_imp_pie-ir1673	name760	EURIALE
iphitas	merveilles17_imp_pie-ir1673	name761	LE PRINCE
moron	merveilles17_imp_pie-ir1673	name762	Moron
princesse_d_elide	merveilles17_imp_pie-ir1673	name763	la Princesse
moron	merveilles17_imp_pie-ir1673	name764	MORON
aristomene	merveilles17_imp_pie-ir1673	name765	ARISTOMENE
theocle	merveilles17_imp_pie-ir1673	name766	THEOCLES
iphitas	merveilles17_imp_pie-ir1673	name767	LE PRINCE
princesse_d_elide	merveilles17_imp_pie-ir1673	name768	LA PRINCESSE
aglante	merveilles17_imp_pie-ir1673	name769	AGLANTE
cinthie	merveilles17_imp_pie-ir1673	name770	CINTHIE
moron	merveilles17_imp_pie-ir1673	name771	MORON
iphitas	merveilles17_imp_pie-ir1673	name772	LE PRINCE
aristomene	merveilles17_imp_pie-ir1673	name773	Prince
aglante	merveilles17_imp_pie-ir1673	name774	deux Princesses
cinthie	merveilles17_imp_pie-ir1673	name775	deux Princesses
aristomene	merveilles17_imp_pie-ir1673	name776	ARISTOMENE
aglante	merveilles17_imp_pie-ir1673	name777	Princesses
cinthie	merveilles17_imp_pie-ir1673	name778	Princesses
philis	merveilles17_imp_pie-ir1673	name779	PHILIS
aristomene	merveilles17_imp_pie-ir1673	name780	ARISTOMENE
theocle	merveilles17_imp_pie-ir1673	name781	THEOCLE
iphitas	merveilles17_imp_pie-ir1673	name782	LE PRINCE
princesse_d_elide	merveilles17_imp_pie-ir1673	name783	LA PRINCESSE
aglante	merveilles17_imp_pie-ir1673	name784	AGLANTE
cinthie	merveilles17_imp_pie-ir1673	name785	CINTHIE
moron	merveilles17_imp_pie-ir1673	name786	MORON
philis	merveilles17_imp_pie-ir1673	name787	PHILIS
princesse_d_elide	merveilles17_imp_pie-ir1673	name788	la Princesse
pasteurs	merveilles17_imp_pie-ir1673	name789	Pasteurs
bergere	merveilles17_imp_pie-ir1673	name790	les Bergeres
berger	merveilles17_imp_pie-ir1673	name791	PASTEURS
bergere	merveilles17_imp_pie-ir1673	name792	BERGERES
bergere	merveilles17_imp_pie-ir1673	name793	BERGERES
berger	merveilles17_imp_pie-ir1673	name794	Quatre Bergers
berger	merveilles17_imp_pie-ir1673	name795	Quatre Bergers
berger	merveilles17_imp_pie-ir1673	name796	Quatre Bergers
berger	merveilles17_imp_pie-ir1673	name797	Quatre Bergers
bergere	merveilles17_imp_pie-ir1673	name798	deux Bergeres
bergere	merveilles17_imp_pie-ir1673	name799	deux Bergeres
bergere	merveilles17_imp_pie-ir1673	name800	deux Bergeres
bergere	merveilles17_imp_pie-ir1673	name801	deux Bergeres
faunes	merveilles17_imp_pie-ir1673	name802	seize Faunes
berger	merveilles17_imp_pie-ir1673	name803	quatre Bergers
berger	merveilles17_imp_pie-ir1673	name804	quatre Bergers
berger	merveilles17_imp_pie-ir1673	name805	quatre Bergers
berger	merveilles17_imp_pie-ir1673	name806	quatre Bergers
bergere	merveilles17_imp_pie-ir1673	name807	quatre Bergéres
bergere	merveilles17_imp_pie-ir1673	name808	quatre Bergéres
bergere	merveilles17_imp_pie-ir1673	name809	quatre Bergéres
bergere	merveilles17_imp_pie-ir1673	name810	quatre Bergéres
faunes	merveilles17_imp_pie-ir1673	name811	les Faunes
berger	merveilles17_imp_pie-ir1673	name812	Bergers
berger	merveilles17_imp_pie-ir1673	name813	Bergers
berger	merveilles17_imp_pie-ir1673	name814	Bergers
berger	merveilles17_imp_pie-ir1673	name815	Bergers
bergere	merveilles17_imp_pie-ir1673	name816	les Bergéres
bergere	merveilles17_imp_pie-ir1673	name817	les Bergéres
bergere	merveilles17_imp_pie-ir1673	name818	les Bergéres
bergere	merveilles17_imp_pie-ir1673	name819	les Bergéres
chevalier	merveilles17_imp_pie-ir1673	name820	Chevaliers
alcine	merveilles17_imp_pie-ir1673	name821	Alcine
alcine	merveilles17_imp_pie-ir1673	name822	Alcine
dirce	merveilles17_imp_pie-ir1673	name823	Deux des Nymphes
celie	merveilles17_imp_pie-ir1673	name824	Deux des Nymphes
celie	merveilles17_imp_pie-ir1673	name825	Celie
dirce	merveilles17_imp_pie-ir1673	name826	Dircé
alcine	merveilles17_imp_pie-ir1673	name827	Alcine
alcine	merveilles17_imp_pie-ir1673	name828	ALCINE
celie	merveilles17_imp_pie-ir1673	name829	CELIE
dirce	merveilles17_imp_pie-ir1673	name830	DIRCE
alcine	merveilles17_imp_pie-ir1673	name831	ALCINE
celie	merveilles17_imp_pie-ir1673	name832	CELIE
alcine	merveilles17_imp_pie-ir1673	name833	ALCINE
melisse	merveilles17_imp_pie-ir1673	name834	Melisse
celie	merveilles17_imp_pie-ir1673	name835	CELIE
melisse	merveilles17_imp_pie-ir1673	name836	Melisse
dirce	merveilles17_imp_pie-ir1673	name837	DIRCE
alcine	merveilles17_imp_pie-ir1673	name838	ALCINE
celie	merveilles17_imp_pie-ir1673	name839	CELIE
melisse	merveilles17_imp_pie-ir1673	name840	Melisse
alcine	merveilles17_imp_pie-ir1673	name841	ALCINE
dirce	merveilles17_imp_pie-ir1673	name842	DIRCE
alcine	merveilles17_imp_pie-ir1673	name843	ALCINE
alcine	merveilles17_imp_pie-ir1673	name844	ALCINE
celie	merveilles17_imp_pie-ir1673	name845	CELIE
dirce	merveilles17_imp_pie-ir1673	name846	DIRCE
alcine	merveilles17_imp_pie-ir1673	name847	Alcine
geant	merveilles17_imp_pie-ir1673	name848	quatre Géants
geant	merveilles17_imp_pie-ir1673	name849	quatre Géants
geant	merveilles17_imp_pie-ir1673	name850	quatre Géants
geant	merveilles17_imp_pie-ir1673	name851	quatre Géants
nain	merveilles17_imp_pie-ir1673	name852	quatre Nains
nain	merveilles17_imp_pie-ir1673	name853	quatre Nains
nain	merveilles17_imp_pie-ir1673	name854	quatre Nains
nain	merveilles17_imp_pie-ir1673	name855	quatre Nains
geant	merveilles17_imp_pie-ir1673	name856	QUatre Géants
geant	merveilles17_imp_pie-ir1673	name857	QUatre Géants
geants	merveilles17_imp_pie-ir1673	name858	QUatre Géants
geant	merveilles17_imp_pie-ir1673	name859	QUatre Géants
nain	merveilles17_imp_pie-ir1673	name860	quatre Nains
nain	merveilles17_imp_pie-ir1673	name861	quatre Nains
nains	merveilles17_imp_pie-ir1673	name862	quatre Nains
geant	merveilles17_imp_pie-ir1673	name863	Geants
geant	merveilles17_imp_pie-ir1673	name864	Geants
geants	merveilles17_imp_pie-ir1673	name865	Geants
geant	merveilles17_imp_pie-ir1673	name866	Geants
nain	merveilles17_imp_pie-ir1673	name867	Nains
nain	merveilles17_imp_pie-ir1673	name868	Nains
nain	merveilles17_imp_pie-ir1673	name869	Nains
nain	merveilles17_imp_pie-ir1673	name870	Nains
maure	merveilles17_imp_pie-ir1673	name871	HUit Mores
maure	merveilles17_imp_pie-ir1673	name872	HUit Mores
maure	merveilles17_imp_pie-ir1673	name873	HUit Mores
maure	merveilles17_imp_pie-ir1673	name874	HUit Mores
maure	merveilles17_imp_pie-ir1673	name875	HUit Mores
maure	merveilles17_imp_pie-ir1673	name876	HUit Mores
maure	merveilles17_imp_pie-ir1673	name877	HUit Mores
maure	merveilles17_imp_pie-ir1673	name878	HUit Mores
alcine	merveilles17_imp_pie-ir1673	name879	Alcine
maure	merveilles17_imp_pie-ir1673	name880	Mores
maure	merveilles17_imp_pie-ir1673	name881	Mores
maure	merveilles17_imp_pie-ir1673	name882	Mores
maure	merveilles17_imp_pie-ir1673	name883	Mores
maure	merveilles17_imp_pie-ir1673	name884	Mores
maure	merveilles17_imp_pie-ir1673	name885	Mores
maure	merveilles17_imp_pie-ir1673	name886	Mores
maure	merveilles17_imp_pie-ir1673	name887	Mores
chevalier	merveilles17_imp_pie-ir1673	name888	six des Chevaliers
chevaliers	merveilles17_imp_pie-ir1673	name889	six des Chevaliers
chevalier	merveilles17_imp_pie-ir1673	name890	six des Chevaliers
chevalier	merveilles17_imp_pie-ir1673	name891	six des Chevaliers
chevalier	merveilles17_imp_pie-ir1673	name892	six des Chevaliers
chevalier	merveilles17_imp_pie-ir1673	name893	six des Chevaliers
alcine	merveilles17_imp_pie-ir1673	name894	Alcine
monstres	merveilles17_imp_pie-ir1673	name895	Monstres
monstres	merveilles17_imp_pie-ir1673	name896	Monstres
monstres	merveilles17_imp_pie-ir1673	name897	Monstres
monstres	merveilles17_imp_pie-ir1673	name898	Monstres
monstres	merveilles17_imp_pie-ir1673	name899	Monstres
monstres	merveilles17_imp_pie-ir1673	name900	Monstres
chevalier	merveilles17_imp_pie-ir1673	name901	Six Chevaliers
chevalier	merveilles17_imp_pie-ir1673	name902	Six Chevaliers
chevalier	merveilles17_imp_pie-ir1673	name903	Six Chevaliers
six_chevaliers	merveilles17_imp_pie-ir1673	name904	Six Chevaliers
chevalier	merveilles17_imp_pie-ir1673	name905	Six Chevaliers
chevalier	merveilles17_imp_pie-ir1673	name906	Six Chevaliers
monstres	merveilles17_imp_pie-ir1673	name907	six Monstres
monstres	merveilles17_imp_pie-ir1673	name908	six Monstres
monstres	merveilles17_imp_pie-ir1673	name909	six Monstres
monstres	merveilles17_imp_pie-ir1673	name910	six Monstres
monstres	merveilles17_imp_pie-ir1673	name911	six Monstres
monstres	merveilles17_imp_pie-ir1673	name912	six Monstres
chevalier	merveilles17_imp_pie-ir1673	name913	Chevaliers
chevalier	merveilles17_imp_pie-ir1673	name914	Chevaliers
chevalier	merveilles17_imp_pie-ir1673	name915	Chevaliers
six_chevaliers	merveilles17_imp_pie-ir1673	name916	Chevaliers
chevalier	merveilles17_imp_pie-ir1673	name917	Chevaliers
chevalier	merveilles17_imp_pie-ir1673	name918	Chevaliers
monstres	merveilles17_imp_pie-ir1673	name919	Monstres
monstres	merveilles17_imp_pie-ir1673	name920	Monstres
monstres	merveilles17_imp_pie-ir1673	name921	Monstres
monstres	merveilles17_imp_pie-ir1673	name922	Monstres
monstres	merveilles17_imp_pie-ir1673	name923	Monstres
monstres	merveilles17_imp_pie-ir1673	name924	Monstres
alcine	merveilles17_imp_pie-ir1673	name925	Alcine
demon	merveilles17_imp_pie-ir1673	name926	ses Esprits
demon	merveilles17_imp_pie-ir1673	name927	ses Esprits
demon	merveilles17_imp_pie-ir1673	name928	Demons Agiles
demon	merveilles17_imp_pie-ir1673	name929	Demons Agiles
demon	merveilles17_imp_pie-ir1673	name930	D'autres Démons
demon	merveilles17_imp_pie-ir1673	name931	D'autres Démons
demon	merveilles17_imp_pie-ir1673	name932	D'autres Démons
demons_sauteurs	merveilles17_imp_pie-ir1673	name933	D'autres Démons
alcine	merveilles17_imp_pie-ir1673	name934	Magicienne
demon	merveilles17_imp_pie-ir1673	name935	Autres Demons Sauteurs
demon	merveilles17_imp_pie-ir1673	name936	Autres Demons Sauteurs
demon	merveilles17_imp_pie-ir1673	name937	Autres Demons Sauteurs
demons_sauteurs	merveilles17_imp_pie-ir1673	name938	Autres Demons Sauteurs
roger	merveilles17_imp_pie-ir1673	name939	Roger
chevalier	merveilles17_imp_pie-ir1673	name940	Chevaliers
chevalier	merveilles17_imp_pie-ir1673	name941	Chevaliers
chevalier	merveilles17_imp_pie-ir1673	name942	Chevaliers
chevalier	merveilles17_imp_pie-ir1673	name943	Chevaliers
melisse	merveilles17_imp_pie-ir1673	name944	Melisse
atlas	merveilles17_imp_pie-ir1673	name945	Atlas
melisse	merveilles17_imp_pie-ir1673	name946	Melisse
roger	merveilles17_imp_pie-ir1673	name947	Chevalier
alcine	merveilles17_imp_pie-ir1673	name948	Alcine
melisse	merveilles17_imp_pie-ir1673	name949	Melisse
roger	merveilles17_imp_pie-ir1673	name950	ROGER
chevalier	merveilles17_imp_pie-ir1673	name951	Chevaliers
chevalier	merveilles17_imp_pie-ir1673	name952	Chevaliers
chevaliers	merveilles17_imp_pie-ir1673	name953	Chevaliers
chevalier	merveilles17_imp_pie-ir1673	name954	Chevaliers
ecuyers	merveilles17_imp_pie-ir1673	name955	Ecuyers
ecuyers	merveilles17_imp_pie-ir1673	name956	Ecuyers
ecuyers	merveilles17_imp_pie-ir1673	name957	Ecuyers
ecuyers	merveilles17_imp_pie-ir1673	name958	Ecuyers
chevalier	merveilles17_imp_pie-ir1673	name959	Chevaliers
chevalier	merveilles17_imp_pie-ir1673	name960	Chevaliers
chevalier	merveilles17_imp_pie-ir1673	name961	Chevaliers
guidon_le_sauvage	merveilles17_imp_pie-ir1673	name962	Guidon le Sauvage
chevalier	merveilles17_imp_pie-ir1673	name963	dix Chevaliers
guidon_le_sauvage	merveilles17_imp_pie-ir1673	name964	Guidon
olivier	merveilles17_imp_pie-ir1673	name965	Oliuier
chevalier	merveilles17_imp_pie-ir1673	name966	Chevaliers
pallas	merveilles17_ms_amours-philidor	name3	Pallas
venus	merveilles17_ms_amours-philidor	name4	Venus
venus	merveilles17_ms_amours-philidor	name5	Venus,
pallas	merveilles17_ms_amours-philidor	name6	Pallas
mercure	merveilles17_ms_amours-philidor	name7	Mercure
pallas	merveilles17_ms_amours-philidor	name8	Pallas
venus	merveilles17_ms_amours-philidor	name9	Venus
pallas	merveilles17_ms_amours-philidor	name10	Pallas
mercure	merveilles17_ms_amours-philidor	name11	Mercure
pallas	merveilles17_ms_amours-philidor	name12	Pallas
venus	merveilles17_ms_amours-philidor	name13	Venus
mercure	merveilles17_ms_amours-philidor	name14	Mercure
amour_deguise	merveilles17_ms_amours-philidor	name15	8 Amours
amour_deguise	merveilles17_ms_amours-philidor	name16	8 A mours
forgerons	merveilles17_ms_amours-philidor	name17	les forgerons
gouverneur_egypte	merveilles17_ms_amours-philidor	name18	Le Gouverneur d’Egypte
marc_antoine	merveilles17_ms_amours-philidor	name19	Marc-antoine
cleopatre	merveilles17_ms_amours-philidor	name20	Cleopatre
proserpine	merveilles17_ms_amours-philidor	name21	Proserpine
proserpine	merveilles17_ms_amours-philidor	name22	ses compagnes
amours_deguise	merveilles17_ms_amours-philidor	name23	Des Amours
pluton	merveilles17_ms_amours-philidor	name24	Pluton
proserpine	merveilles17_ms_amours-philidor	name25	proserpinne
demon	merveilles17_ms_amours-philidor	name26	les Demons
berger	merveilles17_ms_amours-philidor	name27	Berger
renaud	merveilles17_ms_amours-philidor	name28	Renaud
chevalier	merveilles17_ms_amours-philidor	name29	2 Chevaliers
flore	merveilles17_ms_amours-philidor	name30	Flore
flore	merveilles17_ms_amours-philidor	name31	ses Nimphes
nymphe	merveilles17_ms_amours-philidor	name32	les Nimphes
amour	merveilles17_ms_amours-philidor	name33	Une troupe de petit Amours
amour	merveilles17_ms_amours-philidor	name34	les Amours
sauvage	merveilles17_ms_amours-philidor	name35	Des sauvages de la Colchide
dieu_marin	merveilles17_ms_amours-philidor	name36	5 Dieux Marins
nymphe	merveilles17_ms_amours-philidor	name37	5 Nymphes Maritimes
dieu_marin	merveilles17_ms_amours-philidor	name38	Dieux Marins
dieu_marin	merveilles17_ms_amours-philidor	name39	les Dieux
nymphe	merveilles17_ms_amours-philidor	name40	Nimphes Maritimes
grec	merveilles17_ms_amours-philidor	name41	Les Grecs
grec	merveilles17_ms_amours-philidor	name42	Grecs
troyen	merveilles17_ms_amours-philidor	name43	Troyens
grec	merveilles17_ms_amours-philidor	name44	les Grecs
troyen	merveilles17_ms_amours-philidor	name45	Troyens
grec	merveilles17_ms_amours-philidor	name46	les Grecs
troyen	merveilles17_ms_amours-philidor	name47	Troyens
junon	merveilles17_ms_amours-philidor	name48	Junon
princesse	merveilles17_ms_bavmscheii38_257	name4	une princesse
prince	merveilles17_ms_bavmscheii38_257	name5	un Prince
dormeur	merveilles17_ms_bavmscheii38_257	name6	dormeurs
nymphe	merveilles17_ms_bavmscheii38_257	name7	nymphes
berger	merveilles17_ms_bavmscheii38_257	name8	bergers
satyres	merveilles17_ms_bavmscheii38_257	name9	satyres
alcine	merveilles17_ms_pie-bizincourt_001	name6	Alcine
mars	merveilles17_ms_pie-bizincourt_001	name7	Mars
renommee	merveilles17_ms_pie-bizincourt_001	name8	
renommee	merveilles17_ms_pie-bizincourt_001	name9	la Nimphe a cent voix
la_france	merveilles17_ms_pie-bizincourt_001	name10	
alcine	merveilles17_ms_pie-bizincourt_001	name11	Alcine
roger	merveilles17_ms_pie-bizincourt_001	name12	Roger
chevalier	merveilles17_ms_pie-bizincourt_001	name13	plusieurs autres vaillans Chevaliers
demon	merveilles17_ms_pie-bizincourt_001	name14	Demons
geant	merveilles17_ms_pie-bizincourt_001	name15	Geans
chevalier	merveilles17_ms_pie-bizincourt_001	name16	Guerriers
apollon	merveilles17_ms_pie-bizincourt_001	name17	Apollon
alcine	merveilles17_ms_pie-bizincourt_001	name18	belle Magicienne
chevaliers	merveilles17_ms_pie-bizincourt_001	name19	Cheualiers
chevalier	merveilles17_ms_pie-bizincourt_001	name20	Guerriers
chevalier	merveilles17_ms_pie-bizincourt_001	name21	onze de ses Chevaliers
chevalier	merveilles17_ms_pie-bizincourt_001	name22	CHEVALIERS
page	merveilles17_ms_pie-bizincourt_001	name23	Page de Roger
page	merveilles17_ms_pie-bizincourt_001	name24	deux autres Pages, de celuy de Guidon le sauuage, Maréchal de Camp, & de celuy d’Oger le Danois
guidon_le_sauvage	merveilles17_ms_pie-bizincourt_001	name25	Guidon le sauuage
roger	merveilles17_ms_pie-bizincourt_001	name26	Roger
oger_le_danois	merveilles17_ms_pie-bizincourt_001	name27	Oger le Danois
chevalier	merveilles17_ms_pie-bizincourt_001	name28	les Chevaliers
aquilant	merveilles17_ms_pie-bizincourt_001	name29	Aquilant
griffon_le_blanc	merveilles17_ms_pie-bizincourt_001	name30	Griffon le blanc
renaud	merveilles17_ms_pie-bizincourt_001	name31	Renaud
dudon	merveilles17_ms_pie-bizincourt_001	name32	Dudon
astolphe	merveilles17_ms_pie-bizincourt_001	name33	Astolphe
brandimart	merveilles17_ms_pie-bizincourt_001	name34	Brandimart
richardet	merveilles17_ms_pie-bizincourt_001	name35	Richardet
olivier	merveilles17_ms_pie-bizincourt_001	name36	Oliuier
ariodant	merveilles17_ms_pie-bizincourt_001	name37	Ariodant
zerbin	merveilles17_ms_pie-bizincourt_001	name38	Zerbin
roland	merveilles17_ms_pie-bizincourt_001	name39	Roland
chevalier	merveilles17_ms_pie-bizincourt_001	name40	Cheualiers
apollon	merveilles17_ms_pie-bizincourt_001	name41	Apollon
le_temps	merveilles17_ms_pie-bizincourt_001	name42	le Temps
quatre_siecles	merveilles17_ms_pie-bizincourt_001	name43	les quatre Siecles
douze_heures	merveilles17_ms_pie-bizincourt_001	name44	douze heures du jour
douze_zodiaque	merveilles17_ms_pie-bizincourt_001	name45	douze Signes du Zodiaque
page	merveilles17_ms_pie-bizincourt_001	name46	Pages des Cheualiers
berger	merveilles17_ms_pie-bizincourt_001	name47	vingt Pasteurs
apollon	merveilles17_ms_pie-bizincourt_001	name48	Apollon
quatre_siecles	merveilles17_ms_pie-bizincourt_001	name49	les quatres Siecles
quatre_saisons	merveilles17_ms_pie-bizincourt_001	name50	les quatres Saisons
le_printemps	merveilles17_ms_pie-bizincourt_001	name51	le Printemps
jardinier	merveilles17_ms_pie-bizincourt_001	name52	douze Iardiniers
l_ete	merveilles17_ms_pie-bizincourt_001	name53	l’Eté
moissonneur	merveilles17_ms_pie-bizincourt_001	name54	douze Moissonneurs
l_automne	merveilles17_ms_pie-bizincourt_001	name55	l’Automne
vendangeur	merveilles17_ms_pie-bizincourt_001	name56	douze Vandangeurs
l_hiver	merveilles17_ms_pie-bizincourt_001	name57	l’Hyuer
vieillard	merveilles17_ms_pie-bizincourt_001	name58	douze Vieillards
pan	merveilles17_ms_pie-bizincourt_001	name59	Pan
diane	merveilles17_ms_pie-bizincourt_001	name60	Diane
page	merveilles17_ms_pie-bizincourt_001	name61	dix huit Pages
quatre_saisons	merveilles17_ms_pie-bizincourt_001	name62	
pan	merveilles17_ms_pie-bizincourt_001	name63	Pan
diane	merveilles17_ms_pie-bizincourt_001	name64	Diane
les_plaisirs	merveilles17_ms_pie-bizincourt_001	name65	les Plaisirs
les_jeux	merveilles17_ms_pie-bizincourt_001	name66	les Ieux
les_ris	merveilles17_ms_pie-bizincourt_001	name67	les Ris
les_delices	merveilles17_ms_pie-bizincourt_001	name68	les Delices
victoire	merveilles17_ms_pie-bizincourt_001	name69	
chevalier	merveilles17_ms_pie-bizincourt_001	name70	
guidon_le_sauvage	merveilles17_ms_pie-bizincourt_001	name71	GVIDON LE SAVVAGE
roger	merveilles17_ms_pie-bizincourt_001	name72	Roger
roger	merveilles17_ms_pie-bizincourt_001	name73	ROGER
oger_le_danois	merveilles17_ms_pie-bizincourt_001	name74	OGER LE DANOIS.
oger_le_danois	merveilles17_ms_pie-bizincourt_001	name75	Ce Paladin
roland	merveilles17_ms_pie-bizincourt_001	name76	ROLAND
roland	merveilles17_ms_pie-bizincourt_001	name77	Roland
charlemagne	merveilles17_ms_pie-bizincourt_001	name78	Charlemagne
chevalier	merveilles17_ms_pie-bizincourt_001	name79	
aquilant	merveilles17_ms_pie-bizincourt_001	name80	AQVILANT LE NOIR
griffon_le_blanc	merveilles17_ms_pie-bizincourt_001	name81	GRIFFON LE BLANC
renaud	merveilles17_ms_pie-bizincourt_001	name82	RENAVD
dudon	merveilles17_ms_pie-bizincourt_001	name83	DVDON
roger	merveilles17_ms_pie-bizincourt_001	name84	Roger
astolphe	merveilles17_ms_pie-bizincourt_001	name85	Astolphe
astolphe	merveilles17_ms_pie-bizincourt_001	name86	ASTOLPHE
brandimart	merveilles17_ms_pie-bizincourt_001	name87	BRANDIMART
richardet	merveilles17_ms_pie-bizincourt_001	name88	RICHARDET
hercule	merveilles17_ms_pie-bizincourt_001	name89	Hercule
olivier	merveilles17_ms_pie-bizincourt_001	name90	OLIVIER
ariodant	merveilles17_ms_pie-bizincourt_001	name91	ARIODAN
bellone	merveilles17_ms_pie-bizincourt_001	name92	Bellone
amour	merveilles17_ms_pie-bizincourt_001	name93	l’Amour
mars	merveilles17_ms_pie-bizincourt_001	name94	Mars
renommee	merveilles17_ms_pie-bizincourt_001	name95	Renommée
zerbin	merveilles17_ms_pie-bizincourt_001	name96	ZERBIN
musicien	merveilles17_ms_pie-bizincourt_001	name97	
apollon	merveilles17_ms_pie-bizincourt_001	name98	
le_temps	merveilles17_ms_pie-bizincourt_001	name99	
quatre_siecles	merveilles17_ms_pie-bizincourt_001	name100	
douze_heures	merveilles17_ms_pie-bizincourt_001	name101	
douze_zodiaque	merveilles17_ms_pie-bizincourt_001	name102	
apollon	merveilles17_ms_pie-bizincourt_001	name103	APOLLON
quatre_siecles	merveilles17_ms_pie-bizincourt_001	name104	QVATRE SIECLES
le_siecle_d_airain	merveilles17_ms_pie-bizincourt_001	name105	
apollon	merveilles17_ms_pie-bizincourt_001	name106	APOLLON
apollon	merveilles17_ms_pie-bizincourt_001	name107	APOLLON
hymen	merveilles17_ms_pie-bizincourt_001	name108	Himen
charles_quint	merveilles17_ms_pie-bizincourt_001	name109	Charles Quint
charlemagne	merveilles17_ms_pie-bizincourt_001	name110	Charlemagne
le_siecle_d_argent	merveilles17_ms_pie-bizincourt_001	name111	LE SIECLE D'ARGENT
le_siecle_d_or	merveilles17_ms_pie-bizincourt_001	name112	SIECLE D’OR
le_siecle_d_or	merveilles17_ms_pie-bizincourt_001	name113	SIECLE D'OR
le_siecle_de_fer	merveilles17_ms_pie-bizincourt_001	name114	LE SIECLE DE FER
apollon	merveilles17_ms_pie-bizincourt_001	name115	APOLLON
apollon	merveilles17_ms_pie-bizincourt_001	name116	APOLLON
musicien	merveilles17_ms_pie-bizincourt_001	name117	
le_printemps	merveilles17_ms_pie-bizincourt_001	name118	
l_ete	merveilles17_ms_pie-bizincourt_001	name119	
l_automne	merveilles17_ms_pie-bizincourt_001	name120	
l_hiver	merveilles17_ms_pie-bizincourt_001	name121	
jardiniers	merveilles17_ms_pie-bizincourt_001	name122	
moisonneurs	merveilles17_ms_pie-bizincourt_001	name123	
vendangeur	merveilles17_ms_pie-bizincourt_001	name124	
vieillards	merveilles17_ms_pie-bizincourt_001	name125	
quatre_saisons	merveilles17_ms_pie-bizincourt_001	name126	QVATRE SAISONS
le_printemps	merveilles17_ms_pie-bizincourt_001	name127	LE PRINTEMS
l_ete	merveilles17_ms_pie-bizincourt_001	name128	L’ÊTÉ
l_automne	merveilles17_ms_pie-bizincourt_001	name129	L'AVTOMNE
le_printemps	merveilles17_ms_pie-bizincourt_001	name130	Le Printemps
l_hiver	merveilles17_ms_pie-bizincourt_001	name131	L'HYVER
pan	merveilles17_ms_pie-bizincourt_001	name132	
diane	merveilles17_ms_pie-bizincourt_001	name133	
pan	merveilles17_ms_pie-bizincourt_001	name134	PAN
diane	merveilles17_ms_pie-bizincourt_001	name135	DIANE
diane	merveilles17_ms_pie-bizincourt_001	name136	DIANE
amour	merveilles17_ms_pie-bizincourt_001	name137	Amour
pan	merveilles17_ms_pie-bizincourt_001	name138	PAN
roger	merveilles17_ms_pie-bizincourt_001	name139	Roger
chevalier	merveilles17_ms_pie-bizincourt_001	name140	les fameux Guerriers de sa Quadrille
alcine	merveilles17_ms_pie-bizincourt_001	name141	la Magicienne
chevalier	merveilles17_ms_pie-bizincourt_001	name142	Cheualiers
iphitas	merveilles17_ms_pie-bizincourt_001	name143	vn Prince d’humeur magnifique & galante
princesse_d_elide	merveilles17_ms_pie-bizincourt_001	name144	vne Fille
chevalier	merveilles17_ms_pie-bizincourt_001	name145	Guerriers
alcine	merveilles17_ms_pie-bizincourt_001	name146	Alcine
alcine	merveilles17_ms_pie-bizincourt_001	name147	belle Magicienne
alcine	merveilles17_ms_pie-bizincourt_001	name148	Alcine
geant	merveilles17_ms_pie-bizincourt_001	name149	quatre Geans
nain	merveilles17_ms_pie-bizincourt_001	name150	quatre Nains
maure	merveilles17_ms_pie-bizincourt_001	name151	huit Maures
alcine	merveilles17_ms_pie-bizincourt_001	name152	Alcine
chevalier	merveilles17_ms_pie-bizincourt_001	name153	six Cheualiers
alcine	merveilles17_ms_pie-bizincourt_001	name154	Alcine
monstre	merveilles17_ms_pie-bizincourt_001	name155	autant de Monstres
alcine	merveilles17_ms_pie-bizincourt_001	name156	Alcine
demon	merveilles17_ms_pie-bizincourt_001	name157	Six autres Demons
alcine	merveilles17_ms_pie-bizincourt_001	name158	Magicienne
roger	merveilles17_ms_pie-bizincourt_001	name159	Roger
melisse	merveilles17_ms_pie-bizincourt_001	name160	la sage Melisse
atlas	merveilles17_ms_pie-bizincourt_001	name161	Atlas
melisse	merveilles17_ms_pie-bizincourt_001	name162	Mélisse
alcine	merveilles17_ms_pie-bizincourt_001	name163	
celie	merveilles17_ms_pie-bizincourt_001	name164	
dirce	merveilles17_ms_pie-bizincourt_001	name165	
musicien	merveilles17_ms_pie-bizincourt_001	name166	
alcine	merveilles17_ms_pie-bizincourt_001	name167	ALCINE
celie	merveilles17_ms_pie-bizincourt_001	name168	CELIE
dirce	merveilles17_ms_pie-bizincourt_001	name169	DIRCÉ
alcine	merveilles17_ms_pie-bizincourt_001	name170	ALCINE
celie	merveilles17_ms_pie-bizincourt_001	name171	CELIE
dirce	merveilles17_ms_pie-bizincourt_001	name172	DIRCÉ
celie	merveilles17_ms_pie-bizincourt_001	name173	CELIE
alcine	merveilles17_ms_pie-bizincourt_001	name174	ALCINE
melisse	merveilles17_ms_pie-bizincourt_001	name175	Melisse
bradamante	merveilles17_ms_pie-bizincourt_001	name176	Bradamante
roger	merveilles17_ms_pie-bizincourt_001	name177	Roger
celie	merveilles17_ms_pie-bizincourt_001	name178	CELIE
melisse	merveilles17_ms_pie-bizincourt_001	name179	Melisse
dirce	merveilles17_ms_pie-bizincourt_001	name180	DIRCÉ
alcine	merveilles17_ms_pie-bizincourt_001	name181	ALCINE
celie	merveilles17_ms_pie-bizincourt_001	name182	CELIE
melisse	merveilles17_ms_pie-bizincourt_001	name183	Melisse
alcine	merveilles17_ms_pie-bizincourt_001	name184	ALCINE
dirce	merveilles17_ms_pie-bizincourt_001	name185	DIRCÉ
alcine	merveilles17_ms_pie-bizincourt_001	name186	ALCINE
roger	merveilles17_ms_pie-philidor	name5	Roger
chevaliers	merveilles17_ms_pie-philidor	name6	Cheualiers
alcine	merveilles17_ms_pie-philidor	name7	Magicienne
angelique	merveilles17_ms_pie-philidor	name8	Angelique
melisse	merveilles17_ms_pie-philidor	name9	Melisse
atlas	merveilles17_ms_pie-philidor	name10	Atlas
roger	merveilles17_ms_pie-philidor	name11	Roger
heraut_d_armes	merveilles17_ms_pie-philidor	name12	vn Heraut d’armes
page	merveilles17_ms_pie-philidor	name13	trois pages
page	merveilles17_ms_pie-philidor	name14	deux autres Pages
guidon_le_sauvage	merveilles17_ms_pie-philidor	name15	Guidon le Sauuage
guidon_le_sauvage	merveilles17_ms_pie-philidor	name16	Guidon Le Sauuage
roger	merveilles17_ms_pie-philidor	name17	Roger
roger	merveilles17_ms_pie-philidor	name18	Roger
oger_le_danois	merveilles17_ms_pie-philidor	name19	Ogier Le Danois
oger_le_danois	merveilles17_ms_pie-philidor	name20	Oger le Danois
aquilant	merveilles17_ms_pie-philidor	name21	Aquilan le Noir
griffon_le_blanc	merveilles17_ms_pie-philidor	name22	Griffon le Blanc
aquilant	merveilles17_ms_pie-philidor	name23	Aquilant le Noir
griffon_le_blanc	merveilles17_ms_pie-philidor	name24	Griffon le Blanc
renaud	merveilles17_ms_pie-philidor	name25	Renaut
dudon	merveilles17_ms_pie-philidor	name26	Dudon
roger	merveilles17_ms_pie-philidor	name27	Roger
astolphe	merveilles17_ms_pie-philidor	name28	Astolphe
brandimart	merveilles17_ms_pie-philidor	name29	Brandimart
fleur_de_lys	merveilles17_ms_pie-philidor	name30	Fleur de Lys
richardet	merveilles17_ms_pie-philidor	name31	Richardet
olivier	merveilles17_ms_pie-philidor	name32	Oliuier
geant	merveilles17_ms_pie-philidor	name33	les Geants
chevalier	merveilles17_ms_pie-philidor	name34	Cheualier
ariodant	merveilles17_ms_pie-philidor	name35	Ariodant
genevre	merveilles17_ms_pie-philidor	name36	Genéure
zerbin	merveilles17_ms_pie-philidor	name37	Zerbin
roland	merveilles17_ms_pie-philidor	name38	Roland
roland	merveilles17_ms_pie-philidor	name39	Roland
charlemagne	merveilles17_ms_pie-philidor	name40	Charlemagne
apollon	merveilles17_ms_pie-philidor	name41	Apollon
chevalier	merveilles17_ms_pie-philidor	name42	Cheualiers
apollon	merveilles17_ms_pie-philidor	name43	Cette Diuinité
le_siecle_d_airain	merveilles17_ms_pie-philidor	name44	quatre ages, ou Siecles
le_siecle_d_argent	merveilles17_ms_pie-philidor	name45	quatre ages, ou Siecles
le_siecle_de_fer	merveilles17_ms_pie-philidor	name46	quatre ages, ou Siecles
le_siecle_d_or	merveilles17_ms_pie-philidor	name47	quatre ages, ou Siecles
le_siecle_d_or	merveilles17_ms_pie-philidor	name48	Le Siecle d’or
le_siecle_d_argent	merveilles17_ms_pie-philidor	name49	Argent
le_siecle_d_airain	merveilles17_ms_pie-philidor	name50	Airain
le_siecle_de_fer	merveilles17_ms_pie-philidor	name51	Fer
monstres	merveilles17_ms_pie-philidor	name52	Monstres celestes
serpent_python	merveilles17_ms_pie-philidor	name53	Le Serpent Python
daphne	merveilles17_ms_pie-philidor	name54	Daphné
hyacinthe	merveilles17_ms_pie-philidor	name55	Hyacinte
apollon	merveilles17_ms_pie-philidor	name56	Apollon
atlas	merveilles17_ms_pie-philidor	name57	Atlas
le_temps	merveilles17_ms_pie-philidor	name58	Le Temps
douze_heures	merveilles17_ms_pie-philidor	name59	Les douze heures du Jour
douze_zodiaque	merveilles17_ms_pie-philidor	name60	les douze signes du Zodiaque
page	merveilles17_ms_pie-philidor	name61	les Pages
aquilant	merveilles17_ms_pie-philidor	name62	Aquilant le Noir
griffon_le_blanc	merveilles17_ms_pie-philidor	name63	Griffon le blanc
renaud	merveilles17_ms_pie-philidor	name64	Renaut
dudon	merveilles17_ms_pie-philidor	name65	Dudon
astolphe	merveilles17_ms_pie-philidor	name66	Astolphe
brandimart	merveilles17_ms_pie-philidor	name67	Brandimart
richardet	merveilles17_ms_pie-philidor	name68	Richardet
olivier	merveilles17_ms_pie-philidor	name69	Oliuier
ariodant	merveilles17_ms_pie-philidor	name70	Ariodant
zerbin	merveilles17_ms_pie-philidor	name71	Zerbin
roland	merveilles17_ms_pie-philidor	name72	Roland
berger	merveilles17_ms_pie-philidor	name73	Vint Pasteurs
page	merveilles17_ms_pie-philidor	name74	Le Page
chevalier	merveilles17_ms_pie-philidor	name75	dix Cheualiers
page	merveilles17_ms_pie-philidor	name76	leurs Pages
douze_zodiaque	merveilles17_ms_pie-philidor	name77	Les Signes
douze_heures	merveilles17_ms_pie-philidor	name78	les heures
le_siecle_d_airain	merveilles17_ms_pie-philidor	name79	le Siecle d’Airain
apollon	merveilles17_ms_pie-philidor	name80	Apollon
le_siecle_d_airain	merveilles17_ms_pie-philidor	name81	Le Siecle d’Airain
apollon	merveilles17_ms_pie-philidor	name82	Apollon
apollon	merveilles17_ms_pie-philidor	name83	Apollon
hymene	merveilles17_ms_pie-philidor	name84	Hymen
charles_quint	merveilles17_ms_pie-philidor	name85	Charle-Quint
charlemagne	merveilles17_ms_pie-philidor	name86	Charle-Magne
le_siecle_d_argent	merveilles17_ms_pie-philidor	name87	Le Siecle d’Argent.
le_siecle_de_fer	merveilles17_ms_pie-philidor	name88	Siecle de Fer
le_siecle_d_or	merveilles17_ms_pie-philidor	name89	Le Siecle d’Or.
le_siecle_de_fer	merveilles17_ms_pie-philidor	name90	Le Siecle de Fer.
apollon	merveilles17_ms_pie-philidor	name91	Apollon.
chevalier	merveilles17_ms_pie-philidor	name92	ces Cheualiers
le_printemps	merveilles17_ms_pie-philidor	name93	les Saisons
l_ete	merveilles17_ms_pie-philidor	name94	les Saisons
l_automne	merveilles17_ms_pie-philidor	name95	les Saisons
l_hiver	merveilles17_ms_pie-philidor	name96	les Saisons
le_printemps	merveilles17_ms_pie-philidor	name97	les Saisons
l_ete	merveilles17_ms_pie-philidor	name98	les Saisons
l_automne	merveilles17_ms_pie-philidor	name99	les Saisons
l_hiver	merveilles17_ms_pie-philidor	name100	les Saisons
douze_zodiaque	merveilles17_ms_pie-philidor	name101	les douze signes du Zodiaque
le_printemps	merveilles17_ms_pie-philidor	name102	les quatre Saisons
l_ete	merveilles17_ms_pie-philidor	name103	les quatre Saisons
l_automne	merveilles17_ms_pie-philidor	name104	les quatre Saisons
l_hiver	merveilles17_ms_pie-philidor	name105	les quatre Saisons
le_printemps	merveilles17_ms_pie-philidor	name106	Le Printemps
l_ete	merveilles17_ms_pie-philidor	name107	L'Esté
l_automne	merveilles17_ms_pie-philidor	name108	L'Automne
l_hiver	merveilles17_ms_pie-philidor	name109	L'Hyver
l_ete	merveilles17_ms_pie-philidor	name110	l’Esté
l_automne	merveilles17_ms_pie-philidor	name111	l’Automne
pan	merveilles17_ms_pie-philidor	name112	Pan
diane	merveilles17_ms_pie-philidor	name113	Diane
pan	merveilles17_ms_pie-philidor	name114	Pan
diane	merveilles17_ms_pie-philidor	name115	Diane
page_du_roi	merveilles17_ms_pie-philidor	name116	Dix-huict Pages
pan	merveilles17_ms_pie-philidor	name117	Pan
diane	merveilles17_ms_pie-philidor	name118	Diane
le_printemps	merveilles17_ms_pie-philidor	name119	les Saisons
l_ete	merveilles17_ms_pie-philidor	name120	les Saisons
l_automne	merveilles17_ms_pie-philidor	name121	les Saisons
l_hiver	merveilles17_ms_pie-philidor	name122	les Saisons
le_printemps	merveilles17_ms_pie-philidor	name123	le Printemps
le_printemps	merveilles17_ms_pie-philidor	name124	Le Printemps
l_ete	merveilles17_ms_pie-philidor	name125	L’Esté.
l_automne	merveilles17_ms_pie-philidor	name126	L’Automne.
le_printemps	merveilles17_ms_pie-philidor	name127	Le Printemps
l_hiver	merveilles17_ms_pie-philidor	name128	L'Hyver.
diane	merveilles17_ms_pie-philidor	name129	Diane
pan	merveilles17_ms_pie-philidor	name130	Pan.
abondance	merveilles17_ms_pie-philidor	name131	l’Abondance
joie	merveilles17_ms_pie-philidor	name132	la Ioye
proprete	merveilles17_ms_pie-philidor	name133	la Propreté
bonne_chere	merveilles17_ms_pie-philidor	name134	la Bonne chere
chevalier	merveilles17_ms_pie-philidor	name135	les cheualiers
chevalier	merveilles17_ms_pie-philidor	name136	grand nombre d’Officiers
princesse_d_elide	merveilles17_ms_pie-philidor	name137	La Princesse d’Elide
aglante	merveilles17_ms_pie-philidor	name138	Aglante
cinthie	merveilles17_ms_pie-philidor	name139	Cinthie
philis	merveilles17_ms_pie-philidor	name140	Philis
iphitas	merveilles17_ms_pie-philidor	name141	Iphitas
euriale	merveilles17_ms_pie-philidor	name142	Euriale
theocle	merveilles17_ms_pie-philidor	name143	Theocle
aristomene	merveilles17_ms_pie-philidor	name144	Aristomene
arbate	merveilles17_ms_pie-philidor	name145	Arbate
moron	merveilles17_ms_pie-philidor	name146	Moron
un_suivant	merveilles17_ms_pie-philidor	name147	Vn Suiuant
princesse_d_elide	merveilles17_ms_pie-philidor	name148	Prince d’Elide
princesse_d_elide	merveilles17_ms_pie-philidor	name149	la Princesse
euriale	merveilles17_ms_pie-philidor	name150	les Princes d’Itaque
aristomene	merveilles17_ms_pie-philidor	name151	de Messene
theocle	merveilles17_ms_pie-philidor	name152	de Pyle
euriale	merveilles17_ms_pie-philidor	name153	Euriale
princesse_d_elide	merveilles17_ms_pie-philidor	name154	la Princesse d’Elide
arbate	merveilles17_ms_pie-philidor	name155	Arbate
euriale	merveilles17_ms_pie-philidor	name156	Euriale
arbate	merveilles17_ms_pie-philidor	name157	Arbate
arbate	merveilles17_ms_pie-philidor	name158	Arbate
euriale	merveilles17_ms_pie-philidor	name159	Euriale
arbate	merveilles17_ms_pie-philidor	name160	Arbate
arbate	merveilles17_ms_pie-philidor	name161	Arbate
euriale	merveilles17_ms_pie-philidor	name162	Euriale.
arbate	merveilles17_ms_pie-philidor	name163	Arbate
princesse_d_elide	merveilles17_ms_pie-philidor	name164	la Princesse d’Elide
iphitas	merveilles17_ms_pie-philidor	name165	Iphitas
arbate	merveilles17_ms_pie-philidor	name166	Arbate
princesse_d_elide	merveilles17_ms_pie-philidor	name167	Princesse
euriale	merveilles17_ms_pie-philidor	name168	Euriale
arbate	merveilles17_ms_pie-philidor	name169	Arbate
arbate	merveilles17_ms_pie-philidor	name170	Arbate
euriale	merveilles17_ms_pie-philidor	name171	Euriale
princesse_d_elide	merveilles17_ms_pie-philidor	name172	la Princesse
arbate	merveilles17_ms_pie-philidor	name173	Arbate
moron	merveilles17_ms_pie-philidor	name174	Moron
arbate	merveilles17_ms_pie-philidor	name175	Arbate
moron	merveilles17_ms_pie-philidor	name176	Moron
euriale	merveilles17_ms_pie-philidor	name177	Euriale
princesse_d_elide	merveilles17_ms_pie-philidor	name178	La Princesse
moron	merveilles17_ms_pie-philidor	name179	Moron
euriale	merveilles17_ms_pie-philidor	name180	Euriale
arbate	merveilles17_ms_pie-philidor	name181	Arbate
moron	merveilles17_ms_pie-philidor	name182	Moron
arbate	merveilles17_ms_pie-philidor	name183	Arbate
euriale	merveilles17_ms_pie-philidor	name184	Euriale
moron	merveilles17_ms_pie-philidor	name185	Moron
euriale	merveilles17_ms_pie-philidor	name186	Euriale
moron	merveilles17_ms_pie-philidor	name187	Moron
euriale	merveilles17_ms_pie-philidor	name188	Euriale
moron	merveilles17_ms_pie-philidor	name189	Moron
euriale	merveilles17_ms_pie-philidor	name190	Euriale
moron	merveilles17_ms_pie-philidor	name191	Moron
euriale	merveilles17_ms_pie-philidor	name192	Euriale
moron	merveilles17_ms_pie-philidor	name193	Moron
princesse_d_elide	merveilles17_ms_pie-philidor	name194	la Princesse
euriale	merveilles17_ms_pie-philidor	name195	Euriale
moron	merveilles17_ms_pie-philidor	name196	Moron
princesse_d_elide	merveilles17_ms_pie-philidor	name197	Princesse
euriale	merveilles17_ms_pie-philidor	name198	Euriale
moron	merveilles17_ms_pie-philidor	name199	Moron
euriale	merveilles17_ms_pie-philidor	name200	Euriale
moron	merveilles17_ms_pie-philidor	name201	Moron
arbate	merveilles17_ms_pie-philidor	name202	Arbate
moron	merveilles17_ms_pie-philidor	name203	Moron
arbate	merveilles17_ms_pie-philidor	name204	Arbate
moron	merveilles17_ms_pie-philidor	name205	Moron
moron	merveilles17_ms_pie-philidor	name206	Moron
arbate	merveilles17_ms_pie-philidor	name207	Arbate
moron	merveilles17_ms_pie-philidor	name208	Moron
moron	merveilles17_ms_pie-philidor	name209	Moron
moron	merveilles17_ms_pie-philidor	name210	Moron
euriale	merveilles17_ms_pie-philidor	name211	Euriale
moron	merveilles17_ms_pie-philidor	name212	Moron
euriale	merveilles17_ms_pie-philidor	name213	Euriale
moron	merveilles17_ms_pie-philidor	name214	Moron
princesse_d_elide	merveilles17_ms_pie-philidor	name215	la Princesse
princesse_d_elide	merveilles17_ms_pie-philidor	name216	la Princesse
princesse_d_elide	merveilles17_ms_pie-philidor	name217	La Princesse d’Elide
aristomene	merveilles17_ms_pie-philidor	name218	les Princes de Messene
theocle	merveilles17_ms_pie-philidor	name219	de Pyle
euriale	merveilles17_ms_pie-philidor	name220	Prince d’Ithaque
princesse_d_elide	merveilles17_ms_pie-philidor	name221	la Princesse
princesse_d_elide	merveilles17_ms_pie-philidor	name222	Princesse
aristomene	merveilles17_ms_pie-philidor	name223	le Prince de Messene
princesse_d_elide	merveilles17_ms_pie-philidor	name224	La Princesse
aristomene	merveilles17_ms_pie-philidor	name225	Aristomene
theocle	merveilles17_ms_pie-philidor	name226	Theocle
euriale	merveilles17_ms_pie-philidor	name227	Euriale
arbate	merveilles17_ms_pie-philidor	name228	Arbate
moron	merveilles17_ms_pie-philidor	name229	Moron
aristomene	merveilles17_ms_pie-philidor	name230	Aristomene
theocle	merveilles17_ms_pie-philidor	name231	Theocle
princesse_d_elide	merveilles17_ms_pie-philidor	name232	La Princesse
theocle	merveilles17_ms_pie-philidor	name233	Theocle
princesse_d_elide	merveilles17_ms_pie-philidor	name234	La Princesse
euriale	merveilles17_ms_pie-philidor	name235	Euriale
moron	merveilles17_ms_pie-philidor	name236	Moron
arbate	merveilles17_ms_pie-philidor	name237	Arbate
moron	merveilles17_ms_pie-philidor	name238	Moron.
arbate	merveilles17_ms_pie-philidor	name239	Arbate
moron	merveilles17_ms_pie-philidor	name240	Moron
euriale	merveilles17_ms_pie-philidor	name241	Euriale
moron	merveilles17_ms_pie-philidor	name242	Moron
arbate	merveilles17_ms_pie-philidor	name243	Arbate
euriale	merveilles17_ms_pie-philidor	name244	Euriale
moron	merveilles17_ms_pie-philidor	name245	Moron
euriale	merveilles17_ms_pie-philidor	name246	le Prince
philis	merveilles17_ms_pie-philidor	name247	Philis
ours	merveilles17_ms_pie-philidor	name248	vn Ours
ours	merveilles17_ms_pie-philidor	name249	l’Ours
ours	merveilles17_ms_pie-philidor	name250	l’Ours
berger	merveilles17_ms_pie-philidor	name251	8 Paysans
ours	merveilles17_ms_pie-philidor	name252	vn autre Ours
ours	merveilles17_ms_pie-philidor	name253	vn des Ours
moron	merveilles17_ms_pie-philidor	name254	Moron
philis	merveilles17_ms_pie-philidor	name255	Philis
philis	merveilles17_ms_pie-philidor	name256	Philis
philis	merveilles17_ms_pie-philidor	name257	Philis
ours	merveilles17_ms_pie-philidor	name258	Vn Ours
moron	merveilles17_ms_pie-philidor	name259	Moron
moron	merveilles17_ms_pie-philidor	name260	Moron
ours	merveilles17_ms_pie-philidor	name261	Monsieur l’Ours
moron	merveilles17_ms_pie-philidor	name262	Moron
chasseurs	merveilles17_ms_pie-philidor	name263	Les chasseurs
moron	merveilles17_ms_pie-philidor	name264	Moron
moron	merveilles17_ms_pie-philidor	name265	Moron
euriale	merveilles17_ms_pie-philidor	name266	Le Prince d’Ithaque
princesse_d_elide	merveilles17_ms_pie-philidor	name267	la Princesse
euriale	merveilles17_ms_pie-philidor	name268	Prince d’Ithaque
moron	merveilles17_ms_pie-philidor	name269	Moron
princesse_d_elide	merveilles17_ms_pie-philidor	name270	la Princesse
princesse_d_elide	merveilles17_ms_pie-philidor	name271	la Princesse
aristomene	merveilles17_ms_pie-philidor	name272	Les Princes de Messene
theocle	merveilles17_ms_pie-philidor	name273	de Pyle
princesse_d_elide	merveilles17_ms_pie-philidor	name274	La Princesse
aglante	merveilles17_ms_pie-philidor	name275	Aglante
cinthie	merveilles17_ms_pie-philidor	name276	Cinthie
princesse_d_elide	merveilles17_ms_pie-philidor	name277	La Princesse
aglante	merveilles17_ms_pie-philidor	name278	Aglante
princesse_d_elide	merveilles17_ms_pie-philidor	name279	La Princesse
cinthie	merveilles17_ms_pie-philidor	name280	Cinthie
aglante	merveilles17_ms_pie-philidor	name281	Aglante
princesse_d_elide	merveilles17_ms_pie-philidor	name282	La Princesse
cinthie	merveilles17_ms_pie-philidor	name283	Cinthie
princesse_d_elide	merveilles17_ms_pie-philidor	name284	La Princesse
aglante	merveilles17_ms_pie-philidor	name285	Aglante
princesse_d_elide	merveilles17_ms_pie-philidor	name286	La Princesse
cinthie	merveilles17_ms_pie-philidor	name287	Cinthie
princesse_d_elide	merveilles17_ms_pie-philidor	name288	La Princesse
moron	merveilles17_ms_pie-philidor	name289	Moron
princesse_d_elide	merveilles17_ms_pie-philidor	name290	La Princesse
aglante	merveilles17_ms_pie-philidor	name291	Aglante
cinthie	merveilles17_ms_pie-philidor	name292	Cinthie
philis	merveilles17_ms_pie-philidor	name293	Philis
aglante	merveilles17_ms_pie-philidor	name294	Aglante
moron	merveilles17_ms_pie-philidor	name295	Moron
princesse_d_elide	merveilles17_ms_pie-philidor	name296	la Princesse
princesse_d_elide	merveilles17_ms_pie-philidor	name297	La Princesse
moron	merveilles17_ms_pie-philidor	name298	Moron
cinthie	merveilles17_ms_pie-philidor	name299	Cinthie
moron	merveilles17_ms_pie-philidor	name300	Moron
moron	merveilles17_ms_pie-philidor	name301	Moron
cinthie	merveilles17_ms_pie-philidor	name302	Cinthie
moron	merveilles17_ms_pie-philidor	name303	Moron
cinthie	merveilles17_ms_pie-philidor	name304	Cinthie
lycas	merveilles17_ms_pie-philidor	name305	Lycas
princesse_d_elide	merveilles17_ms_pie-philidor	name306	La Princesse
aglante	merveilles17_ms_pie-philidor	name307	Aglante
cinthie	merveilles17_ms_pie-philidor	name308	Cinthie
philis	merveilles17_ms_pie-philidor	name309	Philis
moron	merveilles17_ms_pie-philidor	name310	Moron
lycas	merveilles17_ms_pie-philidor	name311	Lycas
iphitas	merveilles17_ms_pie-philidor	name312	le Prince
theocle	merveilles17_ms_pie-philidor	name313	les Princes de Pyle
euriale	merveilles17_ms_pie-philidor	name314	d’Ithaque
aristomene	merveilles17_ms_pie-philidor	name315	de Messene
princesse_d_elide	merveilles17_ms_pie-philidor	name316	La Princesse
iphitas	merveilles17_ms_pie-philidor	name317	Le Prince
euriale	merveilles17_ms_pie-philidor	name318	Euriale
aristomene	merveilles17_ms_pie-philidor	name319	Aristomene
theocle	merveilles17_ms_pie-philidor	name320	Théocle
princesse_d_elide	merveilles17_ms_pie-philidor	name321	La Princesse
cinthie	merveilles17_ms_pie-philidor	name322	Cinthie
aglante	merveilles17_ms_pie-philidor	name323	Aglante
philis	merveilles17_ms_pie-philidor	name324	Philis
moron	merveilles17_ms_pie-philidor	name325	Moron
princesse_d_elide	merveilles17_ms_pie-philidor	name326	La Princesse
iphitas	merveilles17_ms_pie-philidor	name327	Le Prince
theocle	merveilles17_ms_pie-philidor	name328	Theocle
aristomene	merveilles17_ms_pie-philidor	name329	Aristomene
euriale	merveilles17_ms_pie-philidor	name330	Euriale
princesse_d_elide	merveilles17_ms_pie-philidor	name331	La Princesse
aglante	merveilles17_ms_pie-philidor	name332	Aglante
moron	merveilles17_ms_pie-philidor	name333	Moron
princesse_d_elide	merveilles17_ms_pie-philidor	name334	La Princesse
cinthie	merveilles17_ms_pie-philidor	name335	Cinthie
princesse_d_elide	merveilles17_ms_pie-philidor	name336	La Princesse
cinthie	merveilles17_ms_pie-philidor	name337	Cinthie
princesse_d_elide	merveilles17_ms_pie-philidor	name338	La Princesse
moron	merveilles17_ms_pie-philidor	name339	Moron
philis	merveilles17_ms_pie-philidor	name340	Philis
moron	merveilles17_ms_pie-philidor	name341	Moron
philis	merveilles17_ms_pie-philidor	name342	Philis
philis	merveilles17_ms_pie-philidor	name343	Philis
moron	merveilles17_ms_pie-philidor	name344	Moron
philis	merveilles17_ms_pie-philidor	name345	Philis
moron	merveilles17_ms_pie-philidor	name346	Moron
philis	merveilles17_ms_pie-philidor	name347	Philis
moron	merveilles17_ms_pie-philidor	name348	Moron
philis	merveilles17_ms_pie-philidor	name349	Philis
moron	merveilles17_ms_pie-philidor	name350	Moron
philis	merveilles17_ms_pie-philidor	name351	Philis
moron	merveilles17_ms_pie-philidor	name352	Moron
philis	merveilles17_ms_pie-philidor	name353	Philis
moron	merveilles17_ms_pie-philidor	name354	Moron
philis	merveilles17_ms_pie-philidor	name355	Philis
moron	merveilles17_ms_pie-philidor	name356	Moron
philis	merveilles17_ms_pie-philidor	name357	Philis
philis	merveilles17_ms_pie-philidor	name358	Philis
moron	merveilles17_ms_pie-philidor	name359	Moron
philis	merveilles17_ms_pie-philidor	name360	Philis
moron	merveilles17_ms_pie-philidor	name361	Moron
philis	merveilles17_ms_pie-philidor	name362	Philis
moron	merveilles17_ms_pie-philidor	name363	Moron
philis	merveilles17_ms_pie-philidor	name364	Philis
princesse_d_elide	merveilles17_ms_pie-philidor	name365	La Princesse d’Elide
euriale	merveilles17_ms_pie-philidor	name366	Le Prince d’Ithaque
euriale	merveilles17_ms_pie-philidor	name367	le Prince d’Itaque
moron	merveilles17_ms_pie-philidor	name368	Moron
princesse_d_elide	merveilles17_ms_pie-philidor	name369	La Princesse
aglante	merveilles17_ms_pie-philidor	name370	Aglante
cinthie	merveilles17_ms_pie-philidor	name371	Cinthie
philis	merveilles17_ms_pie-philidor	name372	Philïs
cinthie	merveilles17_ms_pie-philidor	name373	Cinthie
euriale	merveilles17_ms_pie-philidor	name374	Ieune Prince
princesse_d_elide	merveilles17_ms_pie-philidor	name375	La Princesse
moron	merveilles17_ms_pie-philidor	name376	Moron
princesse_d_elide	merveilles17_ms_pie-philidor	name377	La Princesse
moron	merveilles17_ms_pie-philidor	name378	Moron
philis	merveilles17_ms_pie-philidor	name379	Philis
tircis	merveilles17_ms_pie-philidor	name380	Tircis
moron	merveilles17_ms_pie-philidor	name381	Moron
princesse_d_elide	merveilles17_ms_pie-philidor	name382	La Princesse
moron	merveilles17_ms_pie-philidor	name383	Moron
princesse_d_elide	merveilles17_ms_pie-philidor	name384	La Princesse
moron	merveilles17_ms_pie-philidor	name385	Moron
moron	merveilles17_ms_pie-philidor	name386	Moron
princesse_d_elide	merveilles17_ms_pie-philidor	name387	La Princesse
moron	merveilles17_ms_pie-philidor	name388	Moron
princesse_d_elide	merveilles17_ms_pie-philidor	name389	La Princesse
moron	merveilles17_ms_pie-philidor	name390	Moron
princesse_d_elide	merveilles17_ms_pie-philidor	name391	La Princesse
moron	merveilles17_ms_pie-philidor	name392	Moron
princesse_d_elide	merveilles17_ms_pie-philidor	name393	La Princesse
moron	merveilles17_ms_pie-philidor	name394	Moron
princesse_d_elide	merveilles17_ms_pie-philidor	name395	La Princesse
moron	merveilles17_ms_pie-philidor	name396	Moron
moron	merveilles17_ms_pie-philidor	name397	Moron
princesse_d_elide	merveilles17_ms_pie-philidor	name398	La Princesse
philis	merveilles17_ms_pie-philidor	name399	Philis
tircis	merveilles17_ms_pie-philidor	name400	Tircis
philis	merveilles17_ms_pie-philidor	name401	Philis
tircis	merveilles17_ms_pie-philidor	name402	Tircis
philis	merveilles17_ms_pie-philidor	name403	Philis
moron	merveilles17_ms_pie-philidor	name404	Moron
philis	merveilles17_ms_pie-philidor	name405	Philis
tircis	merveilles17_ms_pie-philidor	name406	Tircis
moron	merveilles17_ms_pie-philidor	name407	Moron
philis	merveilles17_ms_pie-philidor	name408	Philis
moron	merveilles17_ms_pie-philidor	name409	Moron
philis	merveilles17_ms_pie-philidor	name410	Philis
tircis	merveilles17_ms_pie-philidor	name411	Tircis
moron	merveilles17_ms_pie-philidor	name412	Moron
philis	merveilles17_ms_pie-philidor	name413	Philis
tircis	merveilles17_ms_pie-philidor	name414	Tircis
moron	merveilles17_ms_pie-philidor	name415	Moron
philis	merveilles17_ms_pie-philidor	name416	Philis
tircis	merveilles17_ms_pie-philidor	name417	Tircis
moron	merveilles17_ms_pie-philidor	name418	Moron
philis	merveilles17_ms_pie-philidor	name419	Philis
moron	merveilles17_ms_pie-philidor	name420	Moron
moron	merveilles17_ms_pie-philidor	name421	Moron
moron	merveilles17_ms_pie-philidor	name422	Moron
moron	merveilles17_ms_pie-philidor	name423	Moron
philis	merveilles17_ms_pie-philidor	name424	Philis
moron	merveilles17_ms_pie-philidor	name425	Moron
moron	merveilles17_ms_pie-philidor	name426	Moron
philis	merveilles17_ms_pie-philidor	name427	Philis
moron	merveilles17_ms_pie-philidor	name428	Moron
philis	merveilles17_ms_pie-philidor	name429	Philis
moron	merveilles17_ms_pie-philidor	name430	Moron
tircis	merveilles17_ms_pie-philidor	name431	Tircis
moron	merveilles17_ms_pie-philidor	name432	Moron
moron	merveilles17_ms_pie-philidor	name433	Moron
tircis	merveilles17_ms_pie-philidor	name434	Tircis
philis	merveilles17_ms_pie-philidor	name435	Philis
tircis	merveilles17_ms_pie-philidor	name436	Tircis
princesse_d_elide	merveilles17_ms_pie-philidor	name437	La Princesse
euriale	merveilles17_ms_pie-philidor	name438	Prince d’Itaque
aristomene	merveilles17_ms_pie-philidor	name439	Prince de Messene
iphitas	merveilles17_ms_pie-philidor	name440	Roy
princesse_d_elide	merveilles17_ms_pie-philidor	name441	Princesse
euriale	merveilles17_ms_pie-philidor	name442	Prince
moron	merveilles17_ms_pie-philidor	name443	Moron
euriale	merveilles17_ms_pie-philidor	name444	Euriale
princesse_d_elide	merveilles17_ms_pie-philidor	name445	La Princesse
moron	merveilles17_ms_pie-philidor	name446	Moron
princesse_d_elide	merveilles17_ms_pie-philidor	name447	La Princesse
aristomene	merveilles17_ms_pie-philidor	name448	Prince
iphitas	merveilles17_ms_pie-philidor	name449	Pere
euriale	merveilles17_ms_pie-philidor	name450	Euriale
princesse_d_elide	merveilles17_ms_pie-philidor	name451	La Princesse
euriale	merveilles17_ms_pie-philidor	name452	Euriale
princesse_d_elide	merveilles17_ms_pie-philidor	name453	La Princesse
euriale	merveilles17_ms_pie-philidor	name454	Euriale
princesse_d_elide	merveilles17_ms_pie-philidor	name455	La Princesse
euriale	merveilles17_ms_pie-philidor	name456	Euriale
princesse_d_elide	merveilles17_ms_pie-philidor	name457	La Princesse
aristomene	merveilles17_ms_pie-philidor	name458	le Prince de Messene
euriale	merveilles17_ms_pie-philidor	name459	Euriale
princesse_d_elide	merveilles17_ms_pie-philidor	name460	La Princesse
moron	merveilles17_ms_pie-philidor	name461	Moron
moron	merveilles17_ms_pie-philidor	name462	Moron
princesse_d_elide	merveilles17_ms_pie-philidor	name463	la Princesse
euriale	merveilles17_ms_pie-philidor	name464	Au Prince
princesse_d_elide	merveilles17_ms_pie-philidor	name465	la Princesse
euriale	merveilles17_ms_pie-philidor	name466	Au Prince
princesse_d_elide	merveilles17_ms_pie-philidor	name467	La Princesse
moron	merveilles17_ms_pie-philidor	name468	Moron
euriale	merveilles17_ms_pie-philidor	name469	Prince
princesse_d_elide	merveilles17_ms_pie-philidor	name470	La Princesse
euriale	merveilles17_ms_pie-philidor	name471	Euriale
aglante	merveilles17_ms_pie-philidor	name472	Aglante
iphitas	merveilles17_ms_pie-philidor	name473	Prince
moron	merveilles17_ms_pie-philidor	name474	Moron
princesse_d_elide	merveilles17_ms_pie-philidor	name475	La Princesse
moron	merveilles17_ms_pie-philidor	name476	Moron
princesse_d_elide	merveilles17_ms_pie-philidor	name477	La Princesse
moron	merveilles17_ms_pie-philidor	name478	Moron
moron	merveilles17_ms_pie-philidor	name479	Moron
princesse_d_elide	merveilles17_ms_pie-philidor	name480	La Princesse
princesse_d_elide	merveilles17_ms_pie-philidor	name481	La Princesse
aglante	merveilles17_ms_pie-philidor	name482	Aglante
moron	merveilles17_ms_pie-philidor	name483	Moron
princesse_d_elide	merveilles17_ms_pie-philidor	name484	La Princesse
aglante	merveilles17_ms_pie-philidor	name485	Princesse
euriale	merveilles17_ms_pie-philidor	name486	Le Prince d’Ithaque
iphitas	merveilles17_ms_pie-philidor	name487	Prince
aglante	merveilles17_ms_pie-philidor	name488	Aglante
euriale	merveilles17_ms_pie-philidor	name489	Le Prince d’Ithaque
princesse_d_elide	merveilles17_ms_pie-philidor	name490	La Princesse
aglante	merveilles17_ms_pie-philidor	name491	Aglante
princesse_d_elide	merveilles17_ms_pie-philidor	name492	La Princesse
aglante	merveilles17_ms_pie-philidor	name493	Aglante
aglante	merveilles17_ms_pie-philidor	name494	Aglante
princesse_d_elide	merveilles17_ms_pie-philidor	name495	La Princesse
aristomene	merveilles17_ms_pie-philidor	name496	Aristomene
moron	merveilles17_ms_pie-philidor	name497	Moron
princesse_d_elide	merveilles17_ms_pie-philidor	name498	La Princesse
aglante	merveilles17_ms_pie-philidor	name499	Aglante
aristomene	merveilles17_ms_pie-philidor	name500	Aristomene
princesse_d_elide	merveilles17_ms_pie-philidor	name501	La Princesse
aristomene	merveilles17_ms_pie-philidor	name502	Aristomene
euriale	merveilles17_ms_pie-philidor	name503	Le prince d’Ithaque
princesse_d_elide	merveilles17_ms_pie-philidor	name504	La Princesse
aristomene	merveilles17_ms_pie-philidor	name505	Aristomene
princesse_d_elide	merveilles17_ms_pie-philidor	name506	La Princesse
aristomene	merveilles17_ms_pie-philidor	name507	Aristomene
princesse_d_elide	merveilles17_ms_pie-philidor	name508	La Princesse
princesse_d_elide	merveilles17_ms_pie-philidor	name509	La Princesse
aglante	merveilles17_ms_pie-philidor	name510	Aglante
moron	merveilles17_ms_pie-philidor	name511	Moron
princesse_d_elide	merveilles17_ms_pie-philidor	name512	La Princesse
aglante	merveilles17_ms_pie-philidor	name513	Aglante
moron	merveilles17_ms_pie-philidor	name514	Moron
princesse_d_elide	merveilles17_ms_pie-philidor	name515	La Princesse
moron	merveilles17_ms_pie-philidor	name516	Moron
princesse_d_elide	merveilles17_ms_pie-philidor	name517	La Princesse
moron	merveilles17_ms_pie-philidor	name518	Moron
princesse_d_elide	merveilles17_ms_pie-philidor	name519	La Princesse
moron	merveilles17_ms_pie-philidor	name520	Moron
princesse_d_elide	merveilles17_ms_pie-philidor	name521	la Princesse
princesse_d_elide	merveilles17_ms_pie-philidor	name522	La Princesse
aristomene	merveilles17_ms_pie-philidor	name523	Prince de Messene
euriale	merveilles17_ms_pie-philidor	name524	le Prince d’Ithaque
princesse_d_elide	merveilles17_ms_pie-philidor	name525	Princesse
euriale	merveilles17_ms_pie-philidor	name526	le Prince d’Ithaque
aristomene	merveilles17_ms_pie-philidor	name527	le Prince de Messene
princesse_d_elide	merveilles17_ms_pie-philidor	name528	La Princesse
iphitas	merveilles17_ms_pie-philidor	name529	le Roy
euriale	merveilles17_ms_pie-philidor	name530	le Prince d’Ithaque
euriale	merveilles17_ms_pie-philidor	name531	le Prince d’Ithaque
aglante	merveilles17_ms_pie-philidor	name532	la Princesse Aglante
euriale	merveilles17_ms_pie-philidor	name533	le Prince
princesse_d_elide	merveilles17_ms_pie-philidor	name534	La Princesse
iphitas	merveilles17_ms_pie-philidor	name535	Le Roy
aristomene	merveilles17_ms_pie-philidor	name536	Princes de Messene
theocle	merveilles17_ms_pie-philidor	name537	de Pyle
iphitas	merveilles17_ms_pie-philidor	name538	Le Prince Iphitas
euriale	merveilles17_ms_pie-philidor	name539	Euriale
moron	merveilles17_ms_pie-philidor	name540	Moron
aglante	merveilles17_ms_pie-philidor	name541	Aglante
cinthie	merveilles17_ms_pie-philidor	name542	Cinthie
moron	merveilles17_ms_pie-philidor	name543	Moron
iphitas	merveilles17_ms_pie-philidor	name544	Le Prince Iphitas
euriale	merveilles17_ms_pie-philidor	name545	Euriale
iphitas	merveilles17_ms_pie-philidor	name546	Le Prince Iphitas
princesse_d_elide	merveilles17_ms_pie-philidor	name547	La Princesse
euriale	merveilles17_ms_pie-philidor	name548	Le Prince Euriale
aglante	merveilles17_ms_pie-philidor	name549	Aglante
cinthie	merveilles17_ms_pie-philidor	name550	Cinthie
moron	merveilles17_ms_pie-philidor	name551	Moron
princesse_d_elide	merveilles17_ms_pie-philidor	name552	La Princesse
iphitas	merveilles17_ms_pie-philidor	name553	Le Prince Iphitas
princesse_d_elide	merveilles17_ms_pie-philidor	name554	La Princesse
euriale	merveilles17_ms_pie-philidor	name555	Prince
aglante	merveilles17_ms_pie-philidor	name556	la Princesse Aglante
iphitas	merveilles17_ms_pie-philidor	name557	Le Prince
princesse_d_elide	merveilles17_ms_pie-philidor	name558	La Princesse
euriale	merveilles17_ms_pie-philidor	name559	Prince
iphitas	merveilles17_ms_pie-philidor	name560	Le Prince
princesse_d_elide	merveilles17_ms_pie-philidor	name561	La Princesse
iphitas	merveilles17_ms_pie-philidor	name562	Le Prince
princesse_d_elide	merveilles17_ms_pie-philidor	name563	La Princesse
iphitas	merveilles17_ms_pie-philidor	name564	Le Prince
princesse_d_elide	merveilles17_ms_pie-philidor	name565	La Princesse
iphitas	merveilles17_ms_pie-philidor	name566	Le Prince
princesse_d_elide	merveilles17_ms_pie-philidor	name567	La Princesse
iphitas	merveilles17_ms_pie-philidor	name568	Le Prince
princesse_d_elide	merveilles17_ms_pie-philidor	name569	La Princesse
aglante	merveilles17_ms_pie-philidor	name570	Aglante
aglante	merveilles17_ms_pie-philidor	name571	Elle
iphitas	merveilles17_ms_pie-philidor	name572	Le Prince
princesse_d_elide	merveilles17_ms_pie-philidor	name573	La Princesse
iphitas	merveilles17_ms_pie-philidor	name574	Le Prince
euriale	merveilles17_ms_pie-philidor	name575	Prince
princesse_d_elide	merveilles17_ms_pie-philidor	name576	La Princesse
iphitas	merveilles17_ms_pie-philidor	name577	Le Prince
princesse_d_elide	merveilles17_ms_pie-philidor	name578	La Princesse
iphitas	merveilles17_ms_pie-philidor	name579	Le Prince
aglante	merveilles17_ms_pie-philidor	name580	la Princesse Aglante
princesse_d_elide	merveilles17_ms_pie-philidor	name581	La Princesse
iphitas	merveilles17_ms_pie-philidor	name582	Le Prince
princesse_d_elide	merveilles17_ms_pie-philidor	name583	La Princesse
euriale	merveilles17_ms_pie-philidor	name584	Euriale
iphitas	merveilles17_ms_pie-philidor	name585	Prince
princesse_d_elide	merveilles17_ms_pie-philidor	name586	La Princesse
iphitas	merveilles17_ms_pie-philidor	name587	Le Prince
euriale	merveilles17_ms_pie-philidor	name588	Prince
princesse_d_elide	merveilles17_ms_pie-philidor	name589	La Princesse
iphitas	merveilles17_ms_pie-philidor	name590	Le Prince
euriale	merveilles17_ms_pie-philidor	name591	Euriale
iphitas	merveilles17_ms_pie-philidor	name592	Le Prince
moron	merveilles17_ms_pie-philidor	name593	Moron
princesse_d_elide	merveilles17_ms_pie-philidor	name594	la Princesse
moron	merveilles17_ms_pie-philidor	name595	Moron
aristomene	merveilles17_ms_pie-philidor	name596	Aristomene
theocle	merveilles17_ms_pie-philidor	name597	Theocle
iphitas	merveilles17_ms_pie-philidor	name598	Le Prince
princesse_d_elide	merveilles17_ms_pie-philidor	name599	La Princesse
aglante	merveilles17_ms_pie-philidor	name600	Aglante
cinthie	merveilles17_ms_pie-philidor	name601	Cinthie
moron	merveilles17_ms_pie-philidor	name602	Moron
iphitas	merveilles17_ms_pie-philidor	name603	Le Prince Iphitas
aristomene	merveilles17_ms_pie-philidor	name604	Aristomene
philis	merveilles17_ms_pie-philidor	name605	Philis
aristomene	merveilles17_ms_pie-philidor	name606	Aristomene
iphitas	merveilles17_ms_pie-philidor	name607	Le Prince
princesse_d_elide	merveilles17_ms_pie-philidor	name608	La Princesse
aglante	merveilles17_ms_pie-philidor	name609	Aglante
cinthie	merveilles17_ms_pie-philidor	name610	Cinthie
moron	merveilles17_ms_pie-philidor	name611	Moron
philis	merveilles17_ms_pie-philidor	name612	Philis
princesse_d_elide	merveilles17_ms_pie-philidor	name613	la Princesse
berger	merveilles17_ms_pie-philidor	name614	Tous les Pasteurs
bergere	merveilles17_ms_pie-philidor	name615	toutes les Bergeres
berger	merveilles17_ms_pie-philidor	name616	Pasteurs
bergere	merveilles17_ms_pie-philidor	name617	Bergeres
berger	merveilles17_ms_pie-philidor	name618	Quatre Bergers
berger	merveilles17_ms_pie-philidor	name619	Quatre Bergers
berger	merveilles17_ms_pie-philidor	name620	Quatre Bergers
simon_blondel	merveilles17_ms_pie-philidor	name621	Quatre Bergers
bergere	merveilles17_ms_pie-philidor	name622	deux Bergeres
bergere	merveilles17_ms_pie-philidor	name623	deux Bergeres
bergere	merveilles17_ms_pie-philidor	name624	les deux Bergeres
bergere	merveilles17_ms_pie-philidor	name625	les deux Bergeres
chevalier	merveilles17_ms_pie-philidor	name626	Chevaliers
alcine	merveilles17_ms_pie-philidor	name627	Alcine
alcine	merveilles17_ms_pie-philidor	name628	Alcine
monstres	merveilles17_ms_pie-philidor	name629	Monstre Marin
celie	merveilles17_ms_pie-philidor	name630	Deux des Nymphes
dirce	merveilles17_ms_pie-philidor	name631	Deux des Nymphes
celie	merveilles17_ms_pie-philidor	name632	Celie
dirce	merveilles17_ms_pie-philidor	name633	Dircé
alcine	merveilles17_ms_pie-philidor	name634	Alcine
alcine	merveilles17_ms_pie-philidor	name635	Alcine
celie	merveilles17_ms_pie-philidor	name636	Celie
dirce	merveilles17_ms_pie-philidor	name637	Dircé
alcine	merveilles17_ms_pie-philidor	name638	Alcine
celie	merveilles17_ms_pie-philidor	name639	Celie
alcine	merveilles17_ms_pie-philidor	name640	Alcine
melisse	merveilles17_ms_pie-philidor	name641	Melisse
bradamante	merveilles17_ms_pie-philidor	name642	Bradamante
roger	merveilles17_ms_pie-philidor	name643	Roger
celie	merveilles17_ms_pie-philidor	name644	Celie
dirce	merveilles17_ms_pie-philidor	name645	Dircé
alcine	merveilles17_ms_pie-philidor	name646	Alcine
celie	merveilles17_ms_pie-philidor	name647	Celie
melisse	merveilles17_ms_pie-philidor	name648	Melisse
alcine	merveilles17_ms_pie-philidor	name649	Alcine
dirce	merveilles17_ms_pie-philidor	name650	Dircé
alcine	merveilles17_ms_pie-philidor	name651	Alcine
alcine	merveilles17_ms_pie-philidor	name652	Alcine
celie	merveilles17_ms_pie-philidor	name653	Celie
dirce	merveilles17_ms_pie-philidor	name654	Dircé
alcine	merveilles17_ms_pie-philidor	name655	Alcine
geant	merveilles17_ms_pie-philidor	name656	Quatre Geans
nain	merveilles17_ms_pie-philidor	name657	quatre Nains
chevaliers	merveilles17_ms_pie-philidor	name658	Cheualiers
chevalier	merveilles17_ms_pie-philidor	name659	Les Cheualiers
chevaliers	merveilles17_ms_pie-philidor	name660	Cheualiers
guidon_le_sauvage	merveilles17_ms_pie-philidor	name661	deux Cheualiers
olivier	merveilles17_ms_pie-philidor	name662	deux Cheualiers
guidon_le_sauvage	merveilles17_ms_pie-philidor	name663	Guidon le sauuage
chevalier	merveilles17_ms_pie-philidor	name664	dix cheualiers
guidon_le_sauvage	merveilles17_ms_pie-philidor	name665	Guidon
olivier	merveilles17_ms_pie-philidor	name666	Oliuier
Apollon	v2merveilles17_img_ballard1654	name2	Apollon
Muse	v2merveilles17_img_ballard1654	name3	Muses.
Erato	v2merveilles17_img_ballard1654	name4	Erato.
Epidan	v2merveilles17_img_ballard1654	name5	L'Epidan, Fleuve.
Fleuve	v2merveilles17_img_ballard1654	name6	Fleuve.
Onochone	v2merveilles17_img_ballard1654	name7	L'Onochone.
Fleuve	v2merveilles17_img_ballard1654	name8	Fleuve
Nereïdes	v2merveilles17_img_ballard1654	name9	Nereïdes.
Pelée	v2merveilles17_img_ballard1654	name10	Pelée.
Roy de Thessalie	v2merveilles17_img_ballard1654	name11	Roy de Thessallie.
Chiron	v2merveilles17_img_ballard1654	name12	Chiron.
Centaure	v2merveilles17_img_ballard1654	name13	Centaure.
Magiciens	v2merveilles17_img_ballard1654	name14	Magiciens.
	v2merveilles17_img_ballard1654	name15	Sorcières.
Thetis	v2merveilles17_img_ballard1654	name16	Thetis.
Demy Dieu marin	v2merveilles17_img_ballard1654	name17	Demy Dieu marin.
Pescheurs de Corail	v2merveilles17_img_ballard1654	name18	Pescheurs de Corail.
Neptune	v2merveilles17_img_ballard1654	name19	Neptune.
Tritons	v2merveilles17_img_ballard1654	name20	Tritons.
Fleuves	v2merveilles17_img_ballard1654	name21	Fleuves
Nereides	v2merveilles17_img_ballard1654	name22	Nereides.
Sireines	v2merveilles17_img_ballard1654	name23	Sireines.
Jupiter	v2merveilles17_img_ballard1654	name24	Jupiter.
Junon	v2merveilles17_img_ballard1654	name25	Junon.
Furies	v2merveilles17_img_ballard1654	name26	Furies.
Promethée	v2merveilles17_img_ballard1654	name27	Promethée tourmenté.
Sauvages	v2merveilles17_img_ballard1654	name28	Sauvages.
Mercure	v2merveilles17_img_ballard1654	name29	Mercure.
Dryades	v2merveilles17_img_ballard1654	name30	Dryades.
Sacrificateurs	v2merveilles17_img_ballard1654	name31	Anciens Sacrificateurs de Mars.
Jeunes Ministres du Sacrifice	v2merveilles17_img_ballard1654	name32	Jeunes Ministres du Sacrifice.
	v2merveilles17_img_ballard1654	name33	Herault des tenans au Combat a la Barriere.
Esclaves	v2merveilles17_img_ballard1654	name34	Esclaves.
Estafiers	v2merveilles17_img_ballard1654	name35	Estafiers.
Pages	v2merveilles17_img_ballard1654	name36	Pages.
Tambours	v2merveilles17_img_ballard1654	name37	Tambours.
Phifres	v2merveilles17_img_ballard1654	name38	Phifres.
Trompettes	v2merveilles17_img_ballard1654	name39	Trompettes.
La Renommée	v2merveilles17_img_ballard1654	name40	La Renommée.
Juge des tenans	v2merveilles17_img_ballard1654	name41	Juge des tenans.
Parrain des tenans	v2merveilles17_img_ballard1654	name42	Parrain des tenans.
Nain du Chef des tenans	v2merveilles17_img_ballard1654	name43	Nain du Chef des tenans.
Chef des tenans	v2merveilles17_img_ballard1654	name44	Chef des tenans.
Combattans	v2merveilles17_img_ballard1654	name45	Combattans.
Escuiers des tenans	v2merveilles17_img_ballard1654	name46	Escuiers des tenans.
Herault des assaillans	v2merveilles17_img_ballard1654	name47	Herault des assaillans.
Pages	v2merveilles17_img_ballard1654	name48	Pages.
Juge des assaillans	v2merveilles17_img_ballard1654	name49	Juge des assaillans.
Parrain des assaillans	v2merveilles17_img_ballard1654	name50	Parrain des assaillans.
Nain du chef des assaillans	v2merveilles17_img_ballard1654	name51	Nain du chef des assaillans.
Chef des assaillans	v2merveilles17_img_ballard1654	name52	Chef des assaillans.
Escuiers des assaillans	v2merveilles17_img_ballard1654	name53	Escuiers des assaillans.
Academistes de Chiron	v2merveilles17_img_ballard1654	name54	Academistes de Chiron.
Courtisans de Pelée	v2merveilles17_img_ballard1654	name55	Courtisans de Pelée.
Dames de la Cour de Pelée	v2merveilles17_img_ballard1654	name56	Dames de la Cour de Pelée.
Eunuque.	v2merveilles17_img_ballard1654	name57	Eunuque. Conducteur des petites fille.
Petites filles de la Cour de Pelée	v2merveilles17_img_ballard1654	name58	Petites filles de la Cour de Pelée.
Prométhée	v2merveilles17_img_ballard1654	name59	Prométhée délivré.
Artes liberaulx	v2merveilles17_img_ballard1654	name60	
L'astrologie	v2merveilles17_img_ballard1654	name61	L'astrologie.
Arts seruiles	v2merveilles17_img_ballard1654	name62	Arts seruiles.
La guerre	v2merveilles17_img_ballard1654	name63	La guerre.
L'agriculture	v2merveilles17_img_ballard1654	name64	L'agriculture.
La Chasse	v2merveilles17_img_ballard1654	name65	La Chasse.
La Tapisserie	v2merveilles17_img_ballard1654	name66	La Tappisserie.
L'Orfeurerie	v2merveilles17_img_ballard1654	name67	L'Orfeurerie.
La Navigation	v2merveilles17_img_ballard1654	name68	La Navigation.
La Chirurgie	v2merveilles17_img_ballard1654	name69	La Chirurgie.
Intelligences	v2merveilles17_img_ballard1654	name70	Itelligences.
Mars	v2merveilles17_img_ballard1654	name71	Mars.
Venus	v2merveilles17_img_ballard1654	name72	Venus.
Pallas	v2merveilles17_img_ballard1654	name73	Pallas.
Baccus	v2merveilles17_img_ballard1654	name74	Baccus.
Ceres	v2merveilles17_img_ballard1654	name75	Ceres.
Diane	v2merveilles17_img_ballard1654	name76	Diane.
Saturne	v2merveilles17_img_ballard1654	name77	Saturne.
Pluton	v2merveilles17_img_ballard1654	name78	Pluton.
Cybelle	v2merveilles17_img_ballard1654	name79	Cybelle.
Amours	v2merveilles17_img_ballard1654	name80	Amours.
Hercules	v2merveilles17_img_ballard1654	name81	Hercules.
Hyménée	v2merveilles17_img_ballard1654	name82	Hyménée.
Junon Pronubi	v2merveilles17_img_ballard1654	name83	Junon Pronubi.
divinite	v2merveilles17_imp_IR-felibien1668	name2	Divinitez
Dieu Pan	v2merveilles17_imp_IR-felibien1668	name3	Dieu Pan
satyres	v2merveilles17_imp_IR-felibien1668	name4	Satyres
paix	v2merveilles17_imp_IR-felibien1668	name5	la Paix
victoire	v2merveilles17_imp_IR-felibien1668	name6	la Victoire
satyres	v2merveilles17_imp_IR-felibien1668	name7	Satyres
satyres	v2merveilles17_imp_IR-felibien1668	name8	Satyres
berger	v2merveilles17_imp_IR-felibien1668	name9	quatre Bergers
berger	v2merveilles17_imp_IR-felibien1668	name10	quatre Bergers
berger	v2merveilles17_imp_IR-felibien1668	name11	quatre Bergers
berger	v2merveilles17_imp_IR-felibien1668	name12	quatre Bergers
berger	v2merveilles17_imp_IR-felibien1668	name13	quatre autres Bergers
berger	v2merveilles17_imp_IR-felibien1668	name14	quatre autres Bergers
berger	v2merveilles17_imp_IR-felibien1668	name15	quatre autres Bergers
berger	v2merveilles17_imp_IR-felibien1668	name16	quatre autres Bergers
paysan	v2merveilles17_imp_IR-felibien1668	name17	un riche Païsan
climene	v2merveilles17_imp_IR-felibien1668	name18	Climene
cloris	v2merveilles17_imp_IR-felibien1668	name19	Cloris
climene	v2merveilles17_imp_IR-felibien1668	name20	deux Bergeres
cloris	v2merveilles17_imp_IR-felibien1668	name21	deux Bergeres
tircis	v2merveilles17_imp_IR-felibien1668	name22	Tircis
philene	v2merveilles17_imp_IR-felibien1668	name23	Philene
tircis	v2merveilles17_imp_IR-felibien1668	name24	Amans
philene	v2merveilles17_imp_IR-felibien1668	name25	Amans
climene	v2merveilles17_imp_IR-felibien1668	name26	deux Bergeres
cloris	v2merveilles17_imp_IR-felibien1668	name27	deux Bergeres
cloris	v2merveilles17_imp_IR-felibien1668	name28	Cloris.
climene	v2merveilles17_imp_IR-felibien1668	name29	Climene.
tircis	v2merveilles17_imp_IR-felibien1668	name30	Tircis
philene	v2merveilles17_imp_IR-felibien1668	name31	Philene.
climene	v2merveilles17_imp_IR-felibien1668	name32	Climene
cloris	v2merveilles17_imp_IR-felibien1668	name33	Cloris.
tircis	v2merveilles17_imp_IR-felibien1668	name34	Les deux Bergers.
philene	v2merveilles17_imp_IR-felibien1668	name35	Les deux Bergers.
tircis	v2merveilles17_imp_IR-felibien1668	name36	Les deux Bergeres.
philene	v2merveilles17_imp_IR-felibien1668	name37	Les deux Bergeres.
philene	v2merveilles17_imp_IR-felibien1668	name38	Philene.
cloris	v2merveilles17_imp_IR-felibien1668	name39	Cloris.
tircis	v2merveilles17_imp_IR-felibien1668	name40	Tircis.
climene	v2merveilles17_imp_IR-felibien1668	name41	Climene.
philene	v2merveilles17_imp_IR-felibien1668	name42	Philene.
cloris	v2merveilles17_imp_IR-felibien1668	name43	Cloris.
tircis	v2merveilles17_imp_IR-felibien1668	name44	Les deux Bergers.
philene	v2merveilles17_imp_IR-felibien1668	name45	Les deux Bergers.
tircis	v2merveilles17_imp_IR-felibien1668	name46	Les deux Bergeres.
philene	v2merveilles17_imp_IR-felibien1668	name47	Les deux Bergeres.
tircis	v2merveilles17_imp_IR-felibien1668	name48	Les deux Bergers.
philene	v2merveilles17_imp_IR-felibien1668	name49	Les deux Bergers.
climene	v2merveilles17_imp_IR-felibien1668	name50	Les deux Bergeres
cloris	v2merveilles17_imp_IR-felibien1668	name51	Les deux Bergeres
philene	v2merveilles17_imp_IR-felibien1668	name52	Philene.
tircis	v2merveilles17_imp_IR-felibien1668	name53	Tircis.
philene	v2merveilles17_imp_IR-felibien1668	name54	Philene
climene	v2merveilles17_imp_IR-felibien1668	name55	Climene
tircis	v2merveilles17_imp_IR-felibien1668	name56	Tircis
cloris	v2merveilles17_imp_IR-felibien1668	name57	Cloris
climene	v2merveilles17_imp_IR-felibien1668	name58	Climene
cloris	v2merveilles17_imp_IR-felibien1668	name59	Cloris.
cloris	v2merveilles17_imp_IR-felibien1668	name60	Cloris
climene	v2merveilles17_imp_IR-felibien1668	name61	Climene
climene	v2merveilles17_imp_IR-felibien1668	name62	Climene
cloris	v2merveilles17_imp_IR-felibien1668	name63	Cloris.
climene	v2merveilles17_imp_IR-felibien1668	name64	Climene
philene	v2merveilles17_imp_IR-felibien1668	name65	Philene.
cloris	v2merveilles17_imp_IR-felibien1668	name66	Cloris
tircis	v2merveilles17_imp_IR-felibien1668	name67	Tircis
climene	v2merveilles17_imp_IR-felibien1668	name68	Climene
cloris	v2merveilles17_imp_IR-felibien1668	name69	Cloris.
tircis	v2merveilles17_imp_IR-felibien1668	name70	Tircis.
philene	v2merveilles17_imp_IR-felibien1668	name71	Philene.
tircis	v2merveilles17_imp_IR-felibien1668	name72	Tircis
philene	v2merveilles17_imp_IR-felibien1668	name73	Philene.
tircis	v2merveilles17_imp_IR-felibien1668	name74	Bergers
philene	v2merveilles17_imp_IR-felibien1668	name75	Bergers
paysan	v2merveilles17_imp_IR-felibien1668	name76	un riche Païsan
paysan_femme	v2merveilles17_imp_IR-felibien1668	name77	la fille d’un Gentilhomme
paysan_femme	v2merveilles17_imp_IR-felibien1668	name78	sa femme
paysan_beau_pere	v2merveilles17_imp_IR-felibien1668	name79	son beau-pere
paysan_belle_mere	v2merveilles17_imp_IR-felibien1668	name80	sa belle-mere
paysan	v2merveilles17_imp_IR-felibien1668	name81	gendre
paysan	v2merveilles17_imp_IR-felibien1668	name82	Paysan
bergere	v2merveilles17_imp_IR-felibien1668	name83	Bergere
tircis	v2merveilles17_imp_IR-felibien1668	name84	deux Bergers
philene	v2merveilles17_imp_IR-felibien1668	name85	deux Bergers
cloris	v2merveilles17_imp_IR-felibien1668	name86	Cloris.
tircis	v2merveilles17_imp_IR-felibien1668	name87	Amant
paysan	v2merveilles17_imp_IR-felibien1668	name88	Païsan
bergere	v2merveilles17_imp_IR-felibien1668	name89	Bergere
tircis	v2merveilles17_imp_IR-felibien1668	name90	Tircis
philene	v2merveilles17_imp_IR-felibien1668	name91	Philene
battelier	v2merveilles17_imp_IR-felibien1668	name92	Batteliers
battelier	v2merveilles17_imp_IR-felibien1668	name93	Batteliers
battelier	v2merveilles17_imp_IR-felibien1668	name94	Batteliers
battelier	v2merveilles17_imp_IR-felibien1668	name95	Batteliers
battelier	v2merveilles17_imp_IR-felibien1668	name96	Batteliers
battelier	v2merveilles17_imp_IR-felibien1668	name97	Batteliers
paysan	v2merveilles17_imp_IR-felibien1668	name98	Le Païsan
battelier	v2merveilles17_imp_IR-felibien1668	name99	Batteliers
battelier	v2merveilles17_imp_IR-felibien1668	name100	Batteliers
battelier	v2merveilles17_imp_IR-felibien1668	name101	Batteliers
battelier	v2merveilles17_imp_IR-felibien1668	name102	Batteliers
battelier	v2merveilles17_imp_IR-felibien1668	name103	Batteliers
battelier	v2merveilles17_imp_IR-felibien1668	name104	Batteliers
paysan	v2merveilles17_imp_IR-felibien1668	name105	le Païsan
paysan_femme	v2merveilles17_imp_IR-felibien1668	name106	femme
berger	v2merveilles17_imp_IR-felibien1668	name107	Bergers
berger	v2merveilles17_imp_IR-felibien1668	name108	Bergers
cloris	v2merveilles17_imp_IR-felibien1668	name109	Cloris
cloris	v2merveilles17_imp_IR-felibien1668	name110	Cloris.
berger	v2merveilles17_imp_IR-felibien1668	name111	Bergers
bergere	v2merveilles17_imp_IR-felibien1668	name112	Bergeres
climene	v2merveilles17_imp_IR-felibien1668	name113	Climene
cloris	v2merveilles17_imp_IR-felibien1668	name114	Cloris.
tircis	v2merveilles17_imp_IR-felibien1668	name115	Tircis.
philene	v2merveilles17_imp_IR-felibien1668	name116	Philene.
bacchus	v2merveilles17_imp_IR-felibien1668	name117	Bachus
satyres	v2merveilles17_imp_IR-felibien1668	name118	Satyres
satyres	v2merveilles17_imp_IR-felibien1668	name119	l’un d’eux
cloris	v2merveilles17_imp_IR-felibien1668	name120	Cloris.
suivant_bacchus	v2merveilles17_imp_IR-felibien1668	name121	Un suivant de Bachus.
berger	v2merveilles17_imp_IR-felibien1668	name122	Un Berger
berger	v2merveilles17_imp_IR-felibien1668	name123	Bergers
bergere	v2merveilles17_imp_IR-felibien1668	name124	Bergeres
suivant_bacchus	v2merveilles17_imp_IR-felibien1668	name125	suivans de Bachus
bacchantes	v2merveilles17_imp_IR-felibien1668	name126	Bacchantes
bacchantes	v2merveilles17_imp_IR-felibien1668	name127	Bacchantes
bacchantes	v2merveilles17_imp_IR-felibien1668	name128	Bacchantes
bacchantes	v2merveilles17_imp_IR-felibien1668	name129	Bacchantes
suivant_bacchus	v2merveilles17_imp_IR-felibien1668	name130	suivans
bacchantes	v2merveilles17_imp_IR-felibien1668	name131	Bacchantes
berger	v2merveilles17_imp_IR-felibien1668	name132	Bergers
bergere	v2merveilles17_imp_IR-felibien1668	name133	Bergeres
faunes	v2merveilles17_imp_IR-felibien1668	name134	Faunes
pegase	v2merveilles17_imp_IR-felibien1668	name135	le cheval Pegaze
pegase	v2merveilles17_imp_IR-felibien1668	name136	cheval Pegase
apollon	v2merveilles17_imp_IR-felibien1668	name137	d’Apollon
muses	v2merveilles17_imp_IR-felibien1668	name138	les neuf Muses
divinite	v2merveilles17_imp_IR-felibien1668	name139	les Divinitez
satyres	v2merveilles17_imp_IR-felibien1668	name140	Satyres
arion	v2merveilles17_imp_IR-felibien1668	name141	Arion
tritons	v2merveilles17_imp_IR-felibien1668	name142	Tritons
orphee	v2merveilles17_imp_IR-felibien1668	name143	Orphée
nymphe	v2merveilles17_imp_IR-felibien1668	name144	Nymphes
flore	v2merveilles17_imp_IR-felibien1668	name145	Flore
pomone	v2merveilles17_imp_IR-felibien1668	name146	Pomone
satyres	v2merveilles17_imp_IR-felibien1668	name147	Satyres
tritons	v2merveilles17_imp_IR-felibien1668	name148	Tritons
tritons	v2merveilles17_imp_IR-felibien1668	name149	Tritons
janus	v2merveilles17_imp_IR-felibien1668	name150	Janus
apollon	v2merveilles17_imp_IR-felibien1668	name151	Apollon
apollon	v2merveilles17_imp_ballard1654	name3	Apollon
muses	v2merveilles17_imp_ballard1654	name4	neufs Muses
muses	v2merveilles17_imp_ballard1654	name5	Muses
erato	v2merveilles17_imp_ballard1654	name6	Erato
clio	v2merveilles17_imp_ballard1654	name7	Clio
euterpe	v2merveilles17_imp_ballard1654	name8	Euterpe
thalie	v2merveilles17_imp_ballard1654	name9	Thalie
uranie	v2merveilles17_imp_ballard1654	name10	Uranie
terpsycore	v2merveilles17_imp_ballard1654	name11	Terpsycore
calliope	v2merveilles17_imp_ballard1654	name12	Calliope
melpomene	v2merveilles17_imp_ballard1654	name13	Melpomene
polymnie	v2merveilles17_imp_ballard1654	name14	Polymnie
epidan	v2merveilles17_imp_ballard1654	name15	L’Epidan
onochone	v2merveilles17_imp_ballard1654	name16	l’Onochone
nereides	v2merveilles17_imp_ballard1654	name17	Nereïdes
apollon	v2merveilles17_imp_ballard1654	name18	d’Apollon
apollon	v2merveilles17_imp_ballard1654	name19	Apollon
muses	v2merveilles17_imp_ballard1654	name20	neuf Muses
nereides	v2merveilles17_imp_ballard1654	name21	Nereïdes
muses	v2merveilles17_imp_ballard1654	name22	Muses
pelee	v2merveilles17_imp_ballard1654	name23	Pelée
thetis	v2merveilles17_imp_ballard1654	name24	Thetis
chiron	v2merveilles17_imp_ballard1654	name25	Centaure Chiron
thetis	v2merveilles17_imp_ballard1654	name26	Maistresse
chiron	v2merveilles17_imp_ballard1654	name27	Centaure
magicien	v2merveilles17_imp_ballard1654	name28	Magiciens
sorciere	v2merveilles17_imp_ballard1654	name29	Sorcieres
	v2merveilles17_imp_ballard1654	name30	Magiciens
sorcieres	v2merveilles17_imp_ballard1654	name31	Sorcieres
pelee	v2merveilles17_imp_ballard1654	name32	Pelée
pelee	v2merveilles17_imp_ballard1654	name33	Pelée
thetis	v2merveilles17_imp_ballard1654	name34	Thetis
thetis	v2merveilles17_imp_ballard1654	name35	Nymphe
pecheur	v2merveilles17_imp_ballard1654	name36	Pescheurs de Corail
divinite	v2merveilles17_imp_ballard1654	name37	Demy-dieu Marin
cheval_marin	v2merveilles17_imp_ballard1654	name38	Chevaux Marins
neptune	v2merveilles17_imp_ballard1654	name39	Neptune
tritons	v2merveilles17_imp_ballard1654	name40	Tritons
sirenes	v2merveilles17_imp_ballard1654	name41	Sireines
sirenes	v2merveilles17_imp_ballard1654	name42	Sireines
tritons	v2merveilles17_imp_ballard1654	name43	Tritions
neptune	v2merveilles17_imp_ballard1654	name44	Neptune
thetis	v2merveilles17_imp_ballard1654	name45	Thetis
thetis	v2merveilles17_imp_ballard1654	name46	Thetis
divinite	v2merveilles17_imp_ballard1654	name47	Demy-Dieu Marin
pecheur	v2merveilles17_imp_ballard1654	name48	Pescheurs de Corail
jupiter	v2merveilles17_imp_ballard1654	name49	Jupiter
thetis	v2merveilles17_imp_ballard1654	name50	Thetis
jupiter	v2merveilles17_imp_ballard1654	name51	Jupiter
thetis	v2merveilles17_imp_ballard1654	name52	Nymphe
junon	v2merveilles17_imp_ballard1654	name53	Junon
jupiter	v2merveilles17_imp_ballard1654	name54	Jupiter
junon	v2merveilles17_imp_ballard1654	name55	Deesse
furie	v2merveilles17_imp_ballard1654	name56	Furies de la Jalousie
furie	v2merveilles17_imp_ballard1654	name57	Sœurs
furie	v2merveilles17_imp_ballard1654	name58	Furies
promethee	v2merveilles17_imp_ballard1654	name59	Promethée
pelee	v2merveilles17_imp_ballard1654	name60	Pelée
magicien	v2merveilles17_imp_ballard1654	name61	Magiciens
promethee	v2merveilles17_imp_ballard1654	name62	Promethée
sauvage	v2merveilles17_imp_ballard1654	name63	Sauvages
sauvage	v2merveilles17_imp_ballard1654	name64	Sauvages
jupiter	v2merveilles17_imp_ballard1654	name65	Jupiter
junon	v2merveilles17_imp_ballard1654	name66	Junon
thetis	v2merveilles17_imp_ballard1654	name67	Thetis
jupiter	v2merveilles17_imp_ballard1654	name68	Dieu
mercure	v2merveilles17_imp_ballard1654	name69	Mercure
mercure	v2merveilles17_imp_ballard1654	name70	Mercure
oracle	v2merveilles17_imp_ballard1654	name71	Oracle
thetis	v2merveilles17_imp_ballard1654	name72	Thetis
jupiter	v2merveilles17_imp_ballard1654	name73	Dieu
mercure	v2merveilles17_imp_ballard1654	name74	Mercure
mercure	v2merveilles17_imp_ballard1654	name75	Messager
dryade	v2merveilles17_imp_ballard1654	name76	Dryades
jupiter	v2merveilles17_imp_ballard1654	name77	Jupiter
nymphe	v2merveilles17_imp_ballard1654	name78	Nymphes
furie	v2merveilles17_imp_ballard1654	name79	Furies
dryade	v2merveilles17_imp_ballard1654	name80	Dryades
dryade	v2merveilles17_imp_ballard1654	name81	Dryades
mars	v2merveilles17_imp_ballard1654	name82	Mars
sacrificateur	v2merveilles17_imp_ballard1654	name83	Sacrificateurs
mars	v2merveilles17_imp_ballard1654	name84	Dieu de la guerre
pelee	v2merveilles17_imp_ballard1654	name85	Pelée
chevalier	v2merveilles17_imp_ballard1654	name86	Chevaliers
sacrificateur	v2merveilles17_imp_ballard1654	name87	Sacrificateurs
???	v2merveilles17_imp_ballard1654	name88	Herault
	v2merveilles17_imp_ballard1654	name89	Renommée
escuyer	v2merveilles17_imp_ballard1654	name90	Escuyers
oracle	v2merveilles17_imp_ballard1654	name91	l’Oracle
pelee	v2merveilles17_imp_ballard1654	name92	Pelée
thetis	v2merveilles17_imp_ballard1654	name93	Thetis
pelee	v2merveilles17_imp_ballard1654	name94	Pelée
chiron	v2merveilles17_imp_ballard1654	name95	Centaure Chiron
thetis	v2merveilles17_imp_ballard1654	name96	Thetis
pelee	v2merveilles17_imp_ballard1654	name97	Pelée
thetis	v2merveilles17_imp_ballard1654	name98	Nymphe
thetis	v2merveilles17_imp_ballard1654	name99	Thetis
pelee	v2merveilles17_imp_ballard1654	name100	Pelée
eunuque	v2merveilles17_imp_ballard1654	name101	Eunuque
thetis	v2merveilles17_imp_ballard1654	name102	Thetis
pelee	v2merveilles17_imp_ballard1654	name103	Prince
eunuque	v2merveilles17_imp_ballard1654	name104	L’Eunuque
rpomethee	v2merveilles17_imp_ballard1654	name105	Promethée
thetis	v2merveilles17_imp_ballard1654	name106	Amans
pelee	v2merveilles17_imp_ballard1654	name107	Amans
divinite	v2merveilles17_imp_ballard1654	name108	Deïtez
pelee	v2merveilles17_imp_ballard1654	name109	Pelée
thetis	v2merveilles17_imp_ballard1654	name110	Thetis
guerre	v2merveilles17_imp_ballard1654	name111	Guerre
agriculture	v2merveilles17_imp_ballard1654	name112	Agriculture
hercule	v2merveilles17_imp_ballard1654	name113	d’Hercule
chasse	v2merveilles17_imp_ballard1654	name114	Chasse
tapisserie	v2merveilles17_imp_ballard1654	name115	Tapisserie
orfevrerie	v2merveilles17_imp_ballard1654	name116	Orfevrerie
navigation	v2merveilles17_imp_ballard1654	name117	Navigation
chirurgie	v2merveilles17_imp_ballard1654	name118	Chirurgie
chasse	v2merveilles17_imp_ballard1654	name119	Chasse
tapisserie	v2merveilles17_imp_ballard1654	name120	Tapisseries
orfevrerie	v2merveilles17_imp_ballard1654	name121	Orfevrerie
navigation	v2merveilles17_imp_ballard1654	name122	La Navigation
chirurgie	v2merveilles17_imp_ballard1654	name123	Chirurgie
hercule	v2merveilles17_imp_ballard1654	name124	Hercules
geometrie	v2merveilles17_imp_ballard1654	name125	Geometrie
musique	v2merveilles17_imp_ballard1654	name126	Musique
dialectique	v2merveilles17_imp_ballard1654	name127	Dialectique
astrologie	v2merveilles17_imp_ballard1654	name128	Astrologie
grammaire	v2merveilles17_imp_ballard1654	name129	Grammaire
rhetorique	v2merveilles17_imp_ballard1654	name130	Rhetorique
arithetique	v2merveilles17_imp_ballard1654	name131	Arithetique
junon	v2merveilles17_imp_ballard1654	name132	Junon
hymenee	v2merveilles17_imp_ballard1654	name133	Hymenée
amour	v2merveilles17_imp_ballard1654	name134	Amours
mars	v2merveilles17_imp_ballard1654	name135	Mars
saturne	v2merveilles17_imp_ballard1654	name136	Saturne
venus	v2merveilles17_imp_ballard1654	name137	Venus
bacchus	v2merveilles17_imp_ballard1654	name138	Bacchus
pallas	v2merveilles17_imp_ballard1654	name139	Pallas
diane	v2merveilles17_imp_ballard1654	name140	Diane
ceres	v2merveilles17_imp_ballard1654	name141	Ceres
cibelle	v2merveilles17_imp_ballard1654	name142	Cibelle
pluton	v2merveilles17_imp_ballard1654	name143	Pluton
neptune	v2merveilles17_imp_ballard1654	name144	Neptune
divinite	v2merveilles17_imp_ballard1654	name145	Deïtez
thetis	v2merveilles17_imp_ballard1654	name146	Amans
pelee	v2merveilles17_imp_ballard1654	name147	Amans
junon	v2merveilles17_imp_ballard1654	name148	Junon
hymenee	v2merveilles17_imp_ballard1654	name149	Hymenée
hercule	v2merveilles17_imp_ballard1654	name150	Hercules
Gladiateur	v2merveilles17_imp_ballard1654	name151	Gladiator
Apollon	v2merveilles17_imp_ballard1654	name152	Apollo
	v2merveilles17_imp_ballard1654	name153	Nonfe
Dieu du tonnerre	v2merveilles17_imp_ballard1654	name154	Dio Tonante
Thetis	v2merveilles17_imp_ballard1654	name155	Theti
Driade	v2merveilles17_imp_ballard1654	name156	Driadi
Achille	v2merveilles17_imp_ballard1654	name157	Achille
Mars	v2merveilles17_imp_ballard1654	name158	Marte
maître d'amres	v2merveilles17_imp_ballard1654	name159	Maestro d’armi
Thetis	v2merveilles17_imp_ballard1654	name160	Tethi
Thetis	v2merveilles17_imp_ballard1654	name161	L’Amante ascolta
Sierene	v2merveilles17_imp_ballard1654	name162	Sirena
Muse	v2merveilles17_imp_ballard1654	name163	Ciglio le Muse
apollon	v2merveilles17_imp_gazette16680721	name3	Apollon
muse	v2merveilles17_imp_gazette16680721	name4	les Muses
alceste	v2merveilles17_imp_gazette16740706	name3	Tragedie d’Alceste
alcide	v2merveilles17_imp_gazette16740706	name4	Triomphe d’Alcide
monsieur	v2merveilles17_imp_marigny1664	name3	GENTIL-HOMME
copiste	v2merveilles17_imp_marigny1664	name4	Copiste
dieu	v2merveilles17_imp_marigny1664	name5	Dieu
archimede	v2merveilles17_imp_marigny1664	name6	Archimede
jupiter	v2merveilles17_imp_marigny1664	name7	Juppiter
alcine	v2merveilles17_imp_marigny1664	name8	Al
alcine	v2merveilles17_imp_marigny1664	name9	cine
paladin	v2merveilles17_imp_marigny1664	name10	les Paladins
monsieur	v2merveilles17_imp_marigny1664	name11	Monsieur
page	v2merveilles17_imp_marigny1664	name12	Page
roger	v2merveilles17_imp_marigny1664	name13	Paladin Roger
marechal_camp	v2merveilles17_imp_marigny1664	name14	Mareschal de Camp
juge_courses	v2merveilles17_imp_marigny1664	name15	Juge des Courses
marechal_camp	v2merveilles17_imp_marigny1664	name16	Mareschal de Camp
roger	v2merveilles17_imp_marigny1664	name17	l’incomparable Roger
monsieur	v2merveilles17_imp_marigny1664	name18	Monsieur
	v2merveilles17_imp_marigny1664	name19	guerriers
mirthe	v2merveilles17_imp_marigny1664	name20	Mirthe
berger	v2merveilles17_imp_marigny1664	name21	Berger
romain	v2merveilles17_imp_marigny1664	name22	Romain
mars	v2merveilles17_imp_marigny1664	name23	Mars
roger	v2merveilles17_imp_marigny1664	name24	Roger
paladin	v2merveilles17_imp_marigny1664	name25	les Paladins
apollon	v2merveilles17_imp_marigny1664	name26	Apollon
apollon	v2merveilles17_imp_marigny1664	name27	A
apollon	v2merveilles17_imp_marigny1664	name28	pollon
alexandre	v2merveilles17_imp_marigny1664	name29	Alexandre
apollon	v2merveilles17_imp_marigny1664	name30	Apollon
siecle	v2merveilles17_imp_marigny1664	name31	quatre Siècles
barbon	v2merveilles17_imp_marigny1664	name32	deux Barbons
duenne	v2merveilles17_imp_marigny1664	name33	trois Duen’nes
temps	v2merveilles17_imp_marigny1664	name34	Temps
heure	v2merveilles17_imp_marigny1664	name35	douze Heures du jour
zodiaque	v2merveilles17_imp_marigny1664	name36	douze Signes du Zodiaque
page	v2merveilles17_imp_marigny1664	name37	Pages
chevalier	v2merveilles17_imp_marigny1664	name38	Chevaliers
paladin	v2merveilles17_imp_marigny1664	name39	Paladins
apollon	v2merveilles17_imp_marigny1664	name40	Apollon
apollon	v2merveilles17_imp_marigny1664	name41	Apollon
siecle	v2merveilles17_imp_marigny1664	name42	quatre Siecles
apollon	v2merveilles17_imp_marigny1664	name43	Apollon
chevalier	v2merveilles17_imp_marigny1664	name44	Chevaliers
roger	v2merveilles17_imp_marigny1664	name45	Paladin Roger
ciel	v2merveilles17_imp_marigny1664	name46	Ciel
chevalier	v2merveilles17_imp_marigny1664	name47	Chevaliers
orphee	v2merveilles17_imp_marigny1664	name48	Orphée
printemps	v2merveilles17_imp_marigny1664	name49	quatre Saisons
ete	v2merveilles17_imp_marigny1664	name50	quatre Saisons
automne	v2merveilles17_imp_marigny1664	name51	quatre Saisons
hiver	v2merveilles17_imp_marigny1664	name52	quatre Saisons
printemps	v2merveilles17_imp_marigny1664	name53	Printemps
ete	v2merveilles17_imp_marigny1664	name54	Esté
automne	v2merveilles17_imp_marigny1664	name55	Automne
hiver	v2merveilles17_imp_marigny1664	name56	Hyver
printemps	v2merveilles17_imp_marigny1664	name57	Saisons
ete	v2merveilles17_imp_marigny1664	name58	Saisons
automne	v2merveilles17_imp_marigny1664	name59	Saisons
hiver	v2merveilles17_imp_marigny1664	name60	Saisons
jardinier	v2merveilles17_imp_marigny1664	name61	douze Jardiniers
moissonneur	v2merveilles17_imp_marigny1664	name62	douze Moissonneurs
vendangeur	v2merveilles17_imp_marigny1664	name63	douze Vendangeurs
vieillard	v2merveilles17_imp_marigny1664	name64	douze Vieillards 
pan	v2merveilles17_imp_marigny1664	name65	Pan
diane	v2merveilles17_imp_marigny1664	name66	Diane
troupe_faune	v2merveilles17_imp_marigny1664	name67	trouppe de Faunes
pan	v2merveilles17_imp_marigny1664	name68	Pan
diane	v2merveilles17_imp_marigny1664	name69	Diane 
page	v2merveilles17_imp_marigny1664	name70	Pages
troupe_faune	v2merveilles17_imp_marigny1664	name71	Trouppe
printemps	v2merveilles17_imp_marigny1664	name72	les quatre Saisons
ete	v2merveilles17_imp_marigny1664	name73	les quatre Saisons
automne	v2merveilles17_imp_marigny1664	name74	les quatre Saisons
hiver	v2merveilles17_imp_marigny1664	name75	les quatre Saisons
pan	v2merveilles17_imp_marigny1664	name76	Pan
diane	v2merveilles17_imp_marigny1664	name77	Dianne
heure	v2merveilles17_imp_marigny1664	name78	Heures
apollon	v2merveilles17_imp_marigny1664	name79	Apol
apollon	v2merveilles17_imp_marigny1664	name80	lon
zodiaque	v2merveilles17_imp_marigny1664	name81	douze Signes du Zodiaque
dieu	v2merveilles17_imp_marigny1664	name82	Dieux
alcine	v2merveilles17_imp_marigny1664	name83	Alcine
chevalier	v2merveilles17_imp_marigny1664	name84	Chevaliers
alcine	v2merveilles17_imp_marigny1664	name85	l’Enchanteresse Alcine
prince	v2merveilles17_imp_marigny1664	name86	jeune Prince amoureux
princesse	v2merveilles17_imp_marigny1664	name87	Princesse fort dedaigneuse
angelie	v2merveilles17_imp_marigny1664	name88	Angelie
amant	v2merveilles17_imp_marigny1664	name89	les Amants
troupe_faune	v2merveilles17_imp_marigny1664	name90	seize Faunes
berger	v2merveilles17_imp_marigny1664	name91	deux Bergers
bergere	v2merveilles17_imp_marigny1664	name92	deux Bergeres Heroïques
troupe_faune	v2merveilles17_imp_marigny1664	name93	Faunes
alcine	v2merveilles17_imp_marigny1664	name94	Alcine
berger	v2merveilles17_imp_marigny1664	name95	quatre autres Bergers
bergere	v2merveilles17_imp_marigny1664	name96	quatre Bergeres
sylvandre	v2merveilles17_imp_marigny1664	name97	Sylvandres
astree	v2merveilles17_imp_marigny1664	name98	Astrées
dianes	v2merveilles17_imp_marigny1664	name99	Dianes
berger	v2merveilles17_imp_marigny1664	name100	Bergers
bergere	v2merveilles17_imp_marigny1664	name101	Bergeres
satyre	v2merveilles17_imp_marigny1664	name102	Satyres
alcine	v2merveilles17_imp_marigny1664	name103	Diablesse Alcine
anaxarete	v2merveilles17_imp_marigny1664	name104	Anaxarete
aminte	v2merveilles17_imp_marigny1664	name105	Aminte
pitie	v2merveilles17_imp_marigny1664	name106	pitié
monsieur	v2merveilles17_imp_marigny1664	name107	Monsieur
alcine	v2merveilles17_imp_marigny1664	name108	Alcine
alcine	v2merveilles17_imp_marigny1664	name109	Magicien
alcine	v2merveilles17_imp_marigny1664	name110	ne
alcine	v2merveilles17_imp_marigny1664	name111	Alcine
alcine	v2merveilles17_imp_marigny1664	name112	Alcine
compagne_alcine	v2merveilles17_imp_marigny1664	name113	les deux Compagnes de cette Magicienne
compagne_alcine	v2merveilles17_imp_marigny1664	name114	les deux Compagnes de cette Magicienne
biscayin	v2merveilles17_imp_marigny1664	name115	Biscayins
alcine	v2merveilles17_imp_marigny1664	name116	Alcine
compagne_alcine	v2merveilles17_imp_marigny1664	name117	ses Compagnes
compagne_alcine	v2merveilles17_imp_marigny1664	name118	ses Compagnes
alcine	v2merveilles17_imp_marigny1664	name119	Alcine
geant	v2merveilles17_imp_marigny1664	name120	geants
melisse	v2merveilles17_imp_marigny1664	name121	sage Melisse
roger	v2merveilles17_imp_marigny1664	name122	brave Roger
chevalier	v2merveilles17_imp_marigny1664	name123	Chevaliers
alcine	v2merveilles17_imp_marigny1664	name124	Alcine
alcine	v2merveilles17_imp_marigny1664	name125	Alcine
monsieur	v2merveilles17_imp_marigny1664	name126	Monsieur
alcine	v2merveilles17_imp_marigny1664	name127	Alcine
chevalier	v2merveilles17_imp_marigny1664	name128	Chevaliers
dieu	v2merveilles17_imp_marigny1664	name129	Dieu de Seyne
	v2merveilles17_imp_marigny1664	name130	Dieu
monsieur	v2merveilles17_imp_marigny1664	name131	Monsieur
marmouset	v2merveilles17_imp_marigny1664	name132	marmousets
dieu	v2merveilles17_imp_moliere1668	name3	ces fameux demy-dieux
dieu	v2merveilles17_imp_moliere1668	name4	Dieux
paysan	v2merveilles17_imp_moliere1668	name5	un Paysan
fille_gentilhomme	v2merveilles17_imp_moliere1668	name6	la fille d’un Gentilhomme
musicien	v2merveilles17_imp_moliere1668	name7	Musicien
berger	v2merveilles17_imp_moliere1668	name8	quatre illustres Bergers
berger	v2merveilles17_imp_moliere1668	name9	quatre autres Bergers
paysan	v2merveilles17_imp_moliere1668	name10	Paysan Marié
climene	v2merveilles17_imp_moliere1668	name11	Climene
cloris	v2merveilles17_imp_moliere1668	name12	Cloris
bergere	v2merveilles17_imp_moliere1668	name13	Bergeres
climene	v2merveilles17_imp_moliere1668	name14	Bergeres
cloris	v2merveilles17_imp_moliere1668	name15	Bergeres
	v2merveilles17_imp_moliere1668	name16	Annette
amour	v2merveilles17_imp_moliere1668	name17	Amour
lisette	v2merveilles17_imp_moliere1668	name18	Lisette
annette	v2merveilles17_imp_moliere1668	name19	Annette
amour	v2merveilles17_imp_moliere1668	name20	Amour
tircis	v2merveilles17_imp_moliere1668	name21	Tircis
philene	v2merveilles17_imp_moliere1668	name22	Philene
bergere	v2merveilles17_imp_moliere1668	name23	Bergeres
cloris	v2merveilles17_imp_moliere1668	name24	Cloris
philene	v2merveilles17_imp_moliere1668	name25	Philene
climene	v2merveilles17_imp_moliere1668	name26	Climene
tircis	v2merveilles17_imp_moliere1668	name27	Tircis
tircis	v2merveilles17_imp_moliere1668	name28	Tircis
philene	v2merveilles17_imp_moliere1668	name29	Philene
climene	v2merveilles17_imp_moliere1668	name30	Climene
cloris	v2merveilles17_imp_moliere1668	name31	Cloris
tircis	v2merveilles17_imp_moliere1668	name32	Les deux Bergers
philene	v2merveilles17_imp_moliere1668	name33	Les deux Bergers
climene	v2merveilles17_imp_moliere1668	name34	Les deux Bergeres
cloris	v2merveilles17_imp_moliere1668	name35	Les deux Bergeres
philene	v2merveilles17_imp_moliere1668	name36	Philene
	v2merveilles17_imp_moliere1668	name37	Cloris
tircis	v2merveilles17_imp_moliere1668	name38	Tircis
	v2merveilles17_imp_moliere1668	name39	Le Ciel
climene	v2merveilles17_imp_moliere1668	name40	Climene
ciel	v2merveilles17_imp_moliere1668	name41	Ciel
philene	v2merveilles17_imp_moliere1668	name42	Philene
cloris	v2merveilles17_imp_moliere1668	name43	Cloris
berger	v2merveilles17_imp_moliere1668	name44	Les deux Bergers
tircis	v2merveilles17_imp_moliere1668	name45	Les deux Bergers
philene	v2merveilles17_imp_moliere1668	name46	Les deux Bergers
bergere	v2merveilles17_imp_moliere1668	name47	Les deux bergeres
climene	v2merveilles17_imp_moliere1668	name48	Les deux bergeres
cloris	v2merveilles17_imp_moliere1668	name49	Les deux bergeres
berger	v2merveilles17_imp_moliere1668	name50	Les deux Bergers
tircis	v2merveilles17_imp_moliere1668	name51	Les deux Bergers
philene	v2merveilles17_imp_moliere1668	name52	Les deux Bergers
bergere	v2merveilles17_imp_moliere1668	name53	Les deux Bergeres
climene	v2merveilles17_imp_moliere1668	name54	Les deux Bergeres
cloris	v2merveilles17_imp_moliere1668	name55	Les deux Bergeres
berger	v2merveilles17_imp_moliere1668	name56	Berger
tircis	v2merveilles17_imp_moliere1668	name57	Berger
philene	v2merveilles17_imp_moliere1668	name58	Berger
philene	v2merveilles17_imp_moliere1668	name59	Philene
climene	v2merveilles17_imp_moliere1668	name60	Climene
tircis	v2merveilles17_imp_moliere1668	name61	Tircis
cloris	v2merveilles17_imp_moliere1668	name62	Cloris
philene	v2merveilles17_imp_moliere1668	name63	Philene
tircis	v2merveilles17_imp_moliere1668	name64	Tircis
climene	v2merveilles17_imp_moliere1668	name65	Climene
cloris	v2merveilles17_imp_moliere1668	name66	Cloris
philene	v2merveilles17_imp_moliere1668	name67	Philene
cloris	v2merveilles17_imp_moliere1668	name68	Cloris
climene	v2merveilles17_imp_moliere1668	name69	Climene
tircis	v2merveilles17_imp_moliere1668	name70	Tircis
climene	v2merveilles17_imp_moliere1668	name71	Climene
bergere	v2merveilles17_imp_moliere1668	name72	Bergere
cloris	v2merveilles17_imp_moliere1668	name73	Bergere
cloris	v2merveilles17_imp_moliere1668	name74	Cloris
climene	v2merveilles17_imp_moliere1668	name75	Climene
philene	v2merveilles17_imp_moliere1668	name76	Philene
berger	v2merveilles17_imp_moliere1668	name77	Berger
philene	v2merveilles17_imp_moliere1668	name78	Berger
cloris	v2merveilles17_imp_moliere1668	name79	Cloris
tircis	v2merveilles17_imp_moliere1668	name80	Tircis
berger	v2merveilles17_imp_moliere1668	name81	Berger
tircis	v2merveilles17_imp_moliere1668	name82	Berger
climene	v2merveilles17_imp_moliere1668	name83	Climene
cloris	v2merveilles17_imp_moliere1668	name84	Cloris
tircis	v2merveilles17_imp_moliere1668	name85	Tircis
philene	v2merveilles17_imp_moliere1668	name86	Philene
tircis	v2merveilles17_imp_moliere1668	name87	Tircis
philene	v2merveilles17_imp_moliere1668	name88	Philene
berger	v2merveilles17_imp_moliere1668	name89	Bergers
tircis	v2merveilles17_imp_moliere1668	name90	Bergers
philene	v2merveilles17_imp_moliere1668	name91	Bergers
paysan	v2merveilles17_imp_moliere1668	name92	LE Paysan marié
bergere	v2merveilles17_imp_moliere1668	name93	Bergere
berger	v2merveilles17_imp_moliere1668	name94	deux Bergers
tircis	v2merveilles17_imp_moliere1668	name95	deux Bergers
philene	v2merveilles17_imp_moliere1668	name96	deux Bergers
cloris	v2merveilles17_imp_moliere1668	name97	Cloris
philene	v2merveilles17_imp_moliere1668	name98	Amant
philene	v2merveilles17_imp_moliere1668	name99	Amant
philene	v2merveilles17_imp_moliere1668	name100	amant
paysan	v2merveilles17_imp_moliere1668	name101	Paysan marié
bergere	v2merveilles17_imp_moliere1668	name102	Bergere
cloris	v2merveilles17_imp_moliere1668	name103	Bergere
tircis	v2merveilles17_imp_moliere1668	name104	Tircis
philene	v2merveilles17_imp_moliere1668	name105	Philene
batelier	v2merveilles17_imp_moliere1668	name106	six Bateliers
batelier	v2merveilles17_imp_moliere1668	name107	six Bateliers
batelier	v2merveilles17_imp_moliere1668	name108	six Bateliers
batelier	v2merveilles17_imp_moliere1668	name109	six Bateliers
batelier	v2merveilles17_imp_moliere1668	name110	six Bateliers
batelier	v2merveilles17_imp_moliere1668	name111	six Bateliers
batelier	v2merveilles17_imp_moliere1668	name112	Bateliers
batelier	v2merveilles17_imp_moliere1668	name113	Bateliers
batelier	v2merveilles17_imp_moliere1668	name114	Bateliers
batelier	v2merveilles17_imp_moliere1668	name115	Bateliers
batelier	v2merveilles17_imp_moliere1668	name116	Bateliers
batelier	v2merveilles17_imp_moliere1668	name117	Bateliers
paysan	v2merveilles17_imp_moliere1668	name118	Paysan marié 
berger	v2merveilles17_imp_moliere1668	name119	la foule des Bergers amoureux
berger	v2merveilles17_imp_moliere1668	name120	anciens Bergers
amour	v2merveilles17_imp_moliere1668	name121	l’Amour
cloris	v2merveilles17_imp_moliere1668	name122	CLORIS
berger	v2merveilles17_imp_moliere1668	name123	Bergers
berger	v2merveilles17_imp_moliere1668	name124	Bergers
	v2merveilles17_imp_moliere1668	name125	Plusieurs Bergers
	v2merveilles17_imp_moliere1668	name126	Bergeres
berger	v2merveilles17_imp_moliere1668	name127	Bergers
bergere	v2merveilles17_imp_moliere1668	name128	Bergeres
climene	v2merveilles17_imp_moliere1668	name129	CLIMENE
silvie	v2merveilles17_imp_moliere1668	name130	belle Silvie
cloris	v2merveilles17_imp_moliere1668	name131	Cloris
	v2merveilles17_imp_moliere1668	name132	Amour
tircis	v2merveilles17_imp_moliere1668	name133	Tircis
philene	v2merveilles17_imp_moliere1668	name134	Philene
philene	v2merveilles17_imp_moliere1668	name135	Tous ensemble
tircis	v2merveilles17_imp_moliere1668	name136	Tous ensemble
cloris	v2merveilles17_imp_moliere1668	name137	Tous ensemble
climene	v2merveilles17_imp_moliere1668	name138	Tous ensemble
amour	v2merveilles17_imp_moliere1668	name139	Amour
dieu	v2merveilles17_imp_moliere1668	name140	le plus grand des Dieux
amour	v2merveilles17_imp_moliere1668	name141	le plus grand des Dieux
choeur_bacchus	v2merveilles17_imp_moliere1668	name142	la Troupe de Bachus
bacchus	v2merveilles17_imp_moliere1668	name143	Dieu
dieu	v2merveilles17_imp_moliere1668	name144	Dieu
amour	v2merveilles17_imp_moliere1668	name145	Amour
bacchus	v2merveilles17_imp_moliere1668	name146	Bachus
choeur_bacchus	v2merveilles17_imp_moliere1668	name147	Chœur de Bachus
bacchus	v2merveilles17_imp_moliere1668	name148	Bachus
bacchus	v2merveilles17_imp_moliere1668	name149	le plus grand des Dieux
dieu	v2merveilles17_imp_moliere1668	name150	le plus grand des Dieux
choeur_bacchus	v2merveilles17_imp_moliere1668	name151	party de Bachus
choeur_bacchus	v2merveilles17_imp_moliere1668	name152	Suivans de Bachus dançant
bachante	v2merveilles17_imp_moliere1668	name153	Bachantes
paysan	v2merveilles17_imp_moliere1668	name154	Paysan
danseur	v2merveilles17_imp_moliere1668	name155	dançeurs
danseur	v2merveilles17_imp_moliere1668	name156	dançeurs
chanteur	v2merveilles17_imp_moliere1668	name157	chantres
chanteur	v2merveilles17_imp_moliere1668	name158	chantres
cloris	v2merveilles17_imp_moliere1668	name159	Cloris
printemps	v2merveilles17_imp_moliere1668	name160	Printemps
amour	v2merveilles17_imp_moliere1668	name161	Amour
bacchus	v2merveilles17_imp_moliere1668	name162	Un suivant de Bachus
soleil	v2merveilles17_imp_moliere1668	name163	Soleil
ciel	v2merveilles17_imp_moliere1668	name164	Ciel
bacchus	v2merveilles17_imp_moliere1668	name165	Bachus
choeur_bacchus	v2merveilles17_imp_moliere1668	name166	Chœur de Bachus
	v2merveilles17_imp_moliere1668	name167	Bachus
choeur_amour	v2merveilles17_imp_moliere1668	name168	Chœur de l’Amour
	v2merveilles17_imp_moliere1668	name169	Amour
	v2merveilles17_imp_moliere1668	name170	Dieu
choeur_bacchus	v2merveilles17_imp_moliere1668	name171	Chœur de Bachus
	v2merveilles17_imp_moliere1668	name172	Bachus
choeur_amour	v2merveilles17_imp_moliere1668	name173	Chœur de l’Amour
	v2merveilles17_imp_moliere1668	name174	Amour
	v2merveilles17_imp_moliere1668	name175	les Dieux
choeur_bacchus	v2merveilles17_imp_moliere1668	name176	Chœur de Bachus
choeur_amour	v2merveilles17_imp_moliere1668	name177	Chœur de l’Amour
choeur_bacchus	v2merveilles17_imp_moliere1668	name178	Chœur de Bachus
	v2merveilles17_imp_moliere1668	name179	Amour
choeur_amour	v2merveilles17_imp_moliere1668	name180	Chœur de l’Amour
choeur_bacchus	v2merveilles17_imp_moliere1668	name181	Le party de Bachus
choeur_amour	v2merveilles17_imp_moliere1668	name182	Le party de l’Amour
choeur_bacchus	v2merveilles17_imp_moliere1668	name183	Le party de Bachus
choeur_amour	v2merveilles17_imp_moliere1668	name184	Le party de l’Amour
choeur_bacchus	v2merveilles17_imp_moliere1668	name185	Le party de Bachus
choeur_amour	v2merveilles17_imp_moliere1668	name186	Le party de l’Amour
choeur_bacchus	v2merveilles17_imp_moliere1668	name187	Le party de Bachus
choeur_amour	v2merveilles17_imp_moliere1668	name188	Les deux partis
choeur_bacchus	v2merveilles17_imp_moliere1668	name189	Les deux partis
	v2merveilles17_imp_moliere1668	name190	Le plus grand Dieu de tous
dieu	v2merveilles17_imp_moliere1668	name191	Dieu
choeur_amour	v2merveilles17_imp_moliere1668	name192	Le party de l’Amour
amour	v2merveilles17_imp_moliere1668	name193	Amour
choeur_bacchus	v2merveilles17_imp_moliere1668	name194	Le party de Bachus
bacchus	v2merveilles17_imp_moliere1668	name195	Bachus
berger	v2merveilles17_imp_moliere1668	name196	Un Berger
berger	v2merveilles17_imp_moliere1668	name197	Bergers
amour	v2merveilles17_imp_moliere1668	name198	Amour
bacchus	v2merveilles17_imp_moliere1668	name199	Bachus
dieu	v2merveilles17_imp_moliere1668	name200	deux Deïtez
amour	v2merveilles17_imp_moliere1668	name201	deux Deïtez
bacchus	v2merveilles17_imp_moliere1668	name202	deux Deïtez
choeur_bacchus	v2merveilles17_imp_moliere1668	name203	Les deux Chœurs ensemble
choeur_amour	v2merveilles17_imp_moliere1668	name204	Les deux Chœurs ensemble
bacchus	v2merveilles17_imp_moliere1668	name205	Bachus
amour	v2merveilles17_imp_moliere1668	name206	Amour
danseur	v2merveilles17_imp_moliere1668	name207	dançeurs
berger	v2merveilles17_imp_moliere1668	name208	Bergers
bergere	v2merveilles17_imp_moliere1668	name209	Bergeres
bergers	v2merveilles17_imp_moliere1668	name210	BERGERS
choeur_amour	v2merveilles17_imp_moliere1668	name211	Chœurs d’Amour
satyre	v2merveilles17_imp_moliere1668	name212	SATYRES
choeur_bacchus	v2merveilles17_imp_moliere1668	name213	Chœurs de Bachus
Divinité champestre	v2merveilles17_imp_montigny1668	name3	Divinité champeste
Fées	v2merveilles17_imp_montigny1668	name4	Fées
Drüides	v2merveilles17_imp_montigny1668	name5	Drüides
La Troupe de Moliere	v2merveilles17_imp_montigny1668	name6	La Trouppe de Moliere
Braccus	v2merveilles17_imp_montigny1668	name7	Baccus
l'Amour	v2merveilles17_imp_montigny1668	name8	l’Amour
Orpheurie	v2merveilles17_imp_montigny1668	name9	d’Orpheurie
Muses	v2merveilles17_imp_montigny1668	name10	Muses
Heros	v2merveilles17_imp_montigny1668	name11	Heros
Pegase	v2merveilles17_imp_montigny1668	name12	Pegase
Poëtes	v2merveilles17_imp_montigny1668	name13	Poëtes
Chiens Marins	v2merveilles17_imp_montigny1668	name14	Chiens Marins
Paix	v2merveilles17_imp_montigny1668	name15	la Paix
Miracles	v2merveilles17_imp_robinet16680721	name3	Miracles
Dieu de la Rime	v2merveilles17_imp_robinet16680721	name4	Dieu de la Rime
Pégaze	v2merveilles17_imp_robinet16680721	name5	Pégaze
Apollon	v2merveilles17_imp_robinet16680721	name6	Dieu du Parnasse
Nayades	v2merveilles17_imp_robinet16680721	name7	Nayades
Dryades	v2merveilles17_imp_robinet16680721	name8	Dryades
Zéphirs	v2merveilles17_imp_robinet16680721	name9	les Zéphirs
Dieux	v2merveilles17_imp_robinet16680721	name10	Dieux
Sept Merveilles	v2merveilles17_imp_robinet16680721	name11	Sept Merveilles
Apollon	v2merveilles17_imp_robinet16680721	name12	Apollon
Phœbus	v2merveilles17_imp_robinet16680721	name13	Phœbus
Percé	v2merveilles17_imp_robinet16680721	name14	Percé
Parnasse	v2merveilles17_imp_robinet16680721	name15	Parnasse
Dieux	v2merveilles17_imp_robinet16680721	name16	Dieux
Nayades	v2merveilles17_imp_robinet16680721	name17	Nayades
Orfévrerie	v2merveilles17_imp_robinet16680721	name18	Orfévrerie
Hercule	v2merveilles17_imp_robinet16680721	name19	d’Hercule
Dieux	v2merveilles17_imp_robinet16680721	name20	Dieux
Divinitez	v2merveilles17_imp_robinet16680721	name21	Divinitez
Dryades	v2merveilles17_imp_robinet16680721	name22	Dryades
Dieu	v2merveilles17_imp_robinet16680721	name23	Dieu
Anges	v2merveilles17_imp_robinet16680721	name24	Anges
Dieux-chevre-piez	v2merveilles17_imp_robinet16680721	name25	Dieux-chevre-piez
Muze	v2merveilles17_imp_robinet16680721	name26	Muze
Troupe de Moliere	v2merveilles17_imp_robinet16680721	name27	Troupe
Bacchus	v2merveilles17_imp_robinet16680721	name28	Bacchus
Toriliére	v2merveilles17_imp_robinet16680721	name29	Toriliére
Lubin	v2merveilles17_imp_robinet16680721	name30	Lubin
Jupin	v2merveilles17_imp_robinet16680721	name31	Jupin
Paix	v2merveilles17_imp_robinet16680721	name32	Paix
Gloire	v2merveilles17_imp_robinet16680721	name33	Gloire
Soins	v2merveilles17_imp_robinet16680721	name34	Soins
l'Etat	v2merveilles17_imp_robinet16680721	name35	l’Etat
Paix	v2merveilles17_imp_robinet16680721	name36	Paix
Guerre	v2merveilles17_imp_robinet16680721	name37	Guerre
	v2merveilles17_imp_robinet16680721	name38	Phébus
jupiter	v2merveilles17_imp_torelli1654	name3	Jupiter
dieu	v2merveilles17_imp_torelli1654	name4	Dieu
muses	v2merveilles17_imp_torelli1654	name5	Muses
muses	v2merveilles17_imp_torelli1654	name6	neuf Muses
apollon	v2merveilles17_imp_torelli1654	name7	Appollon
nymphes	v2merveilles17_imp_torelli1654	name8	Nymphes
apollon	v2merveilles17_imp_torelli1654	name9	d’Appollon
muses	v2merveilles17_imp_torelli1654	name10	Muses
chiron	v2merveilles17_imp_torelli1654	name11	Centaure Chiron
chiron	v2merveilles17_imp_torelli1654	name12	grand Maistre
chiron	v2merveilles17_imp_torelli1654	name13	Chiron
pelee	v2merveilles17_imp_torelli1654	name14	Pelı́e
thetis	v2merveilles17_imp_torelli1654	name15	Thetis
neptune	v2merveilles17_imp_torelli1654	name16	Neptune
tritons	v2merveilles17_imp_torelli1654	name17	Tritons
sirenes	v2merveilles17_imp_torelli1654	name18	Syrenes
thetis	v2merveilles17_imp_torelli1654	name19	Deesse
jupiter	v2merveilles17_imp_torelli1654	name20	Jupiter
jupiter	v2merveilles17_imp_torelli1654	name21	Dieu
thetis	v2merveilles17_imp_torelli1654	name22	Thetis
thetis	v2merveilles17_imp_torelli1654	name23	Deesse
junon	v2merveilles17_imp_torelli1654	name24	Junon
jupiter	v2merveilles17_imp_torelli1654	name25	mary
junon	v2merveilles17_imp_torelli1654	name26	Junon
furies	v2merveilles17_imp_torelli1654	name27	furies
furies	v2merveilles17_imp_torelli1654	name28	furies
junon	v2merveilles17_imp_torelli1654	name29	Junon
promethee	v2merveilles17_imp_torelli1654	name30	Promethée
pelee	v2merveilles17_imp_torelli1654	name31	Pelée
promethee	v2merveilles17_imp_torelli1654	name32	Promethée
pelee	v2merveilles17_imp_torelli1654	name33	Pelée
jupiter	v2merveilles17_imp_torelli1654	name34	Jupiter
divinite	v2merveilles17_imp_torelli1654	name35	Deitez
jupiter	v2merveilles17_imp_torelli1654	name36	Jupiter
mercure	v2merveilles17_imp_torelli1654	name37	Mercure
jupiter	v2merveilles17_imp_torelli1654	name38	Jupiter
driades	v2merveilles17_imp_torelli1654	name39	Driades
mars	v2merveilles17_imp_torelli1654	name40	Mars
mars	v2merveilles17_imp_torelli1654	name41	Dieu
thetis	v2merveilles17_imp_torelli1654	name42	Thetis
chiron	v2merveilles17_imp_torelli1654	name43	Chiron
pelee	v2merveilles17_imp_torelli1654	name44	Pelée
thetis	v2merveilles17_imp_torelli1654	name45	Thetis
pelee	v2merveilles17_imp_torelli1654	name46	Pelée
pelee	v2merveilles17_imp_torelli1654	name47	Roy de Thessalie
hercule	v2merveilles17_imp_torelli1654	name48	Hercule
promethee	v2merveilles17_imp_torelli1654	name49	Promethée
junon	v2merveilles17_imp_torelli1654	name50	Junon
hymenee	v2merveilles17_imp_torelli1654	name51	Hymenée
divinite	v2merveilles17_imp_torelli1654	name52	Divinitez
junon	v2merveilles17_imp_torelli1654	name53	Junon
junon	v2merveilles17_imp_torelli1654	name54	Junon
hymenee	v2merveilles17_imp_torelli1654	name55	Hymenée
