document_code	personne_code	occurrence
Antilope_imp_gazette17221121	renaudotfils	Eusèbe II Renaudot (1646-1720)
Antilope_imp_gazette17221121	renaudotfils	Eusèbe II Renaudot (1646-1720)
Antilope_imp_gazette17221121	louisxv	Roy
Antilope_imp_gazette17221121	louisxv	Sa Majesté
Antilope_imp_gazette17221121	louisxv	Roy
Antilope_imp_gazette17221121	louisxv	Sa Majesté
Antilope_imp_gazette17221121	louisxv	Roy
Antilope_imp_gazette17221121	philippe_orleans_regent	Monsieur le Duc d’Orleans
Antilope_imp_gazette17221121	louis_orleans	Duc de Chartres
Antilope_imp_gazette17221121	louisiv_henri_conde	Duc de Bourbon
Antilope_imp_gazette17221121	louis_de_bourbonconde	Comte de Clermont
Antilope_imp_gazette17221121	louis_armand_conti	Prince de Conty
Antilope_imp_gazette17221121	armand_charost	Duc de Charost son Gouverneur
Antilope_imp_gazette17221121	louisxv	Roy
Antilope_imp_gazette17221121	louisxv	Roy
Antilope_imp_gazette17221121	armandgaston_maximilien_de_rohan	le Prince de Rohan, Gouverneur de la
Antilope_imp_gazette17221121	louisxv	Sa Majesté
Antilope_imp_gazette17221121	louisxv	Roy
Antilope_imp_gazette17221121	philippe_orleans_regent	Monsieur le Duc d’Orleans
Antilope_imp_gazette17221121	louis_orleans	Duc de Chartres
Antilope_imp_gazette17221121	louisiv_henri_conde	Duc de Bourbon
Antilope_imp_gazette17221121	louis_de_bourbonconde	Comte de Clermont
Antilope_imp_gazette17221121	louis_armand_conti	Prince de Conty
Antilope_imp_gazette17221121	armand_charost	Duc de Charost son Gouverneur
Antilope_imp_gazette17221121	louisxv	Roy
Antilope_imp_gazette17221121	louisxv	Roy
Antilope_imp_gazette17221121	louisxv	Sa Majesté
Antilope_imp_gazette17221121	languet_gergy	l’Evesque de Soissons
Antilope_imp_gazette17221121	louisxv	Roy
Antilope_imp_gazette17221121	languet_gergy	l’Evesque de Soissons
Antilope_imp_gazette17221121	louisxv	Sa Majesté
Antilope_imp_gazette17221121	languet_gergy	Prelat
Antilope_imp_gazette17221121	louisxv	Roy
Antilope_imp_gazette17221121	louisxv	Roy
Antilope_imp_gazette17221121	louisxv	Roy
Antilope_imp_gazette17221121	louisxv	Sa Majesté
Antilope_imp_gazette17221121	louisxv	Roy
Antilope_imp_gazette17221121	louisxv	Sa Majesté
Antilope_imp_gazette17221121	philippe_orleans_regent	Monsieur le Duc d’Orleans
Antilope_imp_gazette17221121	louisxv	Roy
Antilope_imp_gazette17221121	louisxv	Sa Majesté
Antilope_imp_gazette17221121	louisxv	Roy
Antilope_imp_gazette17221121	louisxv	Roy
Antilope_imp_gazette17221121	louisxv	Sa Majesté
Antilope_imp_gazette17221121	philippe_orleans_regent	Monsieur le Duc d’Orleans
Antilope_imp_gazette17221121	louisxv	Roy
Antilope_imp_gazette17221121	louisxv	Roy
Antilope_imp_gazette17221121	louisxv	Sa Majesté
Antilope_imp_gazette17221121	louisxv	Roy
Antilope_imp_gazette17221121	louisxv	Sa Majesté
Antilope_imp_gazette17221121	philippe_orleans_regent	Monsieur le Duc d’Orleans
Antilope_imp_gazette17221121	louis_orleans	le Duc de Chartres
Antilope_imp_gazette17221121	philippe_orleans_regent	Son Altesse Royale
Antilope_imp_gazette17221121	louisxv	Sa Majesté
Antilope_imp_gazette17221121	philippe_orleans_regent	Son Altesse Royale
Antilope_imp_gazette17221121	louis_orleans	le Duc de Chartres
Antilope_imp_gazette17221121	louisxv	Roy
Antilope_imp_gazette17221121	louisxv	Sa Majesté
Antilope_imp_gazette17221121	louisxv	Sa Majesté
Antilope_imp_gazette17221121	louisxv	Roy
Antilope_imp_gazette17221121	louisxv	Roy
Antilope_imp_gazette17221121	augustin_vincent_ennequin	Marquis d’Ecquevilly
Antilope_imp_gazette17221121	louisxv	Roy
Antilope_imp_gazette17221121	louisxv	Sa Majesté
Antilope_imp_gazette17221121	louisxv	Roy
Antilope_imp_gazette17221121	louisxv	Roy
Antilope_imp_gazette17221121	louis_de_bourbonconde	Comte de Clermont
Antilope_imp_gazette17221121	armand_charost	Duc de Charost son Gouverneur :
Antilope_imp_gazette17221121	philippe_orleans_regent	Monsieur le Duc d’Orleans
Antilope_imp_gazette17221121	louis_orleans	Duc de Chartres
Antilope_imp_gazette17221121	louisiv_henri_conde	Duc de Bourbon
Antilope_imp_gazette17221121	charles_de_bourbon_charolais	Comte de Charolois
Antilope_imp_gazette17221121	louis_armand_conti	Prince de Conty
Antilope_imp_gazette17221121	louisxv	Roy
Antilope_imp_gazette17221121	louis_alexandre_bourbon	le Comte de Toulouze Grand Veneur de France
Antilope_imp_gazette17221121	louisxv	Roy
Antilope_imp_gazette17221121	louisxv	Sa Majesté
Antilope_imp_gazette17221121	louisxv	Roy
Antilope_imp_gazette17221121	philippe_orleans_regent	Monsieur le Duc d’Orleans
Antilope_imp_gazette17221121	louisxv	Sa Majesté
Antilope_imp_gazette17221121	philippe_orleans_regent	Son Altesse Royale
Antilope_imp_gazette17221121	louisxv	Roy
Antilope_imp_gazette17221121	louisxv	Roy
Antilope_imp_gazette17221121	louis_de_bourbonconde	Comte de Clermont
Antilope_imp_gazette17221121	armand_charost	Duc de Charost son Gouverneur :
Antilope_imp_gazette17221121	philippe_orleans_regent	Monsieur le Duc d’Orleans
Antilope_imp_gazette17221121	louis_orleans	Duc de Chartres
Antilope_imp_gazette17221121	louisiv_henri_conde	Duc de Bourbon
Antilope_imp_gazette17221121	charles_de_bourbon_charolais	Comte de Charolois
Antilope_imp_gazette17221121	louis_armand_conti	Prince de Conty
Antilope_imp_gazette17221121	louisxv	Roy
Antilope_imp_gazette17221121	louisxv	Sa Majesté
Antilope_imp_gazette17221121	louisxv	Roy
Antilope_imp_gazette17221121	louisxv	Roy
Antilope_imp_gazette17221121	louisxv	Roy
Antilope_imp_gazette17221121	louisxv	Roy
Antilope_imp_gazette17221121	louisxv	Sa Majesté
Antilope_imp_gazette17221121	louisxv	Sa Majesté
Antilope_imp_gazette17221121	louisxv	Roy
Antilope_imp_gazette17221121	louisxv	Roy
Antilope_imp_gazette17221121	louisxv	Sa Majesté
Antilope_imp_gazette17221121	bissoni	Saltinbanque
Antilope_imp_gazette17221121	louisxv	Roy
Antilope_imp_gazette17221121	louisxv	Roy
Antilope_imp_gazette17221121	louisxv	Sa Majesté
Antilope_imp_gazette17221121	louisxv	Roy
Antilope_imp_gazette17221121	louisxv	Roy
Antilope_imp_gazette17221121	louisxv	Sa Majesté
Antilope_imp_gazette17221121	louisxv	Roy
Antilope_imp_gazette17221121	louisxv	Sa Majesté
Antilope_imp_gazette17221121	louisxv	Roy
Antilope_imp_gazette17221121	philippe_orleans_regent	Monsieur le Duc d’Orleans
Antilope_imp_gazette17221121	louisxv	Roy
Antilope_imp_gazette17221121	louisxv	Roy
Antilope_imp_gazette17221121	louisxv	Sa Majesté
Antilope_imp_gazette17221121	louisxv	Roy
Antilope_imp_gazette17221121	mlle_de_Nantes	Duchesse de Bourbon
Antilope_imp_gazette17221121	mlleclermont	Mademoiselle de Clermont
Antilope_imp_gazette17221121	louisxv	Roy
Antilope_imp_gazette17221121	mlle_de_Nantes	Duchesse de Bourbon
Antilope_imp_gazette17221121	mlleclermont	Mademoiselle de Clermont
Antilope_imp_gazette17221121	louisxv	Roy
Antilope_imp_gazette17221121	louisiv_henri_conde	Duc de Bourbon
Antilope_imp_gazette17221121	louisxv	Sa Majesté
Antilope_imp_gazette17221121	louisxv	Roy
Antilope_imp_gazette17221121	louisxv	Sa Majesté
Antilope_imp_gazette17221121	louisxv	Roy
Antilope_imp_gazette17221121	louisiv_henri_conde	Duc de Bourbon
Antilope_imp_gazette17221121	louisxv	Sa Majesté
Antilope_imp_gazette17221121	louisxv	Roy
Antilope_imp_gazette17221121	aubert_jacques	sieur Aubert
Antilope_imp_gazette17221121	louisiv_henri_conde	Duc de Bourbon
Antilope_imp_gazette17221121	louisxv	Roy
Antilope_imp_gazette17221121	louisxv	Roy
Antilope_imp_gazette17221121	philippe_orleans_regent	Monsieur le Duc d’Orleans
Antilope_imp_gazette17221121	louisxv	Sa Majesté
Antilope_imp_gazette17221121	louisxv	Roy
Antilope_imp_gazette17221121	philippe_orleans_regent	Monsieur le Duc d’Orleans
Antilope_imp_gazette17221121	louisxv	Sa Majesté
Antilope_imp_gazette17221121	louisxv	Roy
Antilope_imp_gazette17221121	louisxv	Sa Majesté
Antilope_imp_gazette17221121	louisxv	Roy
Antilope_imp_gazette17221121	louisxv	Sa Majesté
Antilope_imp_gazette17221121	mlleclermont	Mademoiselle de Clermont
Antilope_imp_gazette17221121	marie_victoire_savoie	la Marquise de Busc
Antilope_imp_gazette17221121	jeanne_agnes_berthelot_pleneuf	la Marquise de Prie
Antilope_imp_gazette17221121	louisiv_henri_conde	Duc de Bourbon
Antilope_imp_gazette17221121	louisxv	Roy
Antilope_imp_gazette17221121	louisxv	Sa Majesté
Antilope_imp_gazette17221121	louisxv	Roy
Antilope_imp_gazette17221121	louisxv	Roy
Antilope_imp_gazette17221121	louisiv_henri_conde	Duc de Bourbon
Antilope_imp_gazette17221121	louisxv	Roy
Antilope_imp_gazette17221121	louisxv	Sa Majesté
Antilope_imp_gazette17221121	louisxv	Sa Majesté
Antilope_imp_gazette17221121	mlleclermont	Mademoiselle de Clermont
Antilope_imp_gazette17221121	marie_victoire_savoie	la Marquise de Busc
Antilope_imp_gazette17221121	jeanne_agnes_berthelot_pleneuf	la Marquise de Prie
Antilope_imp_gazette17221121	louisxv	Sa Majesté
Antilope_imp_gazette17221121	louisxv	Roy
Antilope_imp_gazette17221121	louisxv	Roy
Antilope_imp_gazette17221121	louisxv	Sa Majesté
Antilope_imp_gazette17221121	louisxv	Roy
Antilope_imp_gazette17221121	louisxv	Roy
Antilope_imp_gazette17221121	louisxv	Roy
Antilope_imp_gazette17221121	mlle_de_Nantes	Duchesse de Bourbon
Antilope_imp_gazette17221121	louisiv_henri_conde	Duc de Bourbon
Antilope_imp_gazette17221121	charles_de_bourbon_charolais	le Comte de Charolois
Antilope_imp_gazette17221121	louis_de_bourbonconde	le Comte de Clermont
Antilope_imp_gazette17221121	mlle_de_Nantes	Duchesse de Bourbon
Antilope_imp_gazette17221121	louisiv_henri_conde	Duc de Bourbon
Antilope_imp_gazette17221121	charles_de_bourbon_charolais	le Comte de Charolois
Antilope_imp_gazette17221121	louis_de_bourbonconde	le Comte de Clermont
Antilope_imp_gazette17221121	louisxv	Roy
Antilope_imp_gazette17221121	bullion_gabriel_jerome	Bailly
Antilope_imp_gazette17221121	louisxv	Sa Majesté
Antilope_imp_gazette17221121	louisxv	Roy
Antilope_imp_gazette17221121	louisxv	Sa Majesté
Antilope_imp_gazette17221121	louisxv	Roy
Antilope_imp_gazette17221121	françois_anseaume	Grand Prieur
Antilope_imp_gazette17221121	louisxv	Sa Majesté
Antilope_imp_gazette17221121	louisxv	Roy
Antilope_imp_gazette17221121	louisxiv	Roy Loüis XIV, son Bisayeul
Antilope_imp_gazette17221121	louisxv	Roy
Antilope_imp_gazette17221121	emmanuel_theodose_tour_auvergne	Vicomte de Turene
Antilope_imp_gazette17221121	bertrand_guesclin	Conestable du Guesclin
Antilope_imp_gazette17221121	louisxv	Sa Majesté
Antilope_imp_gazette17221121	louisxv	Roy
Antilope_imp_gazette17221121	louisxv	Sa Majesté
Antilope_imp_gazette17221121	francois_bernard_potier	Duc de Tresmes, Gouverneur de Paris
Antilope_imp_gazette17221121	louisxv	Sa Majesté
Antilope_imp_gazette17221121	pierre_antoine_castanier_auriac_chateauneuf	le sieur de Chateauneuf, Conseiller d’Estat & Prevost des Marchands
Antilope_imp_gazette17221121	louisxv	Roy
Antilope_imp_gazette17221121	louisxv	Roy
Antilope_imp_gazette17221121	louisxv	Roy
Antilope_imp_gazette17221121	louisxv	Sa Majesté
Antilope_imp_gazette17221121	louis_orleans	Duc de Chartres
Antilope_imp_gazette17221121	louisiv_henri_conde	Duc de Bourbon
Antilope_imp_gazette17221121	louis_de_bourbonconde	Comte de Clermont
Antilope_imp_gazette17221121	louisxv	Sa Majesté
Antilope_imp_gazette17221121	louis_orleans	Duc de Chartres
Antilope_imp_gazette17221121	louisiv_henri_conde	Duc de Bourbon
Antilope_imp_gazette17221121	louis_de_bourbonconde	Comte de Clermont
Antilope_imp_gazette17221121	louis_armand_conti	Prince de Conty
Antilope_imp_gazette17221121	armand_charost	Duc de Charost, son Gouverneur
Antilope_imp_gazette17221121	louis_armand_conti	Prince de Conty
Antilope_imp_gazette17221121	armand_charost	Duc de Charost, son Gouverneur
Antilope_imp_gazette17221121	jean_jacques_iv_mesmes	sieur de Mesmes Premier President
Antilope_imp_gazette17221121	louisxv	Roy
Antilope_imp_gazette17221121	louisxv	Sa Majesté
Antilope_imp_gazette17221121	jean_aymard_nicolaÿ	sieur de Nicolaï Premier President de la Chambre des Comptes
Antilope_imp_gazette17221121	sieurricard	sieur Ricard President de la Cour des Aydes & le Prevost des Marchands
Antilope_imp_gazette17221121	louisxv	Roy
Antilope_imp_gazette17221121	louisxv	Sa Majesté
Antilope_imp_gazette17221121	jean_frederic_phelypeaux	Comte de Maurepas Secretaire d’Estat
Antilope_imp_gazette17221121	thomas_dreux_breze	le Marquis de Dreux, Grand Maitre des Ceremonies
Antilope_imp_gazette17221121	sieurgranges	le sieur des Granges, Maitre des Ceremonies
Antilope_imp_gazette17221121	louisxv	Sa Majesté
Antilope_imp_gazette17221121	jean_frederic_phelypeaux	Comte de Maurepas Secretaire d’Estat
Antilope_imp_gazette17221121	thomas_dreux_breze	le Marquis de Dreux, Grand Maitre des Ceremonies
Antilope_imp_gazette17221121	sieurgranges	le sieur des Granges, Maitre des Ceremonies
Antilope_imp_gazette17221121	louisxv	Roy
Antilope_imp_gazette17221121	philippe_orleans_regent	Monsieur le Duc d’Orleans
Antilope_imp_gazette17221121	louisxv	Roy
Antilope_imp_gazette17221121	philippe_orleans_regent	Monsieur le Duc d’Orleans
Antilope_imp_gazette17221121	louisxv	Roy
Antilope_imp_gazette17221121	louisxv	Sa Majesté
Antilope_imp_gazette17221201	renaudotfils	Eusèbe II Renaudot (1646-1720)
Antilope_imp_gazette17221201	renaudotfils	Eusèbe II Renaudot (1646-1720)
Antilope_imp_gazette17221201	renaudotfils	Eusèbe II Renaudot (1646-1720)
Antilope_imp_gazette17221201	louisxv	Roy
Antilope_imp_gazette17221201	louisxv	Roy
Antilope_imp_gazette17221201	louisxv	Roy
Antilope_imp_gazette17221201	louisxv	Sa Majesté
Antilope_imp_gazette17221201	louis_orleans	Duc de Chartres
Antilope_imp_gazette17221201	louisiv_henri_conde	Duc de Bourbon
Antilope_imp_gazette17221201	louis_de_bourbonconde	Comte de Clermont
Antilope_imp_gazette17221201	louis_armand_conti	Prince de Conti
Antilope_imp_gazette17221201	armand_charost	Duc de Charost
Antilope_imp_gazette17221201	louisxv	Sa Majesté
Antilope_imp_gazette17221201	louis_orleans	Duc de Chartres
Antilope_imp_gazette17221201	louisiv_henri_conde	Duc de Bourbon
Antilope_imp_gazette17221201	louis_de_bourbonconde	Comte de Clermont
Antilope_imp_gazette17221201	louis_armand_conti	Prince de Conti
Antilope_imp_gazette17221201	armand_charost	Duc de Charost
Antilope_imp_gazette17221201	louisxv	Roy
Antilope_imp_gazette17221201	jeanclaude_forget	sieur Forget
Antilope_imp_gazette17221201	louisxv	Sa Majesté
Antilope_imp_gazette17221201	louisxv	Roy
Antilope_imp_gazette17221201	louisxv	Roy
Antilope_imp_gazette17221201	louisxv	Roy
Antilope_imp_gazette17221201	louisxv	Sa Majesté
Antilope_imp_gazette17221201	philippe_orleans_regent	Monsieur le Duc d’Orleans
Antilope_imp_gazette17221201	louis_orleans	Duc de Chartres
Antilope_imp_gazette17221201	louisiv_henri_conde	Duc de Bourbon
Antilope_imp_gazette17221201	louis_de_bourbonconde	Comte de Clermont
Antilope_imp_gazette17221201	louis_armand_conti	Prince de Conty
Antilope_imp_gazette17221201	armand_charost	Duc de Charost
Antilope_imp_gazette17221201	louisxv	Sa Majesté
Antilope_imp_gazette17221201	louisxv	Sa Majesté
Antilope_imp_gazette17221201	louisxv	Roy
Antilope_imp_gazette17221201	louisxv	Sa Majesté
Antilope_imp_gazette17221201	louisxv	Sa Majesté
Antilope_imp_gazette17221201	philippe_orleans_regent	Monsieur le Duc d’Orleans
Antilope_imp_gazette17221201	louis_orleans	Duc de Chartres
Antilope_imp_gazette17221201	louisiv_henri_conde	Duc de Bourbon
Antilope_imp_gazette17221201	louis_de_bourbonconde	Comte de Clermont
Antilope_imp_gazette17221201	louis_armand_conti	Prince de Conti
Antilope_imp_gazette17221201	armand_charost	Duc de Charost
Antilope_imp_gazette17221201	louisxv	Roy
Antilope_imp_gazette17221201	philippe_orleans_regent	Monsieur le Duc d’Orleans
Antilope_imp_gazette17221201	louisxv	Roy
Antilope_imp_gazette17221201	philippe_orleans_regent	Son Altesse Royale
Antilope_imp_gazette17221201	louisxv	Roy
Antilope_imp_gazette17221201	louis_henri_de_la_tour_dauvergne	Le Comte d’Evreux
Antilope_imp_gazette17221201	louisxv	Sa Majesté
Antilope_imp_gazette17221201	louisxv	Roy
Antilope_imp_gazette17221201	languet_gergy	L'Evesque de Soissons
Antilope_imp_gazette17221201	louisxv	Roy
Antilope_imp_gazette17221201	louisxv	Sa Majesté
Antilope_imp_gazette17221201	languet_gergy	le Prevost
Antilope_imp_gazette17221201	louisxv	Roy
Antilope_imp_gazette17221201	louisxv	Roy
Antilope_imp_gazette17221201	louisxv	il
Antilope_imp_gazette17221201	louisxv	Sa Majesté
Antilope_imp_gazette17221201	languet_gergy	l’Evesque
Antilope_imp_gazette17221201	louisxv	Roy
Antilope_imp_gazette17221201	victormarieestree	le Mareschal d’Estrées
Antilope_imp_gazette17221201	louisxv	Sa Majesté
Antilope_imp_gazette17221201	philibert_orry	Directeur
Antilope_imp_gazette17221201	louisxv	Roy
Antilope_imp_gazette17221201	louisxv	Sa Majesté
Antilope_imp_gazette17221201	louisxv	Roy
Antilope_imp_gazette17221201	louis_de_lorraine	le Prince de Lambese
Antilope_imp_gazette17221201	louisxv	Sa Majesté
Antilope_imp_gazette17221201	louisxv	Sa Majesté
Antilope_imp_gazette17221201	hercule_meriadec_rohan	Prince de Rohan
Antilope_imp_gazette17221201	jean_gedeon_andre_de_joyeuse	Marquis de Grandpré
Antilope_imp_gazette17221201	louisxv	Sa Majesté
Antilope_imp_gazette17221201	louisxv	Roy
Antilope_imp_gazette17221201	louisxv	Roy
Antilope_imp_gazette17221201	francois_neufville_villeroy	Duc de Villeroy
Antilope_imp_gazette17221201	louisxv	Roy
Antilope_imp_gazette17221201	louisxv	Sa Majesté
Antilope_imp_gazette17221201	hercule_meriadec_rohan	Prince de Rohan
Antilope_imp_gazette17221201	louisxv	Roy
Antilope_imp_gazette17221201	hercule_meriadec_rohan	Le Prince de Rohan
Antilope_imp_gazette17221201	louisxv	Roy
Antilope_imp_gazette17221201	louisxv	Sa Majesté
Antilope_imp_gazette17221201	louisxv	Roy
Antilope_imp_gazette17221201	louis_orleans	Duc de Chartres
Antilope_imp_gazette17221201	philippe_orleans_regent	Monsieur le Duc d’Orleans
Antilope_imp_gazette17221201	philippe_orleans_regent	Son Altesse Royale
Antilope_imp_gazette17221201	louisxv	Roy
Antilope_imp_gazette17221201	louisxv	Sa Majesté
Antilope_imp_gazette17221201	charlesalexandre_de_lorraine	le Prince Charles de Lorraine
Antilope_imp_gazette17221201	emmanuel_theodose_tour_auvergne	le Prince de Turene
Antilope_imp_gazette17221201	louisleonmariepotierdegesvre	le Duc de Gesvres
Antilope_imp_gazette17221201	louisxv	Sa Majesté
Antilope_imp_gazette17221201	louisxv	Sa Majesté
Antilope_imp_gazette17221201	louisxv	Roy
Antilope_imp_gazette17221201	philippe_orleans_regent	Monsieur le Duc d’Orleans
Antilope_imp_gazette17221201	louis_orleans	du Duc de Chartres
Antilope_imp_gazette17221201	louisiv_henri_conde	du Duc de Bourbon
Antilope_imp_gazette17221201	louis_de_bourbonconde	du Comte de Clermont
Antilope_imp_gazette17221201	louis_armand_conti	du Prince de Conty
Antilope_imp_gazette17221201	armand_charost	du Duc de Charost
Antilope_imp_gazette17221201	louisxv	Sa Majesté
Antilope_imp_gazette17221201	francois_dharcourt	Le Duc d’Harcourt
Antilope_imp_gazette17221201	louisxv	Roy
Antilope_imp_gazette17221201	louis_orleans	Duc de Chartres
Antilope_imp_gazette17221201	philippe_orleans_regent	Monsieur le Duc d’Orleans
Antilope_imp_gazette17221201	philippe_orleans_regent	Son Altesse Royale
Antilope_imp_gazette17221201	louisxv	Roy
Antilope_imp_gazette17221201	charlesalexandre_de_lorraine	le Prince Charles de Lorraine
Antilope_imp_gazette17221201	emmanuel_theodose_tour_auvergne	le Prince de Turene
Antilope_imp_gazette17221201	louisleonmariepotierdegesvre	le Duc de Gesvres
Antilope_imp_gazette17221201	louisxv	Sa Majesté
Antilope_imp_gazette17221201	louisxv	Roy
Antilope_imp_gazette17221201	philippe_orleans_regent	Monsieur le Duc d’Orleans
Antilope_imp_gazette17221201	louis_orleans	du Duc de Chartres
Antilope_imp_gazette17221201	louisiv_henri_conde	du Duc de Bourbon
Antilope_imp_gazette17221201	louis_de_bourbonconde	du Comte de Clermont
Antilope_imp_gazette17221201	louis_armand_conti	du Prince de Conty
Antilope_imp_gazette17221201	armand_charost	du Duc de Charost
Antilope_imp_gazette17221201	hercule_meriadec_rohan	Le Prince de Rohan
Antilope_imp_gazette17221201	jean_gedeon_andre_de_joyeuse	le Marquis de Grandpré
Antilope_imp_gazette17221201	louisxv	Sa Majesté
Antilope_imp_gazette17221201	thomas_dreux_breze	Le Marquis de Dreux
Antilope_imp_gazette17221201	sieurgranges	sieur des Granges
Antilope_imp_gazette17221201	louisxv	Sa Majesté
Antilope_imp_gazette17221201	hercule_meriadec_rohan	Le Prince de Rohan
Antilope_imp_gazette17221201	jean_gedeon_andre_de_joyeuse	le Marquis de Grandpré
Antilope_imp_gazette17221201	thomas_dreux_breze	Le Marquis de Dreux
Antilope_imp_gazette17221201	sieurgranges	sieur des Granges
Antilope_imp_gazette17221201	louisxv	Roy
Antilope_imp_gazette17221201	louisxv	Sa Majesté
Antilope_imp_gazette17221201	louisxv	Roy
Antilope_imp_gazette17221201	armand_jules_rohanguemene	l’Archevesque Duc de Reims
Antilope_imp_gazette17221201	languet_gergy	Soissons
Antilope_imp_gazette17221201	louis_charles_de_saint_albin	Laon
Antilope_imp_gazette17221201	francoishonnoreantoine_de_beauvillierssaintaignan	Beauvais
Antilope_imp_gazette17221201	nicolas_charles_saulx_tavanes	Châlons
Antilope_imp_gazette17221201	charlefrancois_chateauneuf_de_rochebonne	Noyon
Antilope_imp_gazette17221201	pierre_sabatier	d’Amiens
Antilope_imp_gazette17221201	francois_firmin_trudaine	Senlis
Antilope_imp_gazette17221201	louisxv	Roy
Antilope_imp_gazette17221201	nicolasjoseph_clocquet	sieur Clocquet
Antilope_imp_gazette17221201	louisxv	Sa Majesté
Antilope_imp_gazette17221201	armand_jules_rohanguemene	l’Archevesque de Reims
Antilope_imp_gazette17221201	louisxv	Roy
Antilope_imp_gazette17221201	louisxv	Sa Majesté
Antilope_imp_gazette17221201	louisxv	Roy
Antilope_imp_gazette17221201	philippe_orleans_regent	Monsieur le Duc d’Orleans
Antilope_imp_gazette17221201	louis_daumont_de_rochebaron	Duc de Villequier
Antilope_imp_gazette17221201	louisxv	Sa Majesté
Antilope_imp_gazette17221201	louisxv	Roy
Antilope_imp_gazette17221201	armand_jules_rohanguemene	l’Archevesque Duc de Reims
Antilope_imp_gazette17221201	languet_gergy	Soissons
Antilope_imp_gazette17221201	louis_charles_de_saint_albin	Laon
Antilope_imp_gazette17221201	francoishonnoreantoine_de_beauvillierssaintaignan	Beauvais
Antilope_imp_gazette17221201	nicolas_charles_saulx_tavanes	Châlons
Antilope_imp_gazette17221201	charlefrancois_chateauneuf_de_rochebonne	Noyon
Antilope_imp_gazette17221201	pierre_sabatier	d’Amiens
Antilope_imp_gazette17221201	francois_firmin_trudaine	Senlis
Antilope_imp_gazette17221201	nicolasjoseph_clocquet	sieur Clocquet
Antilope_imp_gazette17221201	louisxv	Sa Majesté
Antilope_imp_gazette17221201	philippe_orleans_regent	Monsieur le Duc d’Orleans
Antilope_imp_gazette17221201	louis_daumont_de_rochebaron	Duc de Villequier
Antilope_imp_gazette17221201	bachelier_abbe	l’Abbé Bachelier
Antilope_imp_gazette17221201	louisxv	Roy
Antilope_imp_gazette17221201	bachelier_abbe	l’Abbé Bachelier
Antilope_imp_gazette17221201	louisxv	Sa Majesté
Antilope_imp_gazette17221201	louisxv	Roy
Antilope_imp_gazette17221201	jeanbaptiste_girard	sieur Girard
Antilope_imp_gazette17221201	louisxv	Sa Majesté
Antilope_imp_gazette17221201	catherine_opalinska	Madame la Duchesse de Lorraine
Antilope_imp_gazette17221201	louisxv	Roy
Antilope_imp_gazette17221201	louisxv	Sa Majesté
Antilope_imp_gazette17221201	philippe_orleans_regent	Monsieur le Duc d’Orleans
Antilope_imp_gazette17221201	louis_orleans	Duc de Chartres
Antilope_imp_gazette17221201	louisiv_henri_conde	Duc de Bourbon
Antilope_imp_gazette17221201	charles_de_bourbon_charolais	Comte de Charolois
Antilope_imp_gazette17221201	louis_de_bourbonconde	Comte de Clermont
Antilope_imp_gazette17221201	louis_armand_conti	Prince de Conty
Antilope_imp_gazette17221201	armand_charost	Duc de Charost
Antilope_imp_gazette17221201	louisxv	Roy
Antilope_imp_gazette17221201	marie_leszczynska	Madame
Antilope_imp_gazette17221201	catherine_opalinska	Madame la Duchesse de Lorraine
Antilope_imp_gazette17221201	marie_leszczynska	Madame
Antilope_imp_gazette17221201	louisxv	Sa Majesté
Antilope_imp_gazette17221201	catherine_opalinska	Madame la Duchesse de Lorraine
Antilope_imp_gazette17221201	marie_leszczynska	Madame
Antilope_imp_gazette17221201	louisxv	Sa Majesté
Antilope_imp_gazette17221201	philippe_orleans_regent	Monsieur le Duc d’Orleans
Antilope_imp_gazette17221201	louis_orleans	Duc de Chartres
Antilope_imp_gazette17221201	louisiv_henri_conde	Duc de Bourbon
Antilope_imp_gazette17221201	charles_de_bourbon_charolais	Comte de Charolois
Antilope_imp_gazette17221201	louis_de_bourbonconde	Comte de Clermont
Antilope_imp_gazette17221201	louis_armand_conti	Prince de Conty
Antilope_imp_gazette17221201	armand_charost	Duc de Charost
Antilope_imp_gazette17221201	louisxv	Roy
Antilope_imp_gazette17221201	philippe_orleans_regent	Monsieur le Duc d’Orleans
Antilope_imp_gazette17221201	armand_charost	Duc de Charost
Antilope_imp_gazette17221201	louisxv	Sa Majesté
Antilope_imp_gazette17221201	armand_pierre_croix_de_castries	l’Archevesque d’Alby
Antilope_imp_gazette17221201	louisxv	Roy
Antilope_imp_gazette17221201	philippe_orleans_regent	Monsieur le Duc d’Orleans
Antilope_imp_gazette17221201	louisxv	Roy
Antilope_imp_gazette17221201	louisxv	Sa Majesté
Antilope_imp_gazette17221201	armand_jules_rohanguemene	l’Archevesque Duc de Reims
Antilope_imp_gazette17221201	languet_gergy	Soissons
Antilope_imp_gazette17221201	louis_charles_de_saint_albin	Laon
Antilope_imp_gazette17221201	francoishonnoreantoine_de_beauvillierssaintaignan	Beauvais
Antilope_imp_gazette17221201	nicolas_charles_saulx_tavanes	Châlons
Antilope_imp_gazette17221201	charlefrancois_chateauneuf_de_rochebonne	Noyon
Antilope_imp_gazette17221201	pierre_sabatier	d’Amiens
Antilope_imp_gazette17221201	francois_firmin_trudaine	Senlis
Antilope_imp_gazette17221201	louisxv	Roy
Antilope_imp_gazette17221201	louisxv	Sa Majesté
Antilope_imp_gazette17221201	philippe_orleans_regent	Monsieur le Duc d’Orleans
Antilope_imp_gazette17221201	louisiv_henri_conde	le Duc de Bourbon
Antilope_imp_gazette17221201	louis_de_bourbonconde	le Comte de Clermont
Antilope_imp_gazette17221201	armand_jules_rohanguemene	l’Archevesque Duc de Reims
Antilope_imp_gazette17221201	languet_gergy	Soissons
Antilope_imp_gazette17221201	louis_charles_de_saint_albin	Laon
Antilope_imp_gazette17221201	francoishonnoreantoine_de_beauvillierssaintaignan	Beauvais
Antilope_imp_gazette17221201	nicolas_charles_saulx_tavanes	Châlons
Antilope_imp_gazette17221201	charlefrancois_chateauneuf_de_rochebonne	Noyon
Antilope_imp_gazette17221201	pierre_sabatier	d’Amiens
Antilope_imp_gazette17221201	francois_firmin_trudaine	Senlis
Antilope_imp_gazette17221201	louisxv	Sa Majesté
Antilope_imp_gazette17221201	philippe_orleans_regent	Monsieur le Duc d’Orleans
Antilope_imp_gazette17221201	louisiv_henri_conde	le Duc de Bourbon
Antilope_imp_gazette17221201	louis_de_bourbonconde	le Comte de Clermont
Antilope_imp_gazette17221201	louis_orleans	le Duc de Chartres
Antilope_imp_gazette17221201	charles_de_bourbon_charolais	le Comte de Charolois
Antilope_imp_gazette17221201	louis_armand_conti	le Prince de Conty
Antilope_imp_gazette17221201	armand_charost	Duc de Charost
Antilope_imp_gazette17221201	louis_orleans	le Duc de Chartres
Antilope_imp_gazette17221201	charles_de_bourbon_charolais	le Comte de Charolois
Antilope_imp_gazette17221201	louis_armand_conti	le Prince de Conty
Antilope_imp_gazette17221201	armand_charost	Duc de Charost
Antilope_imp_gazette17221201	louisxv	Sa Majesté
Antilope_imp_gazette17221201	armandgaston_maximilien_de_rohan	Cardinal de Rohan
Antilope_imp_gazette17221201	henri_pons_de_thiard_de_bissy	Bissy
Antilope_imp_gazette17221201	guillaume_dubois	Dubois
Antilope_imp_gazette17221201	melchior_de_polignac	de Polignac
Antilope_imp_gazette17221201	andre_hercule_de_fleury	L'ancien Evesque de Frejus
Antilope_imp_gazette17221201	louisxv	Roy
Antilope_imp_gazette17221201	louisxv	Sa Majesté
Antilope_imp_gazette17221201	antoine_fagon	L'Abbé de la Vieuville
Antilope_imp_gazette17221201	alexandre_milon_de_mesmes	l’Abbé Milon
Antilope_imp_gazette17221201	louisxv	Roy
Antilope_imp_gazette17221201	louisxv	Roy
Antilope_imp_gazette17221201	armandgaston_maximilien_de_rohan	Cardinal de Rohan
Antilope_imp_gazette17221201	louis_ii_de_la_vergbe_de_tressan	l’Evêque de Nantes
Antilope_imp_gazette17221201	philippe_orleans_regent	Monsieur le Duc d’Orleans
Antilope_imp_gazette17221201	philippe_orleans_regent	Son Altesse Royale
Antilope_imp_gazette17221201	henri_de_nesmond	Toulouse
Antilope_imp_gazette17221201	francois_elie_de_voyer_de_paulny_dagenson	Bordeaux
Antilope_imp_gazette17221201	denisfrancois_bouthilier_de_chavigny	Sens
Antilope_imp_gazette17221201	armand_pierre_croix_de_castries	d’Alby
Antilope_imp_gazette17221201	francois_blouet_de_camilly	l’Evêque de Toul
Antilope_imp_gazette17221201	henri_charles_du_cambout_de_coislin	Metz
Antilope_imp_gazette17221201	charlesfrancois_des_monstiers_de_merinville	Chartres
Antilope_imp_gazette17221201	charlesfrancois_dhallencourt_de_dromesnil	Verdun
Antilope_imp_gazette17221201	christophelouis_turpin_de_crisse_de_sanzay	Rennes
Antilope_imp_gazette17221201	jeanpaulfrancois_lefevre_de_caumartin	Blois
Antilope_imp_gazette17221201	gabrielflorent_de_choiseulbeaupre	Saint Papoul
Antilope_imp_gazette17221201	jacques_begnigne_bossuet	Troyes
Antilope_imp_gazette17221201	pierrefrancois_lafitau	Cisteron
Antilope_imp_gazette17221201	francoiscesar_le_blanc	d’Avranches
Antilope_imp_gazette17221201	godefred_ii_de_conflans	Puy
Antilope_imp_gazette17221201	paulrobert_hertault_de_beaufort	Leictoure
Antilope_imp_gazette17221201	louisxv	Roy
Antilope_imp_gazette17221201	armand_jules_rohanguemene	L'Archevêque de Reims
Antilope_imp_gazette17221201	languet_gergy	Soissons
Antilope_imp_gazette17221201	francoishonnoreantoine_de_beauvillierssaintaignan	Beauvais
Antilope_imp_gazette17221201	charlefrancois_chateauneuf_de_rochebonne	Noyon
Antilope_imp_gazette17221201	francois_firmin_trudaine	Senlis
Antilope_imp_gazette17221201	louis_charles_de_saint_albin	Laon
Antilope_imp_gazette17221201	nicolas_charles_saulx_tavanes	Châlons
Antilope_imp_gazette17221201	pierre_sabatier	d’Amiens
Antilope_imp_gazette17221201	armandgaston_maximilien_de_rohan	Cardinal de Rohan
Antilope_imp_gazette17221201	henri_pons_de_thiard_de_bissy	Bissy
Antilope_imp_gazette17221201	guillaume_dubois	Dubois
Antilope_imp_gazette17221201	melchior_de_polignac	de Polignac
Antilope_imp_gazette17221201	henri_de_nesmond	Toulouse
Antilope_imp_gazette17221201	francois_elie_de_voyer_de_paulny_dagenson	Bordeaux
Antilope_imp_gazette17221201	denisfrancois_bouthilier_de_chavigny	Sens
Antilope_imp_gazette17221201	armand_pierre_croix_de_castries	d’Alby
Antilope_imp_gazette17221201	armand_jules_rohanguemene	L'Archevêque de Reims
Antilope_imp_gazette17221201	andre_hercule_de_fleury	L'ancien Evesque de Frejus
Antilope_imp_gazette17221201	louis_ii_de_la_vergbe_de_tressan	l’Evêque de Nantes
Antilope_imp_gazette17221201	francois_blouet_de_camilly	l’Evêque de Toul
Antilope_imp_gazette17221201	henri_charles_du_cambout_de_coislin	Metz
Antilope_imp_gazette17221201	charlesfrancois_des_monstiers_de_merinville	Chartres
Antilope_imp_gazette17221201	charlesfrancois_dhallencourt_de_dromesnil	Verdun
Antilope_imp_gazette17221201	christophelouis_turpin_de_crisse_de_sanzay	Rennes
Antilope_imp_gazette17221201	jeanpaulfrancois_lefevre_de_caumartin	Blois
Antilope_imp_gazette17221201	gabrielflorent_de_choiseulbeaupre	Saint Papoul
Antilope_imp_gazette17221201	jacques_begnigne_bossuet	Troyes
Antilope_imp_gazette17221201	pierrefrancois_lafitau	Cisteron
Antilope_imp_gazette17221201	francoiscesar_le_blanc	d’Avranches
Antilope_imp_gazette17221201	godefred_ii_de_conflans	Puy
Antilope_imp_gazette17221201	paulrobert_hertault_de_beaufort	Leictoure
Antilope_imp_gazette17221201	languet_gergy	Soissons
Antilope_imp_gazette17221201	francoishonnoreantoine_de_beauvillierssaintaignan	Beauvais
Antilope_imp_gazette17221201	charlefrancois_chateauneuf_de_rochebonne	Noyon
Antilope_imp_gazette17221201	francois_firmin_trudaine	Senlis
Antilope_imp_gazette17221201	louis_charles_de_saint_albin	Laon
Antilope_imp_gazette17221201	nicolas_charles_saulx_tavanes	Châlons
Antilope_imp_gazette17221201	pierre_sabatier	d’Amiens
Antilope_imp_gazette17221201	michel_iii_poncet_de_la_riviere	l’Evesque d’Angers
Antilope_imp_gazette17221201	antoine_fagon	L'Abbé de la Vieuville
Antilope_imp_gazette17221201	alexandre_milon_de_mesmes	l’Abbé Milon
Antilope_imp_gazette17221201	armand_jules_rohanguemene	L'Archevesque de Reims
Antilope_imp_gazette17221201	louisxv	Roy
Antilope_imp_gazette17221201	michel_iii_poncet_de_la_riviere	l’Evesque d’Angers
Antilope_imp_gazette17221201	louisxv	Roy
Antilope_imp_gazette17221201	louisxv	Sa Majesté
Antilope_imp_gazette17221201	claude_fleury	Pere de Lignieres
Antilope_imp_gazette17221201	louisxv	Roy
Antilope_imp_gazette17221201	louisxv	Roy
Antilope_imp_gazette17221201	louisxv	Roy
Antilope_imp_gazette17221201	emmanuel_theodose_tour_auvergne	le Grand Chambellan de France
Antilope_imp_gazette17221201	louisleonmariepotierdegesvre	Premier Gentilhomme de la Chambre
Antilope_imp_gazette17221201	josephfleurieuarmenonville	le Garde des Sceaux
Antilope_imp_gazette17221201	henrifrancois_daguesseau	le Chancelier
Antilope_imp_gazette17221201	louisiv_henri_conde	Grand Maistre de la Maison du Roy
Antilope_imp_gazette17221201	armand_charost	Duc de Charost
Antilope_imp_gazette17221201	louisxv	Roy
Antilope_imp_gazette17221201	charlesalexandre_de_lorraine	le Prince Charles de Lorraine
Antilope_imp_gazette17221201	louisxv	Roy
Antilope_imp_gazette17221201	marie_leszczynska	Madame
Antilope_imp_gazette17221201	bartolomeo_massei	le Nonce du Pape
Antilope_imp_gazette17221201	louisxv	Roy
Antilope_imp_gazette17221201	louisxv	Roy
Antilope_imp_gazette17221201	marie_leszczynska	Madame
Antilope_imp_gazette17221201	josephfleurieuarmenonville	le Garde des Sceaux
Antilope_imp_gazette17221201	louisiv_henri_conde	Grand Maistre de la Maison du Roy
Antilope_imp_gazette17221201	armand_charost	Duc de Charost
Antilope_imp_gazette17221201	charlesalexandre_de_lorraine	le Prince Charles de Lorraine
Antilope_imp_gazette17221201	bartolomeo_massei	le Nonce du Pape
Antilope_imp_gazette17221201	françois_anseaume	le Grand Prieur de l’Abbaye
Antilope_imp_gazette17221201	pierre_crozat	le Tresorier
Antilope_imp_gazette17221201	andre_hercule_de_fleury	l’un des anciens Religieux
Antilope_imp_gazette17221201	louisxv	Roy
Antilope_imp_gazette17221201	armand_jules_rohanguemene	l’Archevêque Duc de Reims
Antilope_imp_gazette17221201	louis_de_sainte_hermine	l’Abbé de Sainte Hermine
Antilope_imp_gazette17221201	francoishonnoreantoine_de_beauvillierssaintaignan	Sous-Chantre
Antilope_imp_gazette17221201	francois_firmin_trudaine	de Senlis
Antilope_imp_gazette17221201	charlesfrancois_dhallencourt_de_dromesnil	de Verdun
Antilope_imp_gazette17221201	louis_ii_de_la_vergbe_de_tressan	de Nantes
Antilope_imp_gazette17221201	gabrielflorent_de_choiseulbeaupre	de Saint Papoul
Antilope_imp_gazette17221201	pierre_sabatier	l’Evesque d’Amiens
Antilope_imp_gazette17221201	languet_gergy	l’Evesque de Soissons
Antilope_imp_gazette17221201	armand_jules_rohanguemene	L'Archevesque de Reims
Antilope_imp_gazette17221201	sieurlejeune	le Jeune
Antilope_imp_gazette17221201	favart_dherbigni	Favart
Antilope_imp_gazette17221201	armand_jules_rohanguemene	L'Archevesque de Reims
Antilope_imp_gazette17221201	louisxv	Roy
Antilope_imp_gazette17221201	languet_gergy	de Soissons
Antilope_imp_gazette17221201	pierre_sabatier	d’Amiens
Antilope_imp_gazette17221201	francois_firmin_trudaine	de Senlis
Antilope_imp_gazette17221201	charlesfrancois_dhallencourt_de_dromesnil	de Verdun
Antilope_imp_gazette17221201	louis_ii_de_la_vergbe_de_tressan	de Nantes
Antilope_imp_gazette17221201	gabrielflorent_de_choiseulbeaupre	de Saint Papoul
Antilope_imp_gazette17221201	armandgaston_maximilien_de_rohan	Le Cardinal de Rohan
Antilope_imp_gazette17221201	henri_pons_de_thiard_de_bissy	le Cardinal de Bissy
Antilope_imp_gazette17221201	leon_potier_de_gesvres	le Cardinal de Gesvres
Antilope_imp_gazette17221201	guillaume_dubois	le Cardinal du Bois
Antilope_imp_gazette17221201	melchior_de_polignac	le Cardinal de Polignac
Antilope_imp_gazette17221201	henri_de_nesmond	de Toulouse
Antilope_imp_gazette17221201	francois_elie_de_voyer_de_paulny_dagenson	de Bordeaux
Antilope_imp_gazette17221201	denisfrancois_bouthilier_de_chavigny	de Sens
Antilope_imp_gazette17221201	armand_pierre_croix_de_castries	d’Alby
Antilope_imp_gazette17221201	francois_blouet_de_camilly	l’Evesque de Toul
Antilope_imp_gazette17221201	henri_charles_du_cambout_de_coislin	de Metz
Antilope_imp_gazette17221201	michel_iii_poncet_de_la_riviere	d’Angers
Antilope_imp_gazette17221201	charlesfrancois_des_monstiers_de_merinville	de Chartres
Antilope_imp_gazette17221201	christophelouis_turpin_de_crisse_de_sanzay	de Rennes
Antilope_imp_gazette17221201	jeanpaulfrancois_lefevre_de_caumartin	de Blois
Antilope_imp_gazette17221201	jacques_begnigne_bossuet	de Troyes
Antilope_imp_gazette17221201	pierrefrancois_lafitau	de Cisteron
Antilope_imp_gazette17221201	francoiscesar_le_blanc	d’Avranches
Antilope_imp_gazette17221201	godefred_ii_de_conflans	du Puy
Antilope_imp_gazette17221201	paulrobert_hertault_de_beaufort	de Leitoure
Antilope_imp_gazette17221201	françois_anseaume	le Grand Prieur de l’Abbaye
Antilope_imp_gazette17221201	pierre_crozat	le Tresorier
Antilope_imp_gazette17221201	andre_hercule_de_fleury	l’un des anciens Religieux
Antilope_imp_gazette17221201	armand_jules_rohanguemene	l’Archevêque Duc de Reims
Antilope_imp_gazette17221201	louis_de_sainte_hermine	l’Abbé de Sainte Hermine
Antilope_imp_gazette17221201	francoishonnoreantoine_de_beauvillierssaintaignan	Sous-Chantre
Antilope_imp_gazette17221201	francois_firmin_trudaine	de Senlis
Antilope_imp_gazette17221201	charlesfrancois_dhallencourt_de_dromesnil	de Verdun
Antilope_imp_gazette17221201	louis_ii_de_la_vergbe_de_tressan	de Nantes
Antilope_imp_gazette17221201	gabrielflorent_de_choiseulbeaupre	de Saint Papoul
Antilope_imp_gazette17221201	pierre_sabatier	l’Evesque d’Amiens
Antilope_imp_gazette17221201	languet_gergy	l’Evesque de Soissons
Antilope_imp_gazette17221201	sieurlejeune	le Jeune
Antilope_imp_gazette17221201	favart_dherbigni	Favart
Antilope_imp_gazette17221201	francois_blouet_de_camilly	l’Evesque de Toul
Antilope_imp_gazette17221201	henri_charles_du_cambout_de_coislin	de Metz
Antilope_imp_gazette17221201	michel_iii_poncet_de_la_riviere	d’Angers
Antilope_imp_gazette17221201	charlesfrancois_des_monstiers_de_merinville	de Chartres
Antilope_imp_gazette17221201	christophelouis_turpin_de_crisse_de_sanzay	de Rennes
Antilope_imp_gazette17221201	jeanpaulfrancois_lefevre_de_caumartin	de Blois
Antilope_imp_gazette17221201	jacques_begnigne_bossuet	de Troyes
Antilope_imp_gazette17221201	pierrefrancois_lafitau	de Cisteron
Antilope_imp_gazette17221201	francoiscesar_le_blanc	d’Avranches
Antilope_imp_gazette17221201	godefred_ii_de_conflans	du Puy
Antilope_imp_gazette17221201	paulrobert_hertault_de_beaufort	de Leitoure
Antilope_imp_gazette17221201	armandgaston_maximilien_de_rohan	Le Cardinal de Rohan
Antilope_imp_gazette17221201	henri_pons_de_thiard_de_bissy	le Cardinal de Bissy
Antilope_imp_gazette17221201	leon_potier_de_gesvres	le Cardinal de Gesvres
Antilope_imp_gazette17221201	guillaume_dubois	le Cardinal du Bois
Antilope_imp_gazette17221201	melchior_de_polignac	le Cardinal de Polignac
Antilope_imp_gazette17221201	henri_de_nesmond	de Toulouse
Antilope_imp_gazette17221201	francois_elie_de_voyer_de_paulny_dagenson	de Bordeaux
Antilope_imp_gazette17221201	denisfrancois_bouthilier_de_chavigny	de Sens
Antilope_imp_gazette17221201	armand_pierre_croix_de_castries	d’Alby
Antilope_imp_gazette17221201	henriignace_de_brancas	l’Abbé de Brancas
Antilope_imp_gazette17221201	edmond_ii_perrot	l’Abbé de Premeaux
Antilope_imp_gazette17221201	alexandre_milon_de_mesmes	Milon
Antilope_imp_gazette17221201	antoine_fagon	de la Vieuville
Antilope_imp_gazette17221201	josephalphonse_de_valbelle_tourves	de Valbelle
Antilope_imp_gazette17221201	francois_de_vabelle_tourves	l’Evesque de Saint Omer
Antilope_imp_gazette17221201	charles_du_plessis_dargentre	d’Argentré
Antilope_imp_gazette17221201	charles_louis_de_froulay	de Froulay
Antilope_imp_gazette17221201	jean_de_caulet	Caulet
Antilope_imp_gazette17221201	henri_hubert_de_courtavel_de_peze	de Pezé
Antilope_imp_gazette17221201	louisxv	Roy
Antilope_imp_gazette17221201	charles_armelot	Amelot
Antilope_imp_gazette17221201	jerome_bignon_de_blanzy	Bignon de Blanzy
Antilope_imp_gazette17221201	michel_robert_le_peletiers_des_forts	le Pelletier des Forts
Antilope_imp_gazette17221201	henri_charles_arnauld_de_pomponne	l’Abbé de Pomponne
Antilope_imp_gazette17221201	charle_francois_de_vintimille_du_luc	le Comte du Luc
Antilope_imp_gazette17221201	nicolas_prosper_bauyn_dangervilliers	d’Angervilliers
Antilope_imp_gazette17221201	rene_louis_de_voyer_de_paulmy	d’Argenson
Antilope_imp_gazette17221201	louis_auguste_achille_de_harlay_de_bonneuil	de Harlay
Antilope_imp_gazette17221201	charlesgasparddodun	Dodun
Antilope_imp_gazette17221201	henri_francois_lambert_dherbigny	d’Herbigny
Antilope_imp_gazette17221201	bernard_chauvelin	Bernard
Antilope_imp_gazette17221201	guillaume_francois_de_la_chevardiere	de la Grandville
Antilope_imp_gazette17221201	philibert_orry	Orry
Antilope_imp_gazette17221201	claude_aubery_de_vastan	de Vastan
Antilope_imp_gazette17221201	gaspard_moise_augustin_de_fontanieu	de Fontanieu
Antilope_imp_gazette17221201	louis_germain_de_talhouet	de Talhoët
Antilope_imp_gazette17221201	niclas_ravot_dombreval	d’Ombreval
Antilope_imp_gazette17221201	barthelemy_de_vanolles	de Vanolles
Antilope_imp_gazette17221201	michel_robert_le_peletiers_des_forts	le Pelletier
Antilope_imp_gazette17221201	bernard_de_noblet	Noblet
Antilope_imp_gazette17221201	jean_perrin	Perrin
Antilope_imp_gazette17221201	francois_poisson	Poisson
Antilope_imp_gazette17221201	jean_charles_joseph_le_noir	le Noir
Antilope_imp_gazette17221201	rene_francois_archambault	Archambault
Antilope_imp_gazette17221201	michel_francois_louis_carpot	Carpot
Antilope_imp_gazette17221201	louisxv	Roy
Antilope_imp_gazette17221201	henriignace_de_brancas	l’Abbé de Brancas
Antilope_imp_gazette17221201	edmond_ii_perrot	l’Abbé de Premeaux
Antilope_imp_gazette17221201	alexandre_milon_de_mesmes	Milon
Antilope_imp_gazette17221201	antoine_fagon	de la Vieuville
Antilope_imp_gazette17221201	josephalphonse_de_valbelle_tourves	de Valbelle
Antilope_imp_gazette17221201	charles_du_plessis_dargentre	d’Argentré
Antilope_imp_gazette17221201	charles_louis_de_froulay	de Froulay
Antilope_imp_gazette17221201	jean_de_caulet	Caulet
Antilope_imp_gazette17221201	henri_hubert_de_courtavel_de_peze	de Pezé
Antilope_imp_gazette17221201	charles_armelot	Amelot
Antilope_imp_gazette17221201	jerome_bignon_de_blanzy	Bignon de Blanzy
Antilope_imp_gazette17221201	michel_robert_le_peletiers_des_forts	le Pelletier des Forts
Antilope_imp_gazette17221201	henri_charles_arnauld_de_pomponne	l’Abbé de Pomponne
Antilope_imp_gazette17221201	charle_francois_de_vintimille_du_luc	le Comte du Luc
Antilope_imp_gazette17221201	nicolas_prosper_bauyn_dangervilliers	d’Angervilliers
Antilope_imp_gazette17221201	rene_louis_de_voyer_de_paulmy	d’Argenson
Antilope_imp_gazette17221201	louis_auguste_achille_de_harlay_de_bonneuil	de Harlay
Antilope_imp_gazette17221201	charlesgasparddodun	Dodun
Antilope_imp_gazette17221201	henri_francois_lambert_dherbigny	d’Herbigny
Antilope_imp_gazette17221201	bernard_chauvelin	Bernard
Antilope_imp_gazette17221201	guillaume_francois_de_la_chevardiere	de la Grandville
Antilope_imp_gazette17221201	philibert_orry	Orry
Antilope_imp_gazette17221201	claude_aubery_de_vastan	de Vastan
Antilope_imp_gazette17221201	gaspard_moise_augustin_de_fontanieu	de Fontanieu
Antilope_imp_gazette17221201	louis_germain_de_talhouet	de Talhoët
Antilope_imp_gazette17221201	niclas_ravot_dombreval	d’Ombreval
Antilope_imp_gazette17221201	barthelemy_de_vanolles	de Vanolles
Antilope_imp_gazette17221201	michel_robert_le_peletiers_des_forts	le Pelletier
Antilope_imp_gazette17221201	bernard_de_noblet	Noblet
Antilope_imp_gazette17221201	jean_perrin	Perrin
Antilope_imp_gazette17221201	francois_poisson	Poisson
Antilope_imp_gazette17221201	jean_charles_joseph_le_noir	le Noir
Antilope_imp_gazette17221201	rene_francois_archambault	Archambault
Antilope_imp_gazette17221201	michel_francois_louis_carpot	Carpot
Antilope_imp_gazette17221201	victormarieestree	Le Mareschal d’Estrées
Antilope_imp_gazette17221201	rene_de_froulay_de_tesse	le Mareschal de Tessé
Antilope_imp_gazette17221201	nicolas_chalon_du_ble	le Mareschal d’Huxelles
Antilope_imp_gazette17221201	louis_ii_phelypeaux_de_la_vrilliere	Le Marquis de la Vrilliere
Antilope_imp_gazette17221201	jean_frederic_phelypeaux	le Comte de Maurepas
Antilope_imp_gazette17221201	claude_le_blanc	le sieur le Blanc
Antilope_imp_gazette17221201	claude_auguste_de_goyon_de_matignon	de Matignon
Antilope_imp_gazette17221201	jacques_bazin_de_bezons	de Bezons
Antilope_imp_gazette17221201	victormarieestree	Le Mareschal d’Estrées
Antilope_imp_gazette17221201	rene_de_froulay_de_tesse	le Mareschal de Tessé
Antilope_imp_gazette17221201	nicolas_chalon_du_ble	le Mareschal d’Huxelles
Antilope_imp_gazette17221201	louis_ii_phelypeaux_de_la_vrilliere	Le Marquis de la Vrilliere
Antilope_imp_gazette17221201	jean_frederic_phelypeaux	le Comte de Maurepas
Antilope_imp_gazette17221201	claude_le_blanc	le sieur le Blanc
Antilope_imp_gazette17221201	claude_auguste_de_goyon_de_matignon	de Matignon
Antilope_imp_gazette17221201	jacques_bazin_de_bezons	de Bezons
Antilope_imp_gazette17221201	louisxv	Sa Majesté
Antilope_imp_gazette17221201	bartolomeo_massei	Le Nonce du Pape
Antilope_imp_gazette17221201	patricio_laules	d’Espagne
Antilope_imp_gazette17221201	perone	de Sardaigne
Antilope_imp_gazette17221201	jean_jacques_de_mesmes	de Malte
Antilope_imp_gazette17221201	nicolas_ii_de_sainctot	Chevalier de Sainctot
Antilope_imp_gazette17221201	jacques_ii_remond	le sieur de Remond
Antilope_imp_gazette17221201	marie_leszczynska	Madame
Antilope_imp_gazette17221201	catherine_opalinska	Madame la Duchesse de Lorraine
Antilope_imp_gazette17221201	manuel_francois_de_portugal	L'Infant Don Emanuel
Antilope_imp_gazette17221201	jean_v_de_portugal	Roy
Antilope_imp_gazette17221201	marie_leszczynska	Madame
Antilope_imp_gazette17221201	bartolomeo_massei	Le Nonce du Pape
Antilope_imp_gazette17221201	patricio_laules	d’Espagne
Antilope_imp_gazette17221201	perone	de Sardaigne
Antilope_imp_gazette17221201	jean_jacques_de_mesmes	de Malte
Antilope_imp_gazette17221201	nicolas_ii_de_sainctot	Chevalier de Sainctot
Antilope_imp_gazette17221201	jacques_ii_remond	le sieur de Remond
Antilope_imp_gazette17221201	marie_leszczynska	Madame
Antilope_imp_gazette17221201	catherine_opalinska	Madame la Duchesse de Lorraine
Antilope_imp_gazette17221201	manuel_francois_de_portugal	L'Infant Don Emanuel
Antilope_imp_gazette17221201	philippe_orleans_regent	Monsieur le Duc d’Orleans
Antilope_imp_gazette17221201	louis_grand_dauphin	le Duc de Bourgogne
Antilope_imp_gazette17221201	louis_orleans	le Duc de Chartres
Antilope_imp_gazette17221201	louisiv_henri_conde	le Duc de Bourbon
Antilope_imp_gazette17221201	charles_de_bourbon_charolais	le Comte de Charolois
Antilope_imp_gazette17221201	louis_alexandre_bourbon	le Comte de Toulouse
Antilope_imp_gazette17221201	louis_de_bourbonconde	le Comte de Clermont
Antilope_imp_gazette17221201	charles_de_habsbourg	le Comte de Flandres
Antilope_imp_gazette17221201	louis_armand_conti	le Prince de Conty
Antilope_imp_gazette17221201	philippe_orleans_regent	Monsieur le Duc d’Orleans
Antilope_imp_gazette17221201	louisiv_henri_conde	le Duc de Bourbon
Antilope_imp_gazette17221201	louis_armand_conti	le Prince de Conty
Antilope_imp_gazette17221201	philippe_orleans_regent	Monsieur le Duc d’Orleans
Antilope_imp_gazette17221201	louis_orleans	le Duc de Chartres
Antilope_imp_gazette17221201	louisiv_henri_conde	le Duc de Bourbon
Antilope_imp_gazette17221201	charles_de_bourbon_charolais	le Comte de Charolois
Antilope_imp_gazette17221201	louis_de_bourbonconde	le Comte de Clermont
Antilope_imp_gazette17221201	louis_armand_conti	le Prince de Conty
Antilope_imp_gazette17221201	armand_jules_rohanguemene	l’Archevesque Duc de Reims
Antilope_imp_gazette17221201	louis_charles_de_saint_albin	l’Evesque Duc de Laon
Antilope_imp_gazette17221201	francoishonnoreantoine_de_beauvillierssaintaignan	l’Evesque Comte de Beauvais
Antilope_imp_gazette17221201	louisxv	Roy
Antilope_imp_gazette17221201	louis_charles_de_saint_albin	le Chantre
Antilope_imp_gazette17221201	francoishonnoreantoine_de_beauvillierssaintaignan	le Sous-Chantre
Antilope_imp_gazette17221201	thomas_dreux_breze	le Marquis de Dreux
Antilope_imp_gazette17221201	louis_charles_de_saint_albin	de Laon
Antilope_imp_gazette17221201	francoishonnoreantoine_de_beauvillierssaintaignan	de Beauvais
Antilope_imp_gazette17221201	louis_charles_de_saint_albin	le Chantre
Antilope_imp_gazette17221201	louis_charles_de_saint_albin	l'Evesque de Laon
Antilope_imp_gazette17221201	louisxv	Louis Quinze
Antilope_imp_gazette17221201	emmanuel_theodose_tour_auvergne	le Prince de Turenne
Antilope_imp_gazette17221201	louisxv	Roy
Antilope_imp_gazette17221201	louis_charles_de_saint_albin	Le Chantre
Antilope_imp_gazette17221201	emmanuel_theodose_tour_auvergne	le Grand Chambellan
Antilope_imp_gazette17221201	louis_charles_de_saint_albin	le Chantre
Antilope_imp_gazette17221201	louis_charles_de_saint_albin	l’Evesque de Laon
Antilope_imp_gazette17221201	louisxv	Louis Quinze
Antilope_imp_gazette17221201	louisxv	Roy
Antilope_imp_gazette17221201	thomas_dreux_breze	Marquis de Dreux
Antilope_imp_gazette17221201	louis_charles_de_saint_albin	l’Evesque de Laon
Antilope_imp_gazette17221201	francoishonnoreantoine_de_beauvillierssaintaignan	l’Evesque de Beauvais
Antilope_imp_gazette17221201	louisxv	Sa Majesté
Antilope_imp_gazette17221201	louisxv	Roy
Antilope_imp_gazette17221201	louisxv	Sa Majesté
Antilope_imp_gazette17221201	louisxv	Roy
Antilope_imp_gazette17221201	louis_charles_de_saint_albin	L'Evesque de Laon
Antilope_imp_gazette17221201	louisxv	Roy
Antilope_imp_gazette17221201	louisxv	Sa Majesté
Antilope_imp_gazette17221201	francoishonnoreantoine_de_beauvillierssaintaignan	l’Evesque de Beauvais
Antilope_imp_gazette17221201	louis_ier_du_bouchet	le Comte de Montsoreau
Antilope_imp_gazette17221201	louis_charles_de_saint_albin	de Laon
Antilope_imp_gazette17221201	francoishonnoreantoine_de_beauvillierssaintaignan	de Beauvais
Antilope_imp_gazette17221201	francois_mace_le_tellier_de_louvois	Marquis de Courtenvaux
Antilope_imp_gazette17221201	joseph_henry_de_bogue	sieur de Bogue
Antilope_imp_gazette17221201	thomas_dreux_breze	Le Marquis de Dreux
Antilope_imp_gazette17221201	sieurgranges	le fieur des Granges
Antilope_imp_gazette17221201	sieurgrangessenior	sieur des Granges son pere
Antilope_imp_gazette17221201	camille_dhostun	le Mareschal Duc de Tallard
Antilope_imp_gazette17221201	claude_auguste_de_goyon_de_matignon	le Comte de Matignon
Antilope_imp_gazette17221201	jacques_medavy	le Comte de Medavy
Antilope_imp_gazette17221201	louis_vincent_de_goesbriand	le Marquis de Goesbriant
Antilope_imp_gazette17221201	claude_louis_hector_de_villars	Le Mareschal Duc de Villars
Antilope_imp_gazette17221201	milletsr	Millet
Antilope_imp_gazette17221201	de_varenne_sr	de Varenne
Antilope_imp_gazette17221201	louisxv	Roy
Antilope_imp_gazette17221201	louisxv	Roy
Antilope_imp_gazette17221201	louis_charles_de_saint_albin	l’Evesque de Laon
Antilope_imp_gazette17221201	francoishonnoreantoine_de_beauvillierssaintaignan	l’Evesque de Beauvais
Antilope_imp_gazette17221201	louisxv	Roy
Antilope_imp_gazette17221201	louis_charles_de_saint_albin	l’Evesque de Laon
Antilope_imp_gazette17221201	francoishonnoreantoine_de_beauvillierssaintaignan	l’Evesque de Beauvais
Antilope_imp_gazette17221201	camille_dhostun	le Mareschal Duc de Tallard
Antilope_imp_gazette17221201	claude_auguste_de_goyon_de_matignon	le Comte de Matignon
Antilope_imp_gazette17221201	jacques_medavy	le Comte de Medavy
Antilope_imp_gazette17221201	louis_vincent_de_goesbriand	le Marquis de Goesbriant
Antilope_imp_gazette17221201	claude_louis_hector_de_villars	Le Mareschal Duc de Villars
Antilope_imp_gazette17221201	milletsr	Millet
Antilope_imp_gazette17221201	de_varenne_sr	de Varenne
Antilope_imp_gazette17221201	charlesalexandre_de_lorraine	Prince Charles de Lorraine
Antilope_imp_gazette17221201	louisxv	Roy
Antilope_imp_gazette17221201	louisxv	Sa Majesté
Antilope_imp_gazette17221201	francois_neufville_villeroy	le Duc de Villeroy
Antilope_imp_gazette17221201	francois_dharcourt	le Duc d’Harcourt
Antilope_imp_gazette17221201	louisxv	Roy
Antilope_imp_gazette17221201	josephfleurieuarmenonville	Le sieur d’Armenonville
Antilope_imp_gazette17221201	louisxv	Roy
Antilope_imp_gazette17221201	hercule_meriadec_rohan	Le Prince de Rohan
Antilope_imp_gazette17221201	louisxv	Roy
Antilope_imp_gazette17221201	emmanuel_theodose_tour_auvergne	le Prince de Turene
Antilope_imp_gazette17221201	louis_daumont_de_rochebaron	le Duc de Villequier
Antilope_imp_gazette17221201	louisxv	Sa Majesté
Antilope_imp_gazette17221201	josephfleurieuarmenonville	Le sieur d’Armenonville
Antilope_imp_gazette17221201	hercule_meriadec_rohan	Le Prince de Rohan
Antilope_imp_gazette17221201	louis_daumont_de_rochebaron	le Duc de Villequier
Antilope_imp_gazette17221201	louisxv	Roy
Antilope_imp_gazette17221201	louisxv	Roy
Antilope_imp_gazette17221201	louis_charles_de_saint_albin	Laon
Antilope_imp_gazette17221201	francoishonnoreantoine_de_beauvillierssaintaignan	Beauvais
Antilope_imp_gazette17221201	armand_jules_rohanguemene	l’Archevesque de Reims
Antilope_imp_gazette17221201	louisxv	Sa Majesté
Antilope_imp_gazette17221201	francois_neufville_villeroy	Duc de Villeroy
Antilope_imp_gazette17221201	francois_dharcourt	>le Duc d’Harcourt
Antilope_imp_gazette17221201	louisxv	Roy
Antilope_imp_gazette17221201	francois_mace_le_tellier_de_louvois	le Marquis de Courtenvaux
Antilope_imp_gazette17221201	louisxv	Roy
Antilope_imp_gazette17221201	louisxv	Sa Majesté
Antilope_imp_gazette17221201	charles_cesar_flahaut_de_la_billarderie	la Billarderie
Antilope_imp_gazette17221201	antoine_de_fauvel	de Fauvel
Antilope_imp_gazette17221201	paul_francois_de_la_grange	de la Grange
Antilope_imp_gazette17221201	claude_louis_hector_de_villars	Le Mareschal de Villars
Antilope_imp_gazette17221201	louisxv	Roy
Antilope_imp_gazette17221201	josephfleurieuarmenonville	Le Garde des Sceaux
Antilope_imp_gazette17221201	claude_louis_hector_de_villars	Connestable
Antilope_imp_gazette17221201	hercule_meriadec_rohan	le Prince de Rohan
Antilope_imp_gazette17221201	louisxv	Roy
Antilope_imp_gazette17221201	josephfleurieuarmenonville	le Chancelier
Antilope_imp_gazette17221201	emmanuel_theodose_tour_auvergne	le Prince de Turene
Antilope_imp_gazette17221201	louis_daumont_de_rochebaron	le Duc de Villequier
Antilope_imp_gazette17221201	charlesalexandre_de_lorraine	Le Prince Charles de Lorraine
Antilope_imp_gazette17221201	louisxv	Roy
Antilope_imp_gazette17221201	armand_charost	le Duc de Charost
Antilope_imp_gazette17221201	louisxv	Sa Majesté
Antilope_imp_gazette17221201	louisxv	Roy
Antilope_imp_gazette17221201	armand_jules_rohanguemene	l’Archevesque de Reims
Antilope_imp_gazette17221201	louisxv	Roy
Antilope_imp_gazette17221201	peregaudart	Pere Gaudart
Antilope_imp_gazette17221201	louisxv	Roy
Antilope_imp_gazette17221201	claude_de_romance	Romance
Antilope_imp_gazette17221201	godet	Godet
Antilope_imp_gazette17221201	de_sainte_catherine_chevalier	de Sainte Catherine
Antilope_imp_gazette17221201	louis_alexandre_dauger	Baron de Neuvisy
Antilope_imp_gazette17221201	Clignet	sieur Clignet
Antilope_imp_gazette17221201	jean_francois_de_bourlamaque	le sieur de Bourlamaque
Antilope_imp_gazette17221201	armand_jules_rohanguemene	le Grand Prieur de l’Abbaye
Antilope_imp_gazette17221201	herucle_louis_turinetti	Le Marquis de Prie
Antilope_imp_gazette17221201	francois_destaing	le Comte d’Estaing
Antilope_imp_gazette17221201	yves_dalegere	le Marquis d’Alegre
Antilope_imp_gazette17221201	marc_de_beauvau_craon	le Marquis de Beauvau
Antilope_imp_gazette17221201	louisxv	Sa Majesté
Antilope_imp_gazette17221201	armand_jules_rohanguemene	L'Archevêque de Reims
Antilope_imp_gazette17221201	sieurgranges	le Maistre des Ceremonies
Antilope_imp_gazette17221201	peregaudart	Grand Prieur de l’Abbaye de Saint Remy
Antilope_imp_gazette17221201	peregaudart	Prelat
Antilope_imp_gazette17221201	armand_jules_rohanguemene	L'Archevesque de Reims
Antilope_imp_gazette17221201	peregaudart	le Grand Prieur
Antilope_imp_gazette17221201	pierre_crozat	le Tresorier de l’Abbaye
Antilope_imp_gazette17221201	jean_francois_de_bourlamaque	le sieur de Bourlamaque
Antilope_imp_gazette17221201	armand_jules_rohanguemene	L'Archevesque de Reims
Antilope_imp_gazette17221201	herucle_louis_turinetti	Le Marquis de Prie
Antilope_imp_gazette17221201	francois_destaing	le Comte d’Estaing
Antilope_imp_gazette17221201	yves_dalegere	le Marquis d’Alegre
Antilope_imp_gazette17221201	marc_de_beauvau_craon	le Marquis de Beauvau
Antilope_imp_gazette17221201	sieurgranges	le Maistre des Ceremonies
Antilope_imp_gazette17221201	peregaudart	le Grand Prieur
Antilope_imp_gazette17221201	pierre_crozat	le Tresorier de l’Abbaye
Antilope_imp_gazette17221201	claude_de_romance	Romance
Antilope_imp_gazette17221201	godet	Godet
Antilope_imp_gazette17221201	de_sainte_catherine_chevalier	de Sainte Catherine
Antilope_imp_gazette17221201	Clignet	sieur Clignet
Antilope_imp_gazette17221201	armand_jules_rohanguemene	L'Archevesque de Reims
Antilope_imp_gazette17221201	armand_jules_rohanguemene	il
Antilope_imp_gazette17221201	armand_jules_rohanguemene	L'Archevesque de Reims
Antilope_imp_gazette17221201	louisxv	Roy
Antilope_imp_gazette17221201	louisxv	Sa Majesté
Antilope_imp_gazette17221201	louis_charles_de_saint_albin	de Laon
Antilope_imp_gazette17221201	francoishonnoreantoine_de_beauvillierssaintaignan	de Beauvais
Antilope_imp_gazette17221201	louisxv	Roy
Antilope_imp_gazette17221201	louisxv	Sa Majesté
Antilope_imp_gazette17221201	louis_charles_de_saint_albin	de Laon
Antilope_imp_gazette17221201	francoishonnoreantoine_de_beauvillierssaintaignan	de Beauvais
Antilope_imp_gazette17221201	louisxv	Roy
Antilope_imp_gazette17221201	armand_jules_rohanguemene	l’Archevesque de Reims
Antilope_imp_gazette17221201	louisxv	Roy
Antilope_imp_gazette17221201	louisxv	Roy
Antilope_imp_gazette17221201	louisxv	Sa Majesté
Antilope_imp_gazette17221201	louisxiv	Louis XIV.
Antilope_imp_gazette17221201	louisxv	Roy
Antilope_imp_gazette17221201	louisxiv	Louis XIV
Antilope_imp_gazette17221201	armand_jules_rohanguemene	L'Archevêque de Reims
Antilope_imp_gazette17221201	louisxv	Roy
Antilope_imp_gazette17221201	louis_charles_de_saint_albin	de Laon
Antilope_imp_gazette17221201	francoishonnoreantoine_de_beauvillierssaintaignan	de Beauvais
Antilope_imp_gazette17221201	louis_daumont_de_rochebaron	Le Duc de Villequier
Antilope_imp_gazette17221201	louis_de_nyert	sieur de Nyert
Antilope_imp_gazette17221201	charlesalexandre_de_lorraine	le Prince Charles de Lorraine
Antilope_imp_gazette17221201	louisxv	Sa Majesté
Antilope_imp_gazette17221201	georges_rene_binet	au sieur Binet
Antilope_imp_gazette17221201	armand_jules_rohanguemene	L'Archevêque
Antilope_imp_gazette17221201	louisxv	Roy
Antilope_imp_gazette17221201	louisxv	Sa Majesté
Antilope_imp_gazette17221201	emmanuel_theodose_tour_auvergne	le Prince de Turene
Antilope_imp_gazette17221201	louisxv	Roy
Antilope_imp_gazette17221201	philippe_orleans_regent	Monsieur le Duc d’Orleans
Antilope_imp_gazette17221201	louis_grand_dauphin	le Duc de Bourgogne
Antilope_imp_gazette17221201	louisxv	Sa Majesté
Antilope_imp_gazette17221201	philippe_orleans_regent	il
Antilope_imp_gazette17221201	armand_jules_rohanguemene	L'Archevêque de Reims
Antilope_imp_gazette17221201	armand_jules_rohanguemene	il
Antilope_imp_gazette17221201	louisxv	Roy
Antilope_imp_gazette17221201	armand_jules_rohanguemene	il
Antilope_imp_gazette17221201	armand_jules_rohanguemene	il
Antilope_imp_gazette17221201	louisxv	Sa Majesté
Antilope_imp_gazette17221201	armand_jules_rohanguemene	L'Archevêque
Antilope_imp_gazette17221201	louisxv	Roy
Antilope_imp_gazette17221201	louisxv	Sa Majesté
Antilope_imp_gazette17221201	claude_louis_hector_de_villars	Mareschal Duc de Villars
Antilope_imp_gazette17221201	armand_jules_rohanguemene	L'Archevêque de Reims
Antilope_imp_gazette17221201	peregaudart	le Grand Prieur de l’Abbaye de Saint Remy
Antilope_imp_gazette17221201	pierre_crozat	Tresorier
Antilope_imp_gazette17221201	peregaudart	Prelat
Antilope_imp_gazette17221201	peregaudart	il
Antilope_imp_gazette17221201	francois_firmin_trudaine	de Senlis
Antilope_imp_gazette17221201	charlesfrancois_dhallencourt_de_dromesnil	de Verdun
Antilope_imp_gazette17221201	louis_ii_de_la_vergbe_de_tressan	de Nantes
Antilope_imp_gazette17221201	gabrielflorent_de_choiseulbeaupre	de Saint Papoul
Antilope_imp_gazette17221201	louisxv	Roy
Antilope_imp_gazette17221201	armand_jules_rohanguemene	l’Archevêque de Reims
Antilope_imp_gazette17221201	louisxv	Roy
Antilope_imp_gazette17221201	armand_jules_rohanguemene	l’Archevêque de Reims
Antilope_imp_gazette17221201	louis_charles_de_saint_albin	de Laon
Antilope_imp_gazette17221201	francoishonnoreantoine_de_beauvillierssaintaignan	de Beauvais
Antilope_imp_gazette17221201	louisxv	Roy
Antilope_imp_gazette17221201	armand_jules_rohanguemene	l’Archevêque
Antilope_imp_gazette17221201	louisxv	Roy
Antilope_imp_gazette17221201	louisxv	Sa Majesté
Antilope_imp_gazette17221201	armand_jules_rohanguemene	l’Archevêque de Reims
Antilope_imp_gazette17221201	louis_charles_de_saint_albin	de Laon
Antilope_imp_gazette17221201	francoishonnoreantoine_de_beauvillierssaintaignan	de Beauvais
Antilope_imp_gazette17221201	louisxv	Roy
Antilope_imp_gazette17221201	emmanuel_theodose_tour_auvergne	Prince de Turene
Antilope_imp_gazette17221201	louisxv	Roy
Antilope_imp_gazette17221201	armand_jules_rohanguemene	l’Archevêque de Reims
Antilope_imp_gazette17221201	armand_jules_rohanguemene	Prelat
Antilope_imp_gazette17221201	louis_de_nyert	sieur de Nyert
Antilope_imp_gazette17221201	louis_de_nyert	il
Antilope_imp_gazette17221201	louisxv	Roy
Antilope_imp_gazette17221201	armand_jules_rohanguemene	L'Archevêque de Reims
Antilope_imp_gazette17221201	louisxv	Roy
Antilope_imp_gazette17221201	josephfleurieuarmenonville	le sieur d’Armenonville
Antilope_imp_gazette17221201	philippe_orleans_regent	Monsieur le Duc d’Orleans
Antilope_imp_gazette17221201	louis_grand_dauphin	le Duc de Bourgogne
Antilope_imp_gazette17221201	louis_orleans	le Duc de Chartres
Antilope_imp_gazette17221201	louisiv_henri_conde	le Duc de Bourbon
Antilope_imp_gazette17221201	charles_de_bourbon_charolais	le Comte de Charolois
Antilope_imp_gazette17221201	louis_alexandre_bourbon	le Comte de Toulouse
Antilope_imp_gazette17221201	louis_de_bourbonconde	le Comte de Clermont
Antilope_imp_gazette17221201	charles_de_habsbourg	le Comte de Flandres
Antilope_imp_gazette17221201	louis_armand_conti	le Prince de Conty
Antilope_imp_gazette17221201	louis_charles_de_saint_albin	l’Eveque Duc de Laon
Antilope_imp_gazette17221201	nicolas_charles_saulx_tavanes	l’Evêque Comte de Châlons
Antilope_imp_gazette17221201	francois_louis_de_clermont_tonnerre	l’Evêque Duc de Langres
Antilope_imp_gazette17221201	francoishonnoreantoine_de_beauvillierssaintaignan	l’Evêque Comte de Beauvais
Antilope_imp_gazette17221201	charlefrancois_chateauneuf_de_rochebonne	l’Evêque Comte de Noyon
Antilope_imp_gazette17221201	nicolas_charles_saulx_tavanes	l’Evêque Comte de Châlons
Antilope_imp_gazette17221201	andre_hercule_de_fleury	l’ancien Evêque de Frejus
Antilope_imp_gazette17221201	charlefrancois_chateauneuf_de_rochebonne	l’Evêque Comte de Noyon
Antilope_imp_gazette17221201	josephfleurieuarmenonville	Le Garde des Sceaux de France
Antilope_imp_gazette17221201	louisxv	Roy
Antilope_imp_gazette17221201	armand_jules_rohanguemene	l’Archevêque Duc de Reims
Antilope_imp_gazette17221201	louisxv	Roy
Antilope_imp_gazette17221201	armand_jules_rohanguemene	l’Archevêque Duc de Reims
Antilope_imp_gazette17221201	philippe_orleans_regent	Monsieur le Duc d’Orleans
Antilope_imp_gazette17221201	louis_orleans	le Duc de Chartres
Antilope_imp_gazette17221201	charles_de_bourbon_charolais	le Comte de Charolois
Antilope_imp_gazette17221201	louis_de_bourbonconde	le Comte de Clermont
Antilope_imp_gazette17221201	louis_armand_conti	le Prince de Conty
Antilope_imp_gazette17221201	louis_charles_de_saint_albin	l’Eveque Duc de Laon
Antilope_imp_gazette17221201	francoishonnoreantoine_de_beauvillierssaintaignan	l’Evêque Comte de Beauvais
Antilope_imp_gazette17221201	charlefrancois_chateauneuf_de_rochebonne	l’Evêque Comte de Noyon
Antilope_imp_gazette17221201	andre_hercule_de_fleury	l’ancien Evêque de Frejus
Antilope_imp_gazette17221201	josephfleurieuarmenonville	Le Garde des Sceaux de France
Antilope_imp_gazette17221201	armand_jules_rohanguemene	l’Archevêque Duc de Reims
Antilope_imp_gazette17221201	louisxv	Roy
Antilope_imp_gazette17221201	claude_louis_hector_de_villars	Duc de Villars
Antilope_imp_gazette17221201	louisxv	Roy
Antilope_imp_gazette17221201	francois_neufville_villeroy	Le Duc de Villeroy
Antilope_imp_gazette17221201	francois_dharcourt	le Duc d’Harcourt
Antilope_imp_gazette17221201	louisxv	Sa Majesté
Antilope_imp_gazette17221201	charlesalexandre_de_lorraine	Prince Charles de Lorraine
Antilope_imp_gazette17221201	josephfleurieuarmenonville	Le Garde des Sceaux
Antilope_imp_gazette17221201	louisxv	Roy
Antilope_imp_gazette17221201	hercule_meriadec_rohan	le Prince de Rohan
Antilope_imp_gazette17221201	louisxv	Sa Majesté
Antilope_imp_gazette17221201	emmanuel_theodose_tour_auvergne	le Prince de Turene
Antilope_imp_gazette17221201	louis_daumont_de_rochebaron	le Duc de Villequier
Antilope_imp_gazette17221201	louisxv	Roy
Antilope_imp_gazette17221201	louisxv	Roy
Antilope_imp_gazette17221201	armand_jules_rohanguemene	l’Archevêque Duc de Reims
Antilope_imp_gazette17221201	louisxv	Roy
Antilope_imp_gazette17221201	louisxv	Sa Majesté
Antilope_imp_gazette17221201	louisxv	son Monarque
Antilope_imp_gazette17221201	louisxv	Roy
Antilope_imp_gazette17221201	louisxv	Roy
Antilope_imp_gazette17221201	louisxv	Roy
Antilope_imp_gazette17221201	louisxv	Roy
Antilope_imp_gazette17221201	louis_charles_de_saint_albin	le Chantre
Antilope_imp_gazette17221201	francoishonnoreantoine_de_beauvillierssaintaignan	le Sous-Chantre
Antilope_imp_gazette17221201	louisxv	Roy
Antilope_imp_gazette17221201	armand_jules_rohanguemene	l’Archevêque de Reims
Antilope_imp_gazette17221201	guinaut_abbe	l’Abbé Guinaut
Antilope_imp_gazette17221201	louisxv	Roy
Antilope_imp_gazette17221201	alexandre_milon_de_mesmes	l’Abbé Milon
Antilope_imp_gazette17221201	louisxv	Roy
Antilope_imp_gazette17221201	louisxv	Sa Majesté
Antilope_imp_gazette17221201	armand_jules_rohanguemene	l’Archevêque
Antilope_imp_gazette17221201	pierre_sabatier	l’Evêque d’Amiens
Antilope_imp_gazette17221201	languet_gergy	l’Evêque de Soissons
Antilope_imp_gazette17221201	philippe_orleans_regent	Monsieur le Duc d’Orleans
Antilope_imp_gazette17221201	louis_grand_dauphin	le Duc de Bourgogne
Antilope_imp_gazette17221201	louisxv	Roy
Antilope_imp_gazette17221201	louisxv	Sa Majesté
Antilope_imp_gazette17221201	thomas_dreux_breze	le Grand Maistre
Antilope_imp_gazette17221201	sieurgranges	le Maistre
Antilope_imp_gazette17221201	louisxv	Roy
Antilope_imp_gazette17221201	marie_leszczynska	Madame
Antilope_imp_gazette17221201	thomas_dreux_breze	Le Marquis de Dreux
Antilope_imp_gazette17221201	louisxv	Roy
Antilope_imp_gazette17221201	thomas_dreux_breze	Grand Maistre
Antilope_imp_gazette17221201	sieurgranges	du Maistre
Antilope_imp_gazette17221201	languet_gergy	l’Evêque de Soissons
Antilope_imp_gazette17221201	favart_dherbigni	d’un Chanoine Diacre
Antilope_imp_gazette17221201	armandgaston_maximilien_de_rohan	Le Cardinal de Rohan
Antilope_imp_gazette17221201	louisxv	Roy
Antilope_imp_gazette17221201	louisxv	Roy
Antilope_imp_gazette17221201	languet_gergy	l’Evêque Diacre
Antilope_imp_gazette17221201	louisxv	Sa Majesté
Antilope_imp_gazette17221201	louisxv	Roy
Antilope_imp_gazette17221201	louisxv	Roy
Antilope_imp_gazette17221201	camille_dhostun	Mareschal Duc de Tallard
Antilope_imp_gazette17221201	claude_auguste_de_goyon_de_matignon	Comte de Matignon
Antilope_imp_gazette17221201	jacques_medavy	Comte de Medavy
Antilope_imp_gazette17221201	louis_vincent_de_goesbriand	au Marquis de Goesbriant
Antilope_imp_gazette17221201	thomas_dreux_breze	le Grand Maistre
Antilope_imp_gazette17221201	sieurgranges	le Maistre
Antilope_imp_gazette17221201	louisxv	Roy
Antilope_imp_gazette17221201	louisxv	Roy
Antilope_imp_gazette17221201	louisxv	Sa Majesté
Antilope_imp_gazette17221201	thomas_dreux_breze	le Grand Maistre
Antilope_imp_gazette17221201	sieurgranges	le Maistre
Antilope_imp_gazette17221201	louisiv_henri_conde	le Grand Maistre
Antilope_imp_gazette17221201	louisxv	Roy
Antilope_imp_gazette17221201	josephfleurieuarmenonville	le Garde de Sceaux
Antilope_imp_gazette17221201	claude_louis_hector_de_villars	le Mareschal Duc de Villars
Antilope_imp_gazette17221201	louisxv	Roy
Antilope_imp_gazette17221201	charlesalexandre_de_lorraine	Le Prince Charles de Lorraine
Antilope_imp_gazette17221201	armand_charost	le Duc de Charost
Antilope_imp_gazette17221201	louisxv	Sa Majesté
Antilope_imp_gazette17221201	louisxv	Roy
Antilope_imp_gazette17221201	emmanuel_theodose_tour_auvergne	le Grand Chambellan
Antilope_imp_gazette17221201	louis_daumont_de_rochebaron	le Premier Gentilhomme de la Chambre
Antilope_imp_gazette17221201	louisxv	Roy
Antilope_imp_gazette17221201	armand_jules_rohanguemene	l’Archevêque de Reims
Antilope_imp_gazette17221201	louisxv	Sa Majesté
Antilope_imp_gazette17221201	rene_de_froulay_de_tesse	Mareschal de Tesse
Antilope_imp_gazette17221201	nicolas_chalon_du_ble	Mareschal d’Huxelles
Antilope_imp_gazette17221201	louisxv	Roy
Antilope_imp_gazette17221201	louis_vincent_de_goesbriand	Marquis de Goesbriant
Antilope_imp_gazette17221201	jacques_medavy	du Comte de Medavy,
Antilope_imp_gazette17221201	claude_auguste_de_goyon_de_matignon	du Comte de Matignon
Antilope_imp_gazette17221201	camille_dhostun	du Mareschal Duc de Tallard
Antilope_imp_gazette17221201	louisxv	Sa Majesté
Antilope_imp_gazette17221201	armand_jules_rohanguemene	l’Archevêque de Reims
Antilope_imp_gazette17221201	louisxv	Roy
Antilope_imp_gazette17221201	louisxv	Roy
Antilope_imp_gazette17221201	thomas_dreux_breze	le Grand Maistre
Antilope_imp_gazette17221201	sieurgranges	le Maistre
Antilope_imp_gazette17221201	louisiv_henri_conde	le Grand Maistre
Antilope_imp_gazette17221201	josephfleurieuarmenonville	le Garde de Sceaux
Antilope_imp_gazette17221201	charlesalexandre_de_lorraine	Le Prince Charles de Lorraine
Antilope_imp_gazette17221201	armand_charost	le Duc de Charost
Antilope_imp_gazette17221201	emmanuel_theodose_tour_auvergne	le Grand Chambellan
Antilope_imp_gazette17221201	louis_daumont_de_rochebaron	le Premier Gentilhomme de la Chambre
Antilope_imp_gazette17221201	armand_jules_rohanguemene	l’Archevêque de Reims
Antilope_imp_gazette17221201	nicolas_chalon_du_ble	Mareschal d’Huxelles
Antilope_imp_gazette17221201	rene_de_froulay_de_tesse	Mareschal de Tesse
Antilope_imp_gazette17221201	louis_vincent_de_goesbriand	Marquis de Goesbriant
Antilope_imp_gazette17221201	jacques_medavy	du Comte de Medavy,
Antilope_imp_gazette17221201	claude_auguste_de_goyon_de_matignon	du Comte de Matignon
Antilope_imp_gazette17221201	camille_dhostun	du Mareschal Duc de Tallard
Antilope_imp_gazette17221201	louisxv	Sa Majesté
Antilope_imp_gazette17221201	alexandre_milon_de_mesmes	l’Abbé Milon
Antilope_imp_gazette17221201	louisxv	Roy
Antilope_imp_gazette17221201	louisxv	Roy
Antilope_imp_gazette17221201	philippe_orleans_regent	Monsieur le Duc d’Orleans
Antilope_imp_gazette17221201	louis_grand_dauphin	Duc de Bourgogne
Antilope_imp_gazette17221201	louisxv	Roy
Antilope_imp_gazette17221201	philippe_orleans_regent	Monsieur le Duc d’Orleans
Antilope_imp_gazette17221201	louisxv	Roy
Antilope_imp_gazette17221201	louisxv	Sa Majesté
Antilope_imp_gazette17221201	armand_jules_rohanguemene	l’Archevêque de Reims
Antilope_imp_gazette17221201	thomas_dreux_breze	le Grand Maistre
Antilope_imp_gazette17221201	sieurgranges	le Maistre
Antilope_imp_gazette17221201	thomas_dreux_breze	le Marquis de Dreux
Antilope_imp_gazette17221201	armandgaston_maximilien_de_rohan	Cardinal de Rohan
Antilope_imp_gazette17221201	louisxv	Sa Majesté
Antilope_imp_gazette17221201	louisxv	Roy
Antilope_imp_gazette17221201	louisxv	Sa Majesté
Antilope_imp_gazette17221201	armandgaston_maximilien_de_rohan	le Cardinal de Rohan
Antilope_imp_gazette17221201	louisxv	Roy
Antilope_imp_gazette17221201	emmanuel_theodose_tour_auvergne	le Grand Chambellan de France
Antilope_imp_gazette17221201	louisleonmariepotierdegesvre	le Premier Gentilhomme de la Chambre
Antilope_imp_gazette17221201	louisiv_henri_conde	Grand Maistre de la Maison du Roy
Antilope_imp_gazette17221201	louisxv	Sa Majesté
Antilope_imp_gazette17221201	rene_de_froulay_de_tesse	Mareschal de Tessé
Antilope_imp_gazette17221201	nicolas_chalon_du_ble	Mareschal d’Huxelles
Antilope_imp_gazette17221201	victormarieestree	le Mareschal d’Estrées
Antilope_imp_gazette17221201	philippe_orleans_regent	Monsieur le Duc d’Orleans
Antilope_imp_gazette17221201	louis_grand_dauphin	Duc de Bourgogne
Antilope_imp_gazette17221201	louisxv	Sa Majesté
Antilope_imp_gazette17221201	louisxv	Roy
Antilope_imp_gazette17221201	armand_jules_rohanguemene	L'Archevêque de Reims
Antilope_imp_gazette17221201	louisxv	Roy
Antilope_imp_gazette17221201	armandgaston_maximilien_de_rohan	le Cardinal de Rohan
Antilope_imp_gazette17221201	henri_charles_du_cambout_de_coislin	l’Evêque de Metz
Antilope_imp_gazette17221201	louisxv	Sa Majesté
Antilope_imp_gazette17221201	louisxv	Roy
Antilope_imp_gazette17221201	philippe_orleans_regent	Monsieur le Duc d’Orleans
Antilope_imp_gazette17221201	louis_orleans	Duc de Chartres
Antilope_imp_gazette17221201	louisxv	Sa Majesté
Antilope_imp_gazette17221201	rene_de_froulay_de_tesse	Mareschal de Tessé
Antilope_imp_gazette17221201	nicolas_chalon_du_ble	Mareschal d’Huxelles
Antilope_imp_gazette17221201	victormarieestree	le Mareschal d’Estrées
Antilope_imp_gazette17221201	philippe_orleans_regent	Monsieur le Duc d’Orleans
Antilope_imp_gazette17221201	armand_jules_rohanguemene	L'Archevêque de Reims
Antilope_imp_gazette17221201	armandgaston_maximilien_de_rohan	le Cardinal de Rohan
Antilope_imp_gazette17221201	henri_charles_du_cambout_de_coislin	l’Evêque de Metz
Antilope_imp_gazette17221201	louis_orleans	Duc de Chartres
Antilope_imp_gazette17221201	louisxv	Roy
Antilope_imp_gazette17221201	armand_jules_rohanguemene	l’Archevêque de Reims
Antilope_imp_gazette17221201	victormarieestree	Mareschal d’Estrées
Antilope_imp_gazette17221201	louisxv	Roy
Antilope_imp_gazette17221201	louisxv	Sa Majesté
Antilope_imp_gazette17221201	louis_ier_du_bouchet	le Comte de Montsoreau
Antilope_imp_gazette17221201	francois_mace_le_tellier_de_louvois	le Marquis de Courtenvaux
Antilope_imp_gazette17221201	thomas_dreux_breze	le Grand Maistre
Antilope_imp_gazette17221201	sieurgranges	le Maistre des Ceremonies
Antilope_imp_gazette17221201	victormarieestree	Le Mareschal d’Estrées
Antilope_imp_gazette17221201	rene_de_froulay_de_tesse	le Mareschal de Tessé
Antilope_imp_gazette17221201	nicolas_chalon_du_ble	le Mareschal d’Huxelles
Antilope_imp_gazette17221201	louisxv	Roy
Antilope_imp_gazette17221201	claude_louis_hector_de_villars	Mareschal Duc de Villars
Antilope_imp_gazette17221201	charlesalexandre_de_lorraine	Le Prince Charles de Lorraine
Antilope_imp_gazette17221201	louisxv	Sa Majesté
Antilope_imp_gazette17221201	francois_neufville_villeroy	de Villeroy
Antilope_imp_gazette17221201	francois_dharcourt	d’Harcourt
Antilope_imp_gazette17221201	armand_jules_rohanguemene	L'Archevesque Duc de Reims
Antilope_imp_gazette17221201	philippe_orleans_regent	Monsieur le Duc d’Orleans
Antilope_imp_gazette17221201	louis_grand_dauphin	Duc de Bourgogne
Antilope_imp_gazette17221201	louisxv	Roy
Antilope_imp_gazette17221201	armand_jules_rohanguemene	l’Archevesque
Antilope_imp_gazette17221201	louisxv	Roy
Antilope_imp_gazette17221201	josephfleurieuarmenonville	Le Garde des Sceaux
Antilope_imp_gazette17221201	louisxv	Sa Majesté
Antilope_imp_gazette17221201	hercule_meriadec_rohan	du Prince de Rohan
Antilope_imp_gazette17221201	emmanuel_theodose_tour_auvergne	le Prince de Turene
Antilope_imp_gazette17221201	louis_daumont_de_rochebaron	le Duc de Villequier
Antilope_imp_gazette17221201	armand_charost	le Duc de Charost
Antilope_imp_gazette17221201	louisxv	Roy
Antilope_imp_gazette17221201	louisxv	Sa Majesté
Antilope_imp_gazette17221201	peregaudart	le Grand Prieur de l’Abbaye de Saint Remy
Antilope_imp_gazette17221201	armand_jules_rohanguemene	l’Archevesque de Reims
Antilope_imp_gazette17221201	armand_jules_rohanguemene	il
Antilope_imp_gazette17221201	louisxv	Roy
Antilope_imp_gazette17221201	louisxv	Sa Majesté
Antilope_imp_gazette17221201	armandgaston_maximilien_de_rohan	Cardinal de Rohan
Antilope_imp_gazette17221201	louisxv	Roy
Antilope_imp_gazette17221201	louisxv	Sa Majesté
Antilope_imp_gazette17221201	rene_de_froulay_de_tesse	Mareschal de Tessé
Antilope_imp_gazette17221201	nicolas_chalon_du_ble	Mareschal d’Huxelles
Antilope_imp_gazette17221201	louisxv	Roy
Antilope_imp_gazette17221201	louisxv	Roy
Antilope_imp_gazette17221201	louisxv	Roy
Antilope_imp_gazette17221201	bartolomeo_massei	le Nonce du Pape
Antilope_imp_gazette17221201	emmanuel_theodose_tour_auvergne	le Grand Chambellan de France
Antilope_imp_gazette17221201	louisxv	Sa Majesté
Antilope_imp_gazette17221201	catherine_opalinska	Madame la Duchesse de Lorraine
Antilope_imp_gazette17221201	charles_timoleon_louis_de_cosse	le Duc de Brissac
Antilope_imp_gazette17221201	louisxv	Roy
Antilope_imp_gazette17221201	louisxv	Sa Majesté
Antilope_imp_gazette17221201	marc_antoine_front_de_beaupoil_de_saint_aulaire	Marquis de Lanmary
Antilope_imp_gazette17221201	louisxv	Roy
Antilope_imp_gazette17221201	francois_alexandre_aubert_de_la_chesnaye_desbois	Marquis de la Chesnaye
Antilope_imp_gazette17221201	thomas_dreux_breze	Le Marquis de Dreux
Antilope_imp_gazette17221201	thomas_dreux_breze	le Grand Maistre
Antilope_imp_gazette17221201	louisxv	Roy
Antilope_imp_gazette17221201	louisxv	Sa Majesté
Antilope_imp_gazette17221201	hercule_meriadec_rohan	le Prince de Rohan
Antilope_imp_gazette17221201	thomas_dreux_breze	du Grand Maistre
Antilope_imp_gazette17221201	sieurgranges	du Maistre des ceremo-
Antilope_imp_gazette17221201	louisxv	Roy
Antilope_imp_gazette17221201	hercule_meriadec_rohan	Premier Maistre d’Hôtel du Roy
Antilope_imp_gazette17221201	hercule_meriadec_rohan	Le Prince de Rohan
Antilope_imp_gazette17221201	charles_timoleon_louis_de_cosse	le Duc de Brissac
Antilope_imp_gazette17221201	louisxv	Sa Majesté
Antilope_imp_gazette17221201	francois_alexandre_aubert_de_la_chesnaye_desbois	Le Marquis de la Chesnaye
Antilope_imp_gazette17221201	louisxv	Roy
Antilope_imp_gazette17221201	louisxv	Sa Majesté
Antilope_imp_gazette17221201	hercule_meriadec_rohan	le Prince de Rohan
Antilope_imp_gazette17221201	louisxv	Roy
Antilope_imp_gazette17221201	thomas_dreux_breze	le Grand Maistre
Antilope_imp_gazette17221201	sieurgranges	le Maistre des ceremonies
Antilope_imp_gazette17221201	hercule_meriadec_rohan	le Premier Maistre d’Hôtel
Antilope_imp_gazette17221201	camille_dhostun	Mareschal Duc de Tallard
Antilope_imp_gazette17221201	claude_auguste_de_goyon_de_matignon	le Comte de Matignon
Antilope_imp_gazette17221201	jacques_medavy	le Comte de Medavy
Antilope_imp_gazette17221201	louis_vincent_de_goesbriand	le Marquis de Goesbriant
Antilope_imp_gazette17221201	victormarieestree	Mareschal d’Estrées
Antilope_imp_gazette17221201	rene_de_froulay_de_tesse	de Tessé
Antilope_imp_gazette17221201	nicolas_chalon_du_ble	d’Huxelles
Antilope_imp_gazette17221201	hercule_meriadec_rohan	du Prince de Rohan
Antilope_imp_gazette17221201	emmanuel_theodose_tour_auvergne	le Prince de Turene
Antilope_imp_gazette17221201	louis_daumont_de_rochebaron	le Duc de Villequier
Antilope_imp_gazette17221201	claude_louis_hector_de_villars	du Mareschal Duc de Villars
Antilope_imp_gazette17221201	louisxv	Sa Majesté
Antilope_imp_gazette17221201	francois_neufville_villeroy	de Villeroy
Antilope_imp_gazette17221201	francois_dharcourt	d’Harcourt
Antilope_imp_gazette17221201	armand_charost	le Duc de Charost
Antilope_imp_gazette17221201	louisxv	Roy
Antilope_imp_gazette17221201	armand_jules_rohanguemene	l’Ar-
Antilope_imp_gazette17221201	thomas_dreux_breze	le Grand Maistre
Antilope_imp_gazette17221201	sieurgranges	le Maistre des ceremonies
Antilope_imp_gazette17221201	hercule_meriadec_rohan	le Premier Maistre d’Hôtel
Antilope_imp_gazette17221201	camille_dhostun	Mareschal Duc de Tallard
Antilope_imp_gazette17221201	claude_auguste_de_goyon_de_matignon	le Comte de Matignon
Antilope_imp_gazette17221201	jacques_medavy	le Comte de Medavy
Antilope_imp_gazette17221201	louis_vincent_de_goesbriand	le Marquis de Goesbriant
Antilope_imp_gazette17221201	victormarieestree	Mareschal d’Estrées
Antilope_imp_gazette17221201	rene_de_froulay_de_tesse	de Tessé
Antilope_imp_gazette17221201	nicolas_chalon_du_ble	d’Huxelles
Antilope_imp_gazette17221201	emmanuel_theodose_tour_auvergne	le Prince de Turene
Antilope_imp_gazette17221201	louis_daumont_de_rochebaron	le Duc de Villequier
Antilope_imp_gazette17221201	claude_louis_hector_de_villars	du Mareschal Duc de Villars
Antilope_imp_gazette17221201	louisxv	Sa Majesté
Antilope_imp_gazette17221201	francois_neufville_villeroy	de Villeroy
Antilope_imp_gazette17221201	francois_dharcourt	d’Harcourt
Antilope_imp_gazette17221201	armand_charost	le Duc de Charost
Antilope_imp_gazette17221201	armand_jules_rohanguemene	chevesque Duc Reims
Antilope_imp_gazette17221201	philippe_orleans_regent	Monsieur le Duc d’Orleans
Antilope_imp_gazette17221201	louis_grand_dauphin	le Duc de Bourgogne
Antilope_imp_gazette17221201	charlesalexandre_de_lorraine	le Prince Charles de Lorraine
Antilope_imp_gazette17221201	josephfleurieuarmenonville	le Garde des Sceaux
Antilope_imp_gazette17221201	louisxv	Sa Majesté
Antilope_imp_gazette17221201	armand_jules_rohanguemene	chevesque Duc Reims
Antilope_imp_gazette17221201	philippe_orleans_regent	Monsieur le Duc d’Orleans
Antilope_imp_gazette17221201	charlesalexandre_de_lorraine	le Prince Charles de Lorraine
Antilope_imp_gazette17221201	josephfleurieuarmenonville	le Garde des Sceaux
Antilope_imp_gazette17221201	louisxv	Sa Majesté
Antilope_imp_gazette17221201	louisxv	Roy
Antilope_imp_gazette17221201	armand_jules_rohanguemene	l’Archevesque Duc de Reims
Antilope_imp_gazette17221201	victormarieestree	d’Estrées
Antilope_imp_gazette17221201	rene_de_froulay_de_tesse	de Tessé
Antilope_imp_gazette17221201	nicolas_chalon_du_ble	d’Huxelles
Antilope_imp_gazette17221201	claude_louis_hector_de_villars	Le Mareschal Duc de Villars
Antilope_imp_gazette17221201	louisxv	Roy
Antilope_imp_gazette17221201	charlesalexandre_de_lorraine	Le Prince Charles de Lorraine
Antilope_imp_gazette17221201	louisxv	Sa Majesté
Antilope_imp_gazette17221201	francois_neufville_villeroy	Villeroy
Antilope_imp_gazette17221201	francois_dharcourt	d’Harcourt
Antilope_imp_gazette17221201	hercule_meriadec_rohan	Le Prince de Rohan
Antilope_imp_gazette17221201	louisxv	Roy
Antilope_imp_gazette17221201	louisxv	Sa Majesté
Antilope_imp_gazette17221201	charles_timoleon_louis_de_cosse	Le Grand Pannetier
Antilope_imp_gazette17221201	marc_antoine_front_de_beaupoil_de_saint_aulaire	le Grand Echanson
Antilope_imp_gazette17221201	francois_alexandre_aubert_de_la_chesnaye_desbois	le Grand Ecuyer Tranchant
Antilope_imp_gazette17221201	louisxv	Sa Majesté
Antilope_imp_gazette17221201	louisxv	Roy
Antilope_imp_gazette17221201	louisxv	Sa Majesté
Antilope_imp_gazette17221201	louisxv	Sa Majesté
Antilope_imp_gazette17221201	louisxv	Roy
Antilope_imp_gazette17221201	louisxv	Sa Majesté
Antilope_imp_gazette17221201	alexandre_milon_de_mesmes	l’Abbé Milon
Antilope_imp_gazette17221201	louisxv	Roy
Antilope_imp_gazette17221201	louisxv	Roy
Antilope_imp_gazette17221201	louisxv	Sa Majesté
Antilope_imp_gazette17221201	louisxv	Roy
Antilope_imp_gazette17221201	charles_timoleon_louis_de_cosse	Duc de Brissac
Antilope_imp_gazette17221201	louisxv	Roy
Antilope_imp_gazette17221201	armand_jules_rohanguemene	l’Archevesque Duc de Reims
Antilope_imp_gazette17221201	louis_charles_de_saint_albin	L'Evesque, Duc de Laon
Antilope_imp_gazette17221201	nicolas_charles_saulx_tavanes	l’Evesque, Comte de Châlons
Antilope_imp_gazette17221201	francois_louis_de_clermont_tonnerre	l’Evesque Duc de Langres
Antilope_imp_gazette17221201	francoishonnoreantoine_de_beauvillierssaintaignan	l’Evesque Comte de Beauvais,
Antilope_imp_gazette17221201	charlefrancois_chateauneuf_de_rochebonne	l’Evesque Comte de Noyon
Antilope_imp_gazette17221201	nicolas_charles_saulx_tavanes	l’Evesque Comte de Châlons
Antilope_imp_gazette17221201	andre_hercule_de_fleury	l’ancien Evesque de Frejus
Antilope_imp_gazette17221201	charlefrancois_chateauneuf_de_rochebonne	l’Evesque Comte de Noyon
Antilope_imp_gazette17221201	armand_jules_rohanguemene	l’Archevesque de Reims
Antilope_imp_gazette17221201	languet_gergy	Soissons
Antilope_imp_gazette17221201	pierre_sabatier	d’Amiens
Antilope_imp_gazette17221201	francois_firmin_trudaine	Senlis
Antilope_imp_gazette17221201	armand_jules_rohanguemene	l’Archevesque de Reims
Antilope_imp_gazette17221201	philippe_orleans_regent	Monsieur le Duc d’Orleans
Antilope_imp_gazette17221201	louis_grand_dauphin	le Duc de Bourgogne
Antilope_imp_gazette17221201	armand_charost	Le Duc de Chartres
Antilope_imp_gazette17221201	louisiv_henri_conde	le Duc de Bourbon
Antilope_imp_gazette17221201	charles_de_bourbon_charolais	le Comte de Charolois
Antilope_imp_gazette17221201	louis_alexandre_bourbon	le Comte de Toulouse
Antilope_imp_gazette17221201	louis_de_bourbonconde	le Comte de Clermont
Antilope_imp_gazette17221201	charles_de_habsbourg	le Comte de Flandres
Antilope_imp_gazette17221201	louis_armand_conti	le Prince de Conty
Antilope_imp_gazette17221201	bartolomeo_massei	Le Nonce du Pape
Antilope_imp_gazette17221201	bartolomeo_massei	le Nonce
Antilope_imp_gazette17221201	patricio_laules	l’Ambassadeur d’Espagne
Antilope_imp_gazette17221201	perone	l’Ambassadeur de Sardaigne
Antilope_imp_gazette17221201	bartolomeo_massei	Nonce
Antilope_imp_gazette17221201	charles_jean_baptiste_fleuriau_de_morville	l’Ambassadeur de Hollande
Antilope_imp_gazette17221201	perone	Sardaigne
Antilope_imp_gazette17221201	armand_jules_rohanguemene	l’Archevesque de Reims
Antilope_imp_gazette17221201	louis_charles_de_saint_albin	L'Evesque, Duc de Laon
Antilope_imp_gazette17221201	nicolas_charles_saulx_tavanes	l’Evesque, Comte de Châlons
Antilope_imp_gazette17221201	charlefrancois_chateauneuf_de_rochebonne	l’Evesque Comte de Noyon
Antilope_imp_gazette17221201	languet_gergy	Soissons
Antilope_imp_gazette17221201	pierre_sabatier	d’Amiens
Antilope_imp_gazette17221201	francois_firmin_trudaine	Senlis
Antilope_imp_gazette17221201	philippe_orleans_regent	Monsieur le Duc d’Orleans
Antilope_imp_gazette17221201	louis_orleans	le Duc de Chartres
Antilope_imp_gazette17221201	louisiv_henri_conde	le Duc de Bourbon
Antilope_imp_gazette17221201	charles_de_bourbon_charolais	le Comte de Charolois
Antilope_imp_gazette17221201	louis_de_bourbonconde	le Comte de Clermont
Antilope_imp_gazette17221201	louis_armand_conti	le Prince de Conty
Antilope_imp_gazette17221201	bartolomeo_massei	Le Nonce du Pape
Antilope_imp_gazette17221201	patricio_laules	l’Ambassadeur d’Espagne
Antilope_imp_gazette17221201	perone	l’Ambassadeur de Sardaigne
Antilope_imp_gazette17221201	charles_jean_baptiste_fleuriau_de_morville	l’Ambassadeur de Hollande
Antilope_imp_gazette17221201	jean_jacques_de_mesmes	L'Ambassadeur de Malte
Antilope_imp_gazette17221201	josephfleurieuarmenonville	Le Garde des Sceaux de France
Antilope_imp_gazette17221201	jean_jacques_de_mesmes	l’Ambassadeur de Malte
Antilope_imp_gazette17221201	nicolas_ii_de_sainctot	le Chevalier de Sainctot
Antilope_imp_gazette17221201	jacques_ii_remond	le sieur de Remond
Antilope_imp_gazette17221201	emmanuel_theodose_tour_auvergne	le Prince de Turenne
Antilope_imp_gazette17221201	louis_daumont_de_rochebaron	le Duc de Villequier
Antilope_imp_gazette17221201	louisxv	Roy
Antilope_imp_gazette17221201	jean_jacques_de_mesmes	L'Ambassadeur de Malte
Antilope_imp_gazette17221201	josephfleurieuarmenonville	Le Garde des Sceaux de France
Antilope_imp_gazette17221201	nicolas_ii_de_sainctot	le Chevalier de Sainctot
Antilope_imp_gazette17221201	emmanuel_theodose_tour_auvergne	le Prince de Turenne
Antilope_imp_gazette17221201	armand_jules_rohanguemene	l’Archevesque de Reims
Antilope_imp_gazette17221201	louisxv	Sa Majesté
Antilope_imp_gazette17221201	claude_louis_hector_de_villars	Mareschal Duc de Villars
Antilope_imp_gazette17221201	hercule_meriadec_rohan	le Prince de Rohan
Antilope_imp_gazette17221201	louisiv_henri_conde	le Grand Maistre
Antilope_imp_gazette17221201	francois_mace_le_tellier_de_louvois	le Capitaine des Cent Suisses
Antilope_imp_gazette17221201	thomas_dreux_breze	le Grand Maistre
Antilope_imp_gazette17221201	sieurgranges	le Maistre des Ceremonies
Antilope_imp_gazette17221201	charles_timoleon_louis_de_cosse	Le Grand Pannetier
Antilope_imp_gazette17221201	marc_antoine_front_de_beaupoil_de_saint_aulaire	le Grand Echanson
Antilope_imp_gazette17221201	francois_alexandre_aubert_de_la_chesnaye_desbois	Grand Ecuyer Tranchant
Antilope_imp_gazette17221201	hercule_meriadec_rohan	le Premier Maistre d’Hostel du Roy
Antilope_imp_gazette17221201	claude_louis_hector_de_villars	Mareschal Duc de Villars
Antilope_imp_gazette17221201	hercule_meriadec_rohan	le Prince de Rohan
Antilope_imp_gazette17221201	francois_mace_le_tellier_de_louvois	le Capitaine des Cent Suisses
Antilope_imp_gazette17221201	thomas_dreux_breze	le Grand Maistre
Antilope_imp_gazette17221201	sieurgranges	le Maistre des Ceremonies
Antilope_imp_gazette17221201	charles_timoleon_louis_de_cosse	Le Grand Pannetier
Antilope_imp_gazette17221201	marc_antoine_front_de_beaupoil_de_saint_aulaire	le Grand Echanson
Antilope_imp_gazette17221201	francois_alexandre_aubert_de_la_chesnaye_desbois	Grand Ecuyer Tranchant
Antilope_imp_gazette17221201	hercule_meriadec_rohan	le Premier Maistre d’Hostel du Roy
Antilope_imp_gazette17221201	louisxv	Roy
Antilope_imp_gazette17221201	louisxv	Roy
Antilope_imp_gazette17221201	louis_ier_du_bouchet	le Comte de Montsoreau
Antilope_imp_gazette17221201	louisxv	Roy
Antilope_imp_gazette17221201	louisxv	Roy
Antilope_imp_gazette17221201	francois_mace_le_tellier_de_louvois	le Marquis de Courtenvaux
Antilope_imp_gazette17221201	louisxv	Roy
Antilope_imp_gazette17221201	charlesalexandre_de_lorraine	le Prince Charles de Lorraine
Antilope_imp_gazette17221201	louisxv	Sa Majesté
Antilope_imp_gazette17221201	louisxv	Roy
Antilope_imp_gazette17221201	louisxv	Sa Majesté
Antilope_imp_gazette17221201	louisxv	Roy
Antilope_imp_gazette17221201	francois_neufville_villeroy	de Villeroy
Antilope_imp_gazette17221201	francois_dharcourt	d’Harcourt
Antilope_imp_gazette17221201	armand_charost	Le Duc de Charost
Antilope_imp_gazette17221201	louisxv	Sa Majesté
Antilope_imp_gazette17221201	louisxv	Roy
Antilope_imp_gazette17221201	emmanuel_theodose_tour_auvergne	le Prince de Turene
Antilope_imp_gazette17221201	louis_daumont_de_rochebaron	le Duc de Villequier
Antilope_imp_gazette17221201	henri_camille_de_beringhen	Marquis de Beringhen
Antilope_imp_gazette17221201	jacques_louis_de_beringhen	Marquis de Beringhen son pere
Antilope_imp_gazette17221201	louisxv	Sa Majesté
Antilope_imp_gazette17221201	hercule_meriadec_rohan	Le Prince de Rohan
Antilope_imp_gazette17221201	louis_auguste_dalbert_dailly	le Duc de Chau-
Antilope_imp_gazette17221201	louis_auguste_dalbert_dailly	nes
Antilope_imp_gazette17221201	louisxv	Roy
Antilope_imp_gazette17221201	philippe_orleans_regent	Monsieur le Duc d’Orleans
Antilope_imp_gazette17221201	louis_orleans	le Duc de Chartres
Antilope_imp_gazette17221201	louisiv_henri_conde	le Duc de Bourbon
Antilope_imp_gazette17221201	charles_de_bourbon_charolais	le Comte de Charolois
Antilope_imp_gazette17221201	louis_de_bourbonconde	le Comte de Clermont
Antilope_imp_gazette17221201	louis_armand_conti	le Prince de Conty
Antilope_imp_gazette17221201	louisxv	Sa Majesté
Antilope_imp_gazette17221201	philippe_orleans_regent	Monsieur le Duc d’Orleans
Antilope_imp_gazette17221201	charles_armand_de_gontaut_brion	Marquis de Biron
Antilope_imp_gazette17221201	philippe_charles_de_la_fare	Marquis de la Farre
Antilope_imp_gazette17221201	louisxv	Sa Majesté
Antilope_imp_gazette17221201	philippe_orleans_regent	Monsieur le Duc d’Orleans
Antilope_imp_gazette17221201	louis_orleans	Duc de Chartres
Antilope_imp_gazette17221201	louisiv_henri_conde	Duc de Bourbon
Antilope_imp_gazette17221201	louis_de_bourbonconde	Comte de Clermont
Antilope_imp_gazette17221201	louis_armand_conti	Prince de Conti
Antilope_imp_gazette17221201	armand_charost	Duc de Charost
Antilope_imp_gazette17221201	charles_armand_de_gontaut_brion	Marquis de Biron
Antilope_imp_gazette17221201	philippe_charles_de_la_fare	Marquis de la Farre
Antilope_imp_gazette17221201	louisxv	Roy
Antilope_imp_gazette17221201	peregaudart	le Grand Prieur
Antilope_imp_gazette17221201	louisxv	Sa Majesté
Antilope_imp_gazette17221201	louisxv	Roy
Antilope_imp_gazette17221201	louisxv	Sa Majesté
Antilope_imp_gazette17221201	louisxv	Roy
Antilope_imp_gazette17221201	louisxv	Sa Majesté
Antilope_imp_gazette17221201	louisxv	Roy
Antilope_imp_gazette17221201	louisxv	Sa Majesté
Antilope_imp_gazette17221201	francois_victor_le_tonnelier_de_breteuil	le sieur de Breteüil
Antilope_imp_gazette17221201	louisxv	Roy
Antilope_imp_gazette17221201	philippe_orleans_regent	Monsicur le Duc d’Orleans
Antilope_imp_gazette17221201	philippe_orleans_regent	Son Altesse Royale
Antilope_imp_gazette17221201	louisxv	Roy
Antilope_imp_gazette17221201	francois_victor_le_tonnelier_de_breteuil	le sieur de Breteüil
Antilope_imp_gazette17221201	louisxv	Roy
Antilope_imp_gazette17221201	louisxv	Sa Majesté
Antilope_imp_gazette17221201	louisxv	Roy
Antilope_imp_gazette17221201	louisxv	Roy
Antilope_imp_gazette17221201	louisxv	Roy
Antilope_imp_gazette17221201	louisxv	Sa Majesté
Antilope_imp_gazette17221201	pedro_robinet	le Pere Robinet
Antilope_imp_gazette17221201	louis_orleans	le Duc de Chartres
Antilope_imp_gazette17221201	charles_de_bourbon_charolais	le Comte de Charolois
Antilope_imp_gazette17221201	philippe_orleans_regent	Monsieur le Duc d’Orleans
Antilope_imp_gazette17221201	henri_pons_de_thiard_de_bissy	de Bissy
Antilope_imp_gazette17221201	leon_potier_de_gesvres	de Gesvres
Antilope_imp_gazette17221201	guillaume_dubois	du Bois
Antilope_imp_gazette17221201	melchior_de_polignac	de Polignac
Antilope_imp_gazette17221201	louisxv	Roy
Antilope_imp_gazette17221201	josephfleurieuarmenonville	Le Garde des Sceaux de France
Antilope_imp_gazette17221201	louisxv	Roy
Antilope_imp_gazette17221201	louisxv	Sa Majesté
Antilope_imp_gazette17221201	catherine_opalinska	Madame la Duchesse de Lorraine
Antilope_imp_gazette17221201	philippe_orleans_regent	Son Altesse Royale
Antilope_imp_gazette17221201	manuel_francois_de_portugal	l'Infant Don Emanuel
Antilope_imp_gazette17221201	jean_v_de_portugal	Roy
Antilope_imp_gazette17221201	bartolomeo_massei	le Nonce du Pape
Antilope_imp_gazette17221201	henri_pons_de_thiard_de_bissy	Bissy
Antilope_imp_gazette17221201	guillaume_dubois	Dubois
Antilope_imp_gazette17221201	melchior_de_polignac	de Polignac
Antilope_imp_gazette17221201	leon_potier_de_gesvres	le Cardinal de Gesvres
Antilope_imp_gazette17221201	josephfleurieuarmenonville	Le Garde des Sceaux de France
Antilope_imp_gazette17221201	louisxv	Sa Majesté
Antilope_imp_gazette17221201	catherine_opalinska	Madame la Duchesse de Lorraine
Antilope_imp_gazette17221201	philippe_orleans_regent	Son Altesse Royale
Antilope_imp_gazette17221201	manuel_francois_de_portugal	l'Infant Don Emanuel
Antilope_imp_gazette17221201	bartolomeo_massei	le Nonce du Pape
Antilope_imp_gazette17221201	francois_victor_le_tonnelier_de_breteuil	le sieur de Breteüil
Antilope_imp_gazette17221201	louisxv	Sa Majesté
Antilope_imp_gazette17221201	louisxv	Roy
Antilope_imp_gazette17221201	louis_ier_du_bouchet	le Comte de Montsoreau
Antilope_imp_gazette17221201	francois_mace_le_tellier_de_louvois	le Marquis de Courtenvaux
Antilope_imp_gazette17221201	louisxv	Roy
Antilope_imp_gazette17221201	alexandre_chevard	Le sieur Chevard
Antilope_imp_gazette17221201	louisxv	Roy
Antilope_imp_gazette17221201	jean_hallé	sieur Hallé
Antilope_imp_gazette17221201	francois_victor_le_tonnelier_de_breteuil	le sieur de Breteüil
Antilope_imp_gazette17221201	pierre_crozat	le sieur Crozat
Antilope_imp_gazette17221201	claude_le_bas_de_montargis	le sieur de Montargis
Antilope_imp_gazette17221201	louisxv	Roy
Antilope_imp_gazette17221201	henri_charles_arnauld_de_pomponne	L'Abbé de Pompone
Antilope_imp_gazette17221201	louisxv	Roy
Antilope_imp_gazette17221201	charles_de_bourbon_charolais	Comte de Charolois
Antilope_imp_gazette17221201	louis_orleans	Duc de Chartres
Antilope_imp_gazette17221201	louis_vincent_de_goesbriand	le Marquis de Goesbriant
Antilope_imp_gazette17221201	jacques_medavy	le Comte de Medavy
Antilope_imp_gazette17221201	claude_auguste_de_goyon_de_matignon	le Comte de Matignon
Antilope_imp_gazette17221201	nicolas_chalon_du_ble	le Mareschal d’Huxelles
Antilope_imp_gazette17221201	camille_dhostun	le Mareschal Duc de Tallard
Antilope_imp_gazette17221201	claude_louis_hector_de_villars	Mareschal Duc de Villars
Antilope_imp_gazette17221201	rene_de_froulay_de_tesse	le Mareschal de Tessé
Antilope_imp_gazette17221201	victormarieestree	le Mareschal d’Estrées
Antilope_imp_gazette17221201	louis_armand_conti	le Prince de Conty
Antilope_imp_gazette17221201	louisiv_henri_conde	le Duc de Bourbon
Antilope_imp_gazette17221201	philippe_orleans_regent	Monsieur le Duc d’Orleans
Antilope_imp_gazette17221201	louisxv	Roy
Antilope_imp_gazette17221201	armandgaston_maximilien_de_rohan	le Cardinal de Rohan
Antilope_imp_gazette17221201	henri_charles_du_cambout_de_coislin	l’Evesque de Metz
Antilope_imp_gazette17221201	louisxv	Sa Majesté
Antilope_imp_gazette17221201	louisxv	Roy
Antilope_imp_gazette17221201	francois_neufville_villeroy	Villeroy
Antilope_imp_gazette17221201	francois_dharcourt	d’Harcourt
Antilope_imp_gazette17221201	armand_charost	Duc de Charost
Antilope_imp_gazette17221201	emmanuel_theodose_tour_auvergne	du Prince de Turene
Antilope_imp_gazette17221201	francois_mace_le_tellier_de_louvois	le Marquis de Courtenvaux
Antilope_imp_gazette17221201	alexandre_chevard	Le sieur Chevard
Antilope_imp_gazette17221201	jean_hallé	sieur Hallé
Antilope_imp_gazette17221201	francois_victor_le_tonnelier_de_breteuil	le sieur de Breteüil
Antilope_imp_gazette17221201	pierre_crozat	le sieur Crozat
Antilope_imp_gazette17221201	claude_le_bas_de_montargis	le sieur de Montargis
Antilope_imp_gazette17221201	henri_charles_arnauld_de_pomponne	L'Abbé de Pompone
Antilope_imp_gazette17221201	charles_de_bourbon_charolais	Comte de Charolois
Antilope_imp_gazette17221201	louis_orleans	Duc de Chartres
Antilope_imp_gazette17221201	louis_vincent_de_goesbriand	le Marquis de Goesbriant
Antilope_imp_gazette17221201	jacques_medavy	le Comte de Medavy
Antilope_imp_gazette17221201	claude_auguste_de_goyon_de_matignon	le Comte de Matignon
Antilope_imp_gazette17221201	nicolas_chalon_du_ble	le Mareschal d’Huxelles
Antilope_imp_gazette17221201	camille_dhostun	le Mareschal Duc de Tallard
Antilope_imp_gazette17221201	rene_de_froulay_de_tesse	le Mareschal de Tessé
Antilope_imp_gazette17221201	victormarieestree	le Mareschal d’Estrées
Antilope_imp_gazette17221201	louisiv_henri_conde	le Duc de Bourbon
Antilope_imp_gazette17221201	philippe_orleans_regent	Monsieur le Duc d’Orleans
Antilope_imp_gazette17221201	louisxv	Roy
Antilope_imp_gazette17221201	armandgaston_maximilien_de_rohan	le Cardinal de Rohan
Antilope_imp_gazette17221201	henri_charles_du_cambout_de_coislin	l’Evesque de Metz
Antilope_imp_gazette17221201	francois_neufville_villeroy	Villeroy
Antilope_imp_gazette17221201	emmanuel_theodose_tour_auvergne	du Prince de Turene
Antilope_imp_gazette17221201	louis_daumont_de_rochebaron	Duc de Villequier
Antilope_imp_gazette17221201	louis_iii_de_mailly	Marquis de Nelle
Antilope_imp_gazette17221201	louisxv	Sa Majesté
Antilope_imp_gazette17221201	louisxv	Roy
Antilope_imp_gazette17221201	milletsr	Millet
Antilope_imp_gazette17221201	de_varenne_sr	de Varenne
Antilope_imp_gazette17221201	louisxv	Sa Majesté
Antilope_imp_gazette17221201	louisxv	Roy
Antilope_imp_gazette17221201	milletsr	l’Huissier
Antilope_imp_gazette17221201	jean_hallé	Heraut
Antilope_imp_gazette17221201	louisxv	Roy
Antilope_imp_gazette17221201	sieurgranges	Maistre des Ceremonies
Antilope_imp_gazette17221201	pierre_crozat	Grand Tresorier
Antilope_imp_gazette17221201	claude_le_bas_de_montargis	Secretaire
Antilope_imp_gazette17221201	jean_hallé	Heraut
Antilope_imp_gazette17221201	milletsr	l’Huissier
Antilope_imp_gazette17221201	charles_de_bourbon_charolais	Le Comte de Charolois
Antilope_imp_gazette17221201	louis_orleans	le Duc de Chartres
Antilope_imp_gazette17221201	louisxv	Roy
Antilope_imp_gazette17221201	louisxv	Sa Majesté
Antilope_imp_gazette17221201	armandgaston_maximilien_de_rohan	Le Cardinal de Rohan
Antilope_imp_gazette17221201	louisxv	Roy
Antilope_imp_gazette17221201	alexandre_milon_de_mesmes	l’Abbé Milon
Antilope_imp_gazette17221201	louisxv	Roy
Antilope_imp_gazette17221201	armandgaston_maximilien_de_rohan	Cardinal de Rohan
Antilope_imp_gazette17221201	henri_charles_du_cambout_de_coislin	L'Evesque de Metz
Antilope_imp_gazette17221201	armand_jules_rohanguemene	l’Archevesque de Reims
Antilope_imp_gazette17221201	francois_neufville_villeroy	Villeroy
Antilope_imp_gazette17221201	francois_dharcourt	d’Harcourt
Antilope_imp_gazette17221201	louisxv	Sa Majesté
Antilope_imp_gazette17221201	armand_charost	Duc de Charost
Antilope_imp_gazette17221201	louis_iii_de_mailly	le Marquis de Nelle
Antilope_imp_gazette17221201	philippe_orleans_regent	Monsieur le Duc d’Orleans
Antilope_imp_gazette17221201	louisxv	Roy
Antilope_imp_gazette17221201	louis_ii_de_la_vergbe_de_tressan	l’Evêsque de Nantes
Antilope_imp_gazette17221201	philippe_orleans_regent	Son Altesse Royale
Antilope_imp_gazette17221201	jean_hallé	Heraut
Antilope_imp_gazette17221201	de_varenne_sr	l’Huissier
Antilope_imp_gazette17221201	louisxv	Roy
Antilope_imp_gazette17221201	francois_victor_le_tonnelier_de_breteuil	le sieur de Breteüil
Antilope_imp_gazette17221201	jean_hallé	Heraut
Antilope_imp_gazette17221201	de_varenne_sr	l’Huissier
Antilope_imp_gazette17221201	louisxv	Roy
Antilope_imp_gazette17221201	louisxv	Sa Majesté
Antilope_imp_gazette17221201	armand_jules_rohanguemene	l'Archeveque de Reims
Antilope_imp_gazette17221201	louisxv	Roy
Antilope_imp_gazette17221201	louisxv	Sa Majesté
Antilope_imp_gazette17221201	sieurgranges	le Maistre des Ceremonies
Antilope_imp_gazette17221201	jean_hallé	Heraut
Antilope_imp_gazette17221201	de_varenne_sr	l’Huissier
Antilope_imp_gazette17221201	louisxv	Roy
Antilope_imp_gazette17221201	louisxv	Sa Majesté
Antilope_imp_gazette17221201	armand_jules_rohanguemene	l’Archevesque de Reims
Antilope_imp_gazette17221201	jean_hallé	Heraut
Antilope_imp_gazette17221201	de_varenne_sr	l’Huissier
Antilope_imp_gazette17221201	louisxv	Roy
Antilope_imp_gazette17221201	henri_charles_arnauld_de_pomponne	l’Abbé de Pompone
Antilope_imp_gazette17221201	francois_victor_le_tonnelier_de_breteuil	le sieur de Breteüil
Antilope_imp_gazette17221201	pierre_crozat	le sieur Crozat
Antilope_imp_gazette17221201	henri_charles_arnauld_de_pomponne	Chancelier
Antilope_imp_gazette17221201	claude_le_bas_de_montargis	le sieur de Montargis
Antilope_imp_gazette17221201	sieurgranges	le Maistre des Ceremonies
Antilope_imp_gazette17221201	jean_hallé	Heraut
Antilope_imp_gazette17221201	de_varenne_sr	l’Huissier
Antilope_imp_gazette17221201	louisxv	Roy
Antilope_imp_gazette17221201	louisxv	Sa Majesté
Antilope_imp_gazette17221201	armandgaston_maximilien_de_rohan	Cardinal de Rohan
Antilope_imp_gazette17221201	francois_neufville_villeroy	Villeroy
Antilope_imp_gazette17221201	francois_dharcourt	d’Harcourt
Antilope_imp_gazette17221201	armand_charost	Duc de Charost
Antilope_imp_gazette17221201	emmanuel_theodose_tour_auvergne	du Prince de Turene
Antilope_imp_gazette17221201	louis_iii_de_mailly	Marquis de Nelle
Antilope_imp_gazette17221201	louisxv	Sa Ma-
Antilope_imp_gazette17221201	louisxv	Roy
Antilope_imp_gazette17221201	armandgaston_maximilien_de_rohan	Cardinal de Rohan
Antilope_imp_gazette17221201	louis_iii_de_mailly	Marquis de Nelle
Antilope_imp_gazette17221201	francois_neufville_villeroy	Villeroy
Antilope_imp_gazette17221201	francois_dharcourt	d’Harcourt
Antilope_imp_gazette17221201	louisxv	jesté
Antilope_imp_gazette17221201	louisxv	Roy
Antilope_imp_gazette17221201	armandgaston_maximilien_de_rohan	Le Cardinal de Rohan
Antilope_imp_gazette17221201	louisxv	Roy
Antilope_imp_gazette17221201	josephfleurieuarmenonville	le Chancelier
Antilope_imp_gazette17221201	pierre_crozat	le Grand Tresorier
Antilope_imp_gazette17221201	armand_jules_rohanguemene	L'Archevesque de Reims
Antilope_imp_gazette17221201	louisxv	Roy
Antilope_imp_gazette17221201	louisxv	Sa Majesté
Antilope_imp_gazette17221201	armand_jules_rohanguemene	Prelat
Antilope_imp_gazette17221201	louisxv	Roy
Antilope_imp_gazette17221201	louisxv	Roy
Antilope_imp_gazette17221201	claude_le_bas_de_montargis	sieur de Montargis
Antilope_imp_gazette17221201	louisxv	Sa Majesté
Antilope_imp_gazette17221201	louisxv	Roy
Antilope_imp_gazette17221201	louisxv	Sa Majesté
Antilope_imp_gazette17221201	armandgaston_maximilien_de_rohan	le Cardinal de Rohan
Antilope_imp_gazette17221201	louisxv	Roy
Antilope_imp_gazette17221201	alexandre_milon_de_mesmes	l’Abbé Milon
Antilope_imp_gazette17221201	louisxv	Sa Majesté
Antilope_imp_gazette17221201	emmanuel_theodose_tour_auvergne	Le Prince de Turene
Antilope_imp_gazette17221201	louisxv	Roy
Antilope_imp_gazette17221201	louisxv	Sa Majesté
Antilope_imp_gazette17221201	armand_jules_rohanguemene	l’Archevesque de Reims
Antilope_imp_gazette17221201	armand_jules_rohanguemene	Prelat
Antilope_imp_gazette17221201	francois_victor_le_tonnelier_de_breteuil	Le sieur de Breteüil
Antilope_imp_gazette17221201	louisxv	Roy
Antilope_imp_gazette17221201	armand_jules_rohanguemene	l’Archevesque de Reims
Antilope_imp_gazette17221201	pierre_crozat	sieur Crozat
Antilope_imp_gazette17221201	louisxv	Sa Majesté
Antilope_imp_gazette17221201	armand_jules_rohanguemene	Prelat
Antilope_imp_gazette17221201	pierre_clairambault	sieur de Clairambault
Antilope_imp_gazette17221201	louisxv	Roy
Antilope_imp_gazette17221201	louisxv	Roy
Antilope_imp_gazette17221201	armand_jules_rohanguemene	l’Archevesque de Reims
Antilope_imp_gazette17221201	louisxv	Roy
Antilope_imp_gazette17221201	louisxv	Grand Maistre Souverain de l’Ordre
Antilope_imp_gazette17221201	louisxv	Sa Majesté
Antilope_imp_gazette17221201	louisxv	Roy
Antilope_imp_gazette17221201	armand_jules_rohanguemene	L'Archevesque de Reims
Antilope_imp_gazette17221201	louisxv	Roy
Antilope_imp_gazette17221201	francois_victor_le_tonnelier_de_breteuil	le sieur de Breteüil
Antilope_imp_gazette17221201	louisxv	Roy
Antilope_imp_gazette17221201	philippe_orleans_regent	Monsieur le Duc d’Orleans
Antilope_imp_gazette17221201	louisiv_henri_conde	le Duc de Bourbon
Antilope_imp_gazette17221201	louis_orleans	du Duc de Chartres
Antilope_imp_gazette17221201	charles_de_bourbon_charolais	du Comte de Charolois
Antilope_imp_gazette17221201	louisxv	Roy
Antilope_imp_gazette17221201	louisxv	Roy
Antilope_imp_gazette17221201	philippe_orleans_regent	Monsieur le Duc d’Orleans
Antilope_imp_gazette17221201	louisiv_henri_conde	Duc de Bourbon
Antilope_imp_gazette17221201	francois_victor_le_tonnelier_de_breteuil	sieur de Breteüil
Antilope_imp_gazette17221201	louisxv	Roy
Antilope_imp_gazette17221201	louisxv	Sa Majesté
Antilope_imp_gazette17221201	louis_orleans	Duc de Chartres
Antilope_imp_gazette17221201	charles_de_bourbon_charolais	le Comte de Charolois
Antilope_imp_gazette17221201	louisxv	Roy
Antilope_imp_gazette17221201	claude_le_bas_de_montargis	le sieur de Montargis
Antilope_imp_gazette17221201	louisxv	Roy
Antilope_imp_gazette17221201	henri_charles_arnauld_de_pomponne	l’Abbé de Pompone
Antilope_imp_gazette17221201	louisxv	Roy
Antilope_imp_gazette17221201	jean_hallé	Le sieur Hallé
Antilope_imp_gazette17221201	pierre_crozat	sieur Crozat
Antilope_imp_gazette17221201	louisxv	Sa Majesté
Antilope_imp_gazette17221201	louisxv	Roy
Antilope_imp_gazette17221201	francois_victor_le_tonnelier_de_breteuil	le sieur de Breteüil
Antilope_imp_gazette17221201	louisxv	Sa Majesté
Antilope_imp_gazette17221201	louis_orleans	Duc de Chartres
Antilope_imp_gazette17221201	louisiv_henri_conde	Duc de Bourbon
Antilope_imp_gazette17221201	charles_de_bourbon_charolais	du Comte de Charolois
Antilope_imp_gazette17221201	francois_victor_le_tonnelier_de_breteuil	sieur de Breteüil
Antilope_imp_gazette17221201	henri_charles_arnauld_de_pomponne	l’Abbé de Pompone
Antilope_imp_gazette17221201	jean_hallé	Le sieur Hallé
Antilope_imp_gazette17221201	pierre_crozat	sieur Crozat
Antilope_imp_gazette17221201	pierre_crozat	le Grand Tresorier
Antilope_imp_gazette17221201	louisxv	Sa Majesté
Antilope_imp_gazette17221201	louisxv	Roy
Antilope_imp_gazette17221201	louisxv	Roy
Antilope_imp_gazette17221201	francois_victor_le_tonnelier_de_breteuil	Breteüil
Antilope_imp_gazette17221201	louisxv	Roy
Antilope_imp_gazette17221201	louisxv	Sa Majesté
Antilope_imp_gazette17221201	louisxv	Roy
Antilope_imp_gazette17221201	louisxv	Sa Majesté
Antilope_imp_gazette17221201	louisxv	elle
Antilope_imp_gazette17221201	louisxv	Roy
Antilope_imp_gazette17221201	louisxv	Roy
Antilope_imp_gazette17221201	louisxv	Roy
Antilope_imp_gazette17221201	louisxv	Sa Majesté
Antilope_imp_gazette17221201	louisxv	Roy
Antilope_imp_gazette17221201	louis_iii_de_mailly	le Marquis de Nelle
Antilope_imp_gazette17221201	louisxv	Roy
Antilope_imp_gazette17221201	louisxv	Sa Majesté
Antilope_imp_gazette17221201	louisxv	Roy
Antilope_imp_gazette17221201	henri_de_nesmond	L'Archevesque de Toulouse
Antilope_imp_gazette17221201	louisxv	Sa Majesté
Antilope_imp_gazette17221201	louisxv	Roy
Antilope_imp_gazette17221201	louisxv	Roy
Antilope_imp_gazette17221201	jean_frederic_phelypeaux	Comte de Maurepas
Antilope_imp_gazette17221201	thomas_dreux_breze	Marquis de Dreux
Antilope_imp_gazette17221201	sieurgranges	sieur Desgranges
Antilope_imp_gazette17221201	louisxv	Roy
Antilope_imp_gazette17221201	louisxv	Sa Majesté
Antilope_imp_gazette17221201	louisxv	Roy
Antilope_imp_gazette17221201	louisxv	Roy
Antilope_imp_gazette17221201	louisxv	Sa Majesté
Antilope_imp_gazette17221201	louisxv	Roy
Antilope_imp_gazette17221201	philippe_orleans_regent	Monsieur le Duc d’Orleans
Antilope_imp_gazette17221201	armand_charost	Duc de Charost
Antilope_imp_gazette17221201	louisxv	Sa Majesté
Antilope_imp_gazette17221201	louisxv	Roy
Antilope_imp_gazette17221201	louisxv	Sa Majesté
Antilope_imp_gazette17221201	louisxv	Roy
Antilope_imp_gazette17221201	louisxv	Sa Majesté
Antilope_imp_gazette17221201	louisxv	Roy
Antilope_imp_gazette17221201	philippe_orleans_regent	Monsieur le Duc d’Orleans
Antilope_imp_gazette17221201	louisxv	Sa Majesté
Antilope_imp_gazette17221201	francois_neufville_villeroy	Duc de Villeroy
Antilope_imp_gazette17221201	louisxv	Roy
Antilope_imp_gazette17221201	charles_du_plessis_dargentre	l’Abbé d’Argentré
Antilope_imp_gazette17221201	louisxv	Sa Majesté
Antilope_imp_gazette17221201	louisxv	Roy
Antilope_imp_gazette17221201	philippe_orleans_regent	Monsieur le Duc d’Orleans
Antilope_imp_gazette17221201	louis_orleans	Duc de Chartres
Antilope_imp_gazette17221201	louisiv_henri_conde	Duc de Bourbon
Antilope_imp_gazette17221201	louis_de_bourbonconde	Comte de Clermont
Antilope_imp_gazette17221201	louis_armand_conti	Prince de Conty
Antilope_imp_gazette17221201	armand_charost	Duc de Charost
Antilope_imp_gazette17221201	louisxv	Sa Majesté
Antilope_imp_gazette17221201	louisxv	Roy
Antilope_imp_gazette17221201	armandgaston_maximilien_de_rohan	le Cardinal de Rohan
Antilope_imp_gazette17221201	louisxv	Sa Majesté
Antilope_imp_gazette17221201	louisxv	Roy
Antilope_imp_gazette17221201	philippe_orleans_regent	Monsieur le Duc d’Orleans
Antilope_imp_gazette17221201	louis_orleans	le Duc de Chartres
Antilope_imp_gazette17221201	alexandre_milon_de_mesmes	l’Abbé Milon
Antilope_imp_gazette17221201	antoine_fagon	l’Abbé de la Vieuville
Antilope_imp_gazette17221201	louisxv	Sa Majesté
Antilope_imp_gazette17221201	louisxv	Roy
Antilope_imp_gazette17221201	louisxv	Sa Majesté
Antilope_imp_gazette17221201	louisxv	Roy
Antilope_imp_gazette17221201	guinaut_abbe	un Chapelain de Sa Majesté
Antilope_imp_gazette17221201	louisxv	Sa Majesté
Antilope_imp_gazette17221201	louis_orleans	Duc de Chartres
Antilope_imp_gazette17221201	louisiv_henri_conde	Duc de Bourbon
Antilope_imp_gazette17221201	louis_de_bourbonconde	Comte de Clermont
Antilope_imp_gazette17221201	louis_armand_conti	Prince de Conti
Antilope_imp_gazette17221201	armand_charost	Duc de Charost
Antilope_imp_gazette17221201	louisxv	Roy
Antilope_imp_gazette17221201	louisxv	Sa Majesté
Antilope_imp_gazette17221201	louisxv	Roy
Antilope_imp_gazette17221201	louisxv	Sa Majesté
Antilope_imp_gazette17221201	claude_jean_baptiste_dodart	sieur Dodart
Antilope_imp_gazette17221201	louisxv	Roy
Antilope_imp_gazette17221201	louisxv	Sa Majesté
Antilope_imp_gazette17221201	francois_neufville_villeroy	Villeroy
Antilope_imp_gazette17221201	francois_dharcourt	d’Harcourt
Antilope_imp_gazette17221201	claude_jean_baptiste_dodart	Premier Medecin
Antilope_imp_gazette17221201	francois_dharcourt	Duc d’Harcourt
Antilope_imp_gazette17221201	louisxv	Roy
Antilope_imp_gazette17221201	louisxv	Roy
Antilope_imp_gazette17221201	armandgaston_maximilien_de_rohan	Le Cardinal de Rohan
Antilope_imp_gazette17221201	louisxv	Roy
Antilope_imp_gazette17221201	louisxv	Sa Majesté
Antilope_imp_gazette17221201	catherine_opalinska	Madame la Duchesse de Lorraine
Antilope_imp_gazette17221201	louisxv	Roy
Antilope_imp_gazette17221201	catherine_opalinska	Princesse
Antilope_imp_gazette17221201	armandgaston_maximilien_de_rohan	Cardinal de Rohan
Antilope_imp_gazette17221201	alexandre_milon_de_mesmes	l’Abbé Milon
Antilope_imp_gazette17221201	antoine_fagon	l’Abbé de la Vieuville
Antilope_imp_gazette17221201	louisxv	Roy
Antilope_imp_gazette17221201	louisxv	Sa Majesté
Antilope_imp_gazette17221201	armandgaston_maximilien_de_rohan	Le Cardinal de Rohan
Antilope_imp_gazette17221201	louisxv	Roy
Antilope_imp_gazette17221201	armandgaston_maximilien_de_rohan	il
Antilope_imp_gazette17221201	louisxv	Sa Majesté
Antilope_imp_gazette17221201	armandgaston_maximilien_de_rohan	Le Cardinal de Rohan
Antilope_imp_gazette17221201	louisxv	Roy
Antilope_imp_gazette17221201	louisxv	Sa Majesté
Antilope_imp_gazette17221201	henri_francois_lambert_dherbigny	d’Herbigny
Antilope_imp_gazette17221201	niclas_ravot_dombreval	d’Ombreval
Antilope_imp_gazette17221201	barthelemy_de_vanolles	de Vanolles
Antilope_imp_gazette17221201	michel_robert_le_peletiers_des_forts	le Pelletier
Antilope_imp_gazette17221201	louisxv	Sa Majesté
Antilope_imp_gazette17221201	louisxv	Roy
Antilope_imp_gazette17221201	louisxv	Sa Majesté
Antilope_imp_gazette17221201	armandgaston_maximilien_de_rohan	le Cardinal de Rohan
Antilope_imp_gazette17221201	louisxv	Roy
Antilope_imp_gazette17221201	louisxv	Roy
Antilope_imp_gazette17221201	louisxv	Sa Majesté
Antilope_imp_gazette17221201	louisxv	Roy
Antilope_imp_gazette17221201	philippe_orleans_regent	Monsieur le Duc d’Orleans,
Antilope_imp_gazette17221201	louis_orleans	Duc de Chartres
Antilope_imp_gazette17221201	louisiv_henri_conde	Duc de Bourbon
Antilope_imp_gazette17221201	louis_de_bourbonconde	Comte de Clermont
Antilope_imp_gazette17221201	louis_armand_conti	Prince de Conty
Antilope_imp_gazette17221201	armand_charost	Duc de Charost
Antilope_imp_gazette17221201	louisxv	Roy
Antilope_imp_gazette17221201	louisxv	Roy
Antilope_imp_gazette17221201	hercule_meriadec_rohan	Prince de Rohan
Antilope_imp_gazette17221201	louisxv	Sa Majesté
Antilope_imp_gazette17221201	louisxv	Roy
Antilope_imp_gazette17221201	louisxv	Roy
Antilope_imp_gazette17221201	philippe_orleans_regent	Monsieur le Duc d’Orleans
Antilope_imp_gazette17221201	louis_orleans	Duc de Chartres
Antilope_imp_gazette17221201	louisiv_henri_conde	Duc de Bourbon
Antilope_imp_gazette17221201	louis_de_bourbonconde	Comte de Clermont
Antilope_imp_gazette17221201	louis_armand_conti	Prince de Conty
Antilope_imp_gazette17221201	armand_charost	Duc de Charost son Gouverneur
Antilope_imp_gazette17221201	hercule_meriadec_rohan	Prince de Rohan
Antilope_imp_gazette17221201	louisxv	Roy
Antilope_imp_gazette17221201	louisxv	Roy
Antilope_imp_gazette17221201	louisxv	Sa Majesté
Antilope_imp_gazette17221201	louisxv	elle
Antilope_imp_gazette17221201	languet_gergy	l’Evesque de Soissons
Antilope_imp_gazette17221201	louisxv	Roy
Antilope_imp_gazette17221201	languet_gergy	l’Evesque de Soissons
Antilope_imp_gazette17221201	louisxv	Sa Majesté
Antilope_imp_gazette17221201	languet_gergy	le mesme Prelat
Antilope_imp_gazette17221201	louisxv	Roy
Antilope_imp_gazette17221201	languet_gergy	il
Antilope_imp_gazette17221201	louisxv	Roy
Antilope_imp_gazette17221201	louisxv	Roy
Antilope_imp_gazette17221201	louisxv	Sa Majesté
Antilope_imp_gazette17221201	louisxv	Roy
Antilope_imp_gazette17221201	louisxv	Sa Majesté
Antilope_imp_gazette17221201	philippe_orleans_regent	Monsieur le Duc d’Orleans
Antilope_imp_gazette17221201	louisxv	Roy
Antilope_imp_gazette17221201	louisxv	Sa Majesté
Antilope_imp_gazette17221201	louisxv	Roy
Antilope_imp_gazette17221201	louisxv	Roy
Antilope_imp_gazette17221201	louisxv	Sa Majesté
Antilope_imp_gazette17221201	philippe_orleans_regent	Monsieur le Duc d’Orleans
Antilope_imp_gazette17221201	louisxv	Roy
Antilope_imp_gazette17221201	louisxv	Roy
Antilope_imp_gazette17221201	louisxv	Sa Majesté
Antilope_imp_gazette17221201	louisxv	Roy
Antilope_imp_gazette17221201	louisxv	Sa Majesté
Antilope_imp_gazette17221201	philippe_orleans_regent	Monsieur le Duc d’Orleans
Antilope_imp_gazette17221201	louis_orleans	Duc de Chartres
Antilope_imp_gazette17221201	philippe_orleans_regent	son Altesse Royale
Antilope_imp_gazette17221201	louisxv	Roy
Antilope_imp_gazette17221201	louisxv	il
Antilope_imp_gazette17221201	louisxv	Sa Majesté
Antilope_imp_gazette17221201	louisxv	Sa Majesté
Antilope_imp_gazette17221201	louisxv	Roy
Antilope_imp_gazette17221201	louisxv	Roy
Antilope_imp_gazette17221201	augustin_vincent_ennequin	Marquis d’Ecquevilly
Antilope_imp_gazette17221201	louisxv	Roy
Antilope_imp_gazette17221201	louisxv	Sa Majesté
Antilope_imp_gazette17221201	louisxv	Roy
Antilope_imp_gazette17221201	louisxv	Roy
Antilope_imp_gazette17221201	louis_de_bourbonconde	Comte de Clermont
Antilope_imp_gazette17221201	armand_charost	Duc de Charost
Antilope_imp_gazette17221201	philippe_orleans_regent	Monsieur le Duc d’Orleans
Antilope_imp_gazette17221201	louis_orleans	Duc de Chartres
Antilope_imp_gazette17221201	louisiv_henri_conde	Duc de Bourbon
Antilope_imp_gazette17221201	charles_de_bourbon_charolais	Comte de Charolois
Antilope_imp_gazette17221201	louis_armand_conti	Prince de Conty
Antilope_imp_gazette17221201	louisxv	Roy
Antilope_imp_gazette17221201	louis_alexandre_bourbon	Comte de Toulouse
Antilope_imp_gazette17221201	augustin_vincent_ennequin	Marquis d’Ecquevilly
Antilope_imp_gazette17221201	louisxv	Roy
Antilope_imp_gazette17221201	louis_de_bourbonconde	Comte de Clermont
Antilope_imp_gazette17221201	armand_charost	Duc de Charost son Gouverneur :
Antilope_imp_gazette17221201	philippe_orleans_regent	Monsieur le Duc d’Orleans
Antilope_imp_gazette17221201	louis_orleans	Duc de Chartres
Antilope_imp_gazette17221201	louisiv_henri_conde	Duc de Bourbon
Antilope_imp_gazette17221201	charles_de_bourbon_charolais	Comte de Charolois
Antilope_imp_gazette17221201	louis_armand_conti	Prince de Conty
Antilope_imp_gazette17221201	louis_alexandre_bourbon	Comte de Toulouse
Antilope_imp_gazette17221201	louisxv	Sa Majesté
Antilope_imp_gazette17221201	louisxv	Roy
Antilope_imp_gazette17221201	philippe_orleans_regent	Monsieur le Duc d’Orleans
Antilope_imp_gazette17221201	louisxv	Sa Majesté
Antilope_imp_gazette17221201	philippe_orleans_regent	Son Altesse Royale
Antilope_imp_gazette17221201	louisxv	Roy
Antilope_imp_gazette17221201	louisxv	Roy
Antilope_imp_gazette17221201	louisxv	Sa Majesté
Antilope_imp_gazette17221201	louisxv	Roy
Antilope_imp_gazette17221201	bissoni	Saltinbanque
Antilope_imp_gazette17221201	louisxv	Roy
Antilope_imp_gazette17221201	louisxv	Roy
Antilope_imp_gazette17221201	louisxv	Sa Majesté
Antilope_imp_gazette17221201	louisxv	Sa Majesté
Antilope_imp_gazette17221201	louisxv	Roy
Antilope_imp_gazette17221201	louisxv	Roy
Antilope_imp_gazette17221201	louisxv	Sa Majesté
Antilope_imp_gazette17221201	louisxv	Roy
Antilope_imp_gazette17221201	louisxv	Sa Majesté
Antilope_imp_gazette17221201	louisxv	Roy
Antilope_imp_gazette17221201	louisxv	Roy
Antilope_imp_gazette17221201	louisxv	Sa Majesté
Antilope_imp_gazette17221201	louisxv	Roy
Antilope_imp_gazette17221201	louisxv	Roy
Antilope_imp_gazette17221201	philippe_orleans_regent	Monsieur le Duc d’Orleans
Antilope_imp_gazette17221201	louisxv	Roy
Antilope_imp_gazette17221201	louisxv	Roy
Antilope_imp_gazette17221201	louisxv	Sa Majesté
Antilope_imp_gazette17221201	louisxv	Roy
Antilope_imp_gazette17221201	mlle_de_Nantes	Duchesse de Bourbon
Antilope_imp_gazette17221201	mlleclermont	Mademoiselle de Clermont
Antilope_imp_gazette17221201	louisxv	Roy
Antilope_imp_gazette17221201	mlle_de_Nantes	Duchesse de Bourbon
Antilope_imp_gazette17221201	mlleclermont	Mademoiselle de Clermont
Antilope_imp_gazette17221201	louisxv	Roy
Antilope_imp_gazette17221201	louisiv_henri_conde	Duc de Bourbon
Antilope_imp_gazette17221201	louisxv	Sa Majesté
Antilope_imp_gazette17221201	louisxv	Roy
Antilope_imp_gazette17221201	louisxv	Sa Majesté
Antilope_imp_gazette17221201	louisxv	Roy
Antilope_imp_gazette17221201	louisiv_henri_conde	Duc de Bourbon
Antilope_imp_gazette17221201	louisxv	Sa Majesté
Antilope_imp_gazette17221201	louisxv	Roy
Antilope_imp_gazette17221201	aubert_jacques	sieur Aubert
Antilope_imp_gazette17221201	louisiv_henri_conde	Duc de Bourbon
Antilope_imp_gazette17221201	louisxv	Roy
Antilope_imp_gazette17221201	louisxv	Roy
Antilope_imp_gazette17221201	philippe_orleans_regent	Monsieur le Duc d’Orleans
Antilope_imp_gazette17221201	louisxv	Sa Majesté
Antilope_imp_gazette17221201	louisxv	Roy
Antilope_imp_gazette17221201	louisxv	Sa Majesté
Antilope_imp_gazette17221201	louisxv	Roy
Antilope_imp_gazette17221201	louisxv	Sa Majesté
Antilope_imp_gazette17221201	louisxv	Roy
Antilope_imp_gazette17221201	louisxv	Sa Majesté
Antilope_imp_gazette17221201	mlleclermont	Mademoiselle de Clermont
Antilope_imp_gazette17221201	marie_victoire_savoie	la Marquise de Busc
Antilope_imp_gazette17221201	jeanne_agnes_berthelot_pleneuf	la Marquise de Prie
Antilope_imp_gazette17221201	louisiv_henri_conde	Duc de Bourbon
Antilope_imp_gazette17221201	louisxv	Roy
Antilope_imp_gazette17221201	louisxv	il
Antilope_imp_gazette17221201	louisxv	Sa Majesté
Antilope_imp_gazette17221201	julie_bercaville	elle
Antilope_imp_gazette17221201	louisxv	Roy
Antilope_imp_gazette17221201	julie_bercaville	elle
Antilope_imp_gazette17221201	louisxv	Roy
Antilope_imp_gazette17221201	louisiv_henri_conde	Duc de Bourbon
Antilope_imp_gazette17221201	louisxv	Sa Majesté
Antilope_imp_gazette17221201	mlleclermont	Mademoiselle de Clermont
Antilope_imp_gazette17221201	marie_victoire_savoie	la Marquise de Busc
Antilope_imp_gazette17221201	jeanne_agnes_berthelot_pleneuf	la Marquise de Prie
Antilope_imp_gazette17221201	louisxv	Roy
Antilope_imp_gazette17221201	louisxv	Sa Majesté
Antilope_imp_gazette17221201	louisxv	Sa Majesté
Antilope_imp_gazette17221201	louisxv	Roy
Antilope_imp_gazette17221201	louisxv	Roy
Antilope_imp_gazette17221201	louisxv	Sa Majesté
Antilope_imp_gazette17221201	louisxv	Roy
Antilope_imp_gazette17221201	louisxv	Roy
Antilope_imp_gazette17221201	louisxv	Roy
Antilope_imp_gazette17221201	mlle_de_Nantes	Duchesse de Bourbon
Antilope_imp_gazette17221201	louisiv_henri_conde	Duc de Bourbon
Antilope_imp_gazette17221201	charles_de_bourbon_charolais	Comte de Charolois
Antilope_imp_gazette17221201	louis_de_bourbonconde	Comte de Clermont
Antilope_imp_gazette17221201	mlle_de_Nantes	Duchesse de Bourbon
Antilope_imp_gazette17221201	louisiv_henri_conde	Duc de Bourbon
Antilope_imp_gazette17221201	charles_de_bourbon_charolais	Comte de Charolois
Antilope_imp_gazette17221201	louis_de_bourbonconde	Comte de Clermont
Antilope_imp_gazette17221201	louisxv	Roy
Antilope_imp_gazette17221201	louisiv_henri_conde	Duc de Bourbon
Antilope_imp_gazette17221201	louisxv	Sa Majesté
Antilope_imp_gazette17221201	louisxv	Roy
Antilope_imp_gazette17221201	bullion_gabriel_jerome	le Bailly
Antilope_imp_gazette17221201	louisxv	Sa Majesté
Antilope_imp_gazette17221201	louisxv	Roy
Antilope_imp_gazette17221201	louisxv	Sa Majesté
Antilope_imp_gazette17221201	louisxv	Roy
Antilope_imp_gazette17221201	françois_anseaume	Grand Prieur de l’Abbaye
Antilope_imp_gazette17221201	louisxv	Sa Majesté
Antilope_imp_gazette17221201	louisxv	Roy
Antilope_imp_gazette17221201	louisxiv	Roy Loüis XIV
Antilope_imp_gazette17221201	louisxv	Roy
Antilope_imp_gazette17221201	emmanuel_theodose_tour_auvergne	Vicomte de Turene
Antilope_imp_gazette17221201	bertrand_guesclin	du Connestable du Guesclin
Antilope_imp_gazette17221201	louisxv	Sa Majesté
Antilope_imp_gazette17221201	louisxv	Roy
Antilope_imp_gazette17221201	louisxv	Sa Majesté
Antilope_imp_gazette17221201	francois_bernard_potier	le Duc de Tresmes
Antilope_imp_gazette17221201	louisxv	Sa Majesté
Antilope_imp_gazette17221201	pierre_antoine_castanier_auriac_chateauneuf	le sieur de Chasteauneuf
Antilope_imp_gazette17221201	louisxv	Roy
Antilope_imp_gazette17221201	louisxv	Sa Majesté
Antilope_imp_gazette17221201	sieurgranges	sieur des Granges
Antilope_imp_gazette17221201	louisxv	Roy
Antilope_imp_gazette17221201	louisxv	Roy
Antilope_imp_gazette17221201	louisxv	Sa Majesté
Antilope_imp_gazette17221201	louis_orleans	Duc de Chartres
Antilope_imp_gazette17221201	louisiv_henri_conde	Duc de Bourbon
Antilope_imp_gazette17221201	louis_de_bourbonconde	Comte de Clermont
Antilope_imp_gazette17221201	louis_armand_conti	Prince de Conty
Antilope_imp_gazette17221201	armand_charost	Duc de Charost
Antilope_imp_gazette17221201	louisxv	Sa Majesté
Antilope_imp_gazette17221201	louis_orleans	Duc de Chartres
Antilope_imp_gazette17221201	louisiv_henri_conde	Duc de Bourbon
Antilope_imp_gazette17221201	louis_de_bourbonconde	Comte de Clermont
Antilope_imp_gazette17221201	louis_armand_conti	Prince de Conty
Antilope_imp_gazette17221201	armand_charost	Duc de Charost, son Gouverneur
Antilope_imp_gazette17221201	jean_jacques_iv_mesmes	le sieur de Mesmes
Antilope_imp_gazette17221201	louisxv	Roy
Antilope_imp_gazette17221201	louisxv	Sa Majesté
Antilope_imp_gazette17221201	jean_aymard_nicolaÿ	le sieur Nicolaï
Antilope_imp_gazette17221201	sieurricard	sieur Ricard
Antilope_imp_gazette17221201	louisxv	Roy
Antilope_imp_gazette17221201	louisxv	Sa Majesté
Antilope_imp_gazette17221201	jean_frederic_phelypeaux	le Comte de Maurepas
Antilope_imp_gazette17221201	thomas_dreux_breze	le Marquis de Dreux
Antilope_imp_gazette17221201	sieurgranges	le sieur des Granges
Antilope_imp_gazette17221201	louisxv	Sa Majesté
Antilope_imp_gazette17221201	jean_frederic_phelypeaux	Comte de Maurepas Secretaire d’Estat
Antilope_imp_gazette17221201	thomas_dreux_breze	le Marquis de Dreux, Grand Maitre des Ceremonies
Antilope_imp_gazette17221201	sieurgranges	le sieur des Granges, Maitre des Ceremonies
Antilope_imp_gazette17221201	sieurricard	sieur Ricard
Antilope_imp_gazette17221201	jean_aymard_nicolaÿ	le sieur Nicolaï
Antilope_imp_gazette17221201	jean_jacques_iv_mesmes	le sieur de Mesmes
Antilope_imp_gazette17221201	louisxv	Roy
Antilope_imp_gazette17221201	philippe_orleans_regent	Monsieur le Duc d’Orleans
Antilope_imp_gazette17221201	louisxv	Roy
Antilope_imp_gazette17221201	louisxv	Sa Majesté
Antilope_imp_mercure17221101		Anonyme (1722)
Antilope_imp_mercure17221101	charles_dufresny	Charles Du Fresny (1648-1724)
Antilope_imp_mercure17221101	charles_dufresny	Charles Du Fresny (1648-1724)
Antilope_imp_mercure17221101	charles_dufresny	Charles Du Fresny (1648-1724)
Antilope_imp_mercure17221101	antoine_laroque	Antoine de La Roque (1672-1744)
Antilope_imp_mercure17221101	antoine_laroque	Antoine de La Roque (1672-1744)
Antilope_imp_mercure17221101	antoine_laroque	Antoine de La Roque (1672-1744)
Antilope_imp_mercure17221101	louisfuzelier	Louis Fuzelier (1672-1752)
Antilope_imp_mercure17221101	louisfuzelier	Louis Fuzelier (1672-1752)
Antilope_imp_mercure17221101	louisfuzelier	Louis Fuzelier (1672-1752)
Antilope_imp_mercure17221101	louisxv	Roy
Antilope_imp_mercure17221101	louisxv	Sa Majesté
Antilope_imp_mercure17221101	louisxv	Roy
Antilope_imp_mercure17221101	louisxv	Roy
Antilope_imp_mercure17221101	philippe_orleans_regent	Monsieur le Duc d’Orleans, Regent du Royaume
Antilope_imp_mercure17221101	louisxv	Sa Majesté
Antilope_imp_mercure17221101	louisxv	jeune Monarque
Antilope_imp_mercure17221101	elisabeth_charlotte_dorleans	une grande Princesse
Antilope_imp_mercure17221101	armand_jean_plessis_richelieu	Le Cardinal Richelieu
Antilope_imp_mercure17221101	louisxv	Roy
Antilope_imp_mercure17221101	philippe_orleans_regent	M. le Duc d’Orleans
Antilope_imp_mercure17221101	gillemarieoppenort	M. Oppenort, Directeur General de ses Bâtimens & Jardins
Antilope_imp_mercure17221101	louisxv	Sa Majesté
Antilope_imp_mercure17221101	gillemarieoppenort	M. Oppenort
Antilope_imp_mercure17221101	philippe_orleans_regent	Monsieur le Duc d’Orleans
Antilope_imp_mercure17221101	louisxv	Roy
Antilope_imp_mercure17221101	philippe_orleans_regent	S. A. R.
Antilope_imp_mercure17221101	louisxv	Roy
Antilope_imp_mercure17221101	philippe_orleans_regent	Monsieur le Duc d’Orleans
Antilope_imp_mercure17221101	louisxv	Roy
Antilope_imp_mercure17221101	philippe_orleans_regent	Monsieur le Duc d’Orleans
Antilope_imp_mercure17221101	louisxv	Roy
Antilope_imp_mercure17221101	louisxv	Sa Majesté
Antilope_imp_mercure17221101	louisxv	Roy
Antilope_imp_mercure17221101	louisxv	Sa Majesté
Antilope_imp_mercure17221101	louisxv	Roy
Antilope_imp_mercure17221101	louisxv	Sa Majesté
Antilope_imp_mercure17221101	sieurpesier	Sieur Pesier
Antilope_imp_mercure17221101	sieurpesier	il
Antilope_imp_mercure17221101	louisxv	Roy
Antilope_imp_mercure17221101	louisxv	S. M.
Antilope_imp_mercure17221101	philippe_orleans_regent	Monsieur le Duc d’Orleans
Antilope_imp_mercure17221101	louisxv	Roy
Antilope_imp_mercure17221101	louisxv	S. M .
Antilope_imp_mercure17221101	louisxv	Roy
Antilope_imp_mercure17221101	philippe_orleans_regent	Monsieur le Duc d’Orleans
Antilope_imp_mercure17221101	louisxv	S. M.
Antilope_imp_mercure17221101	louisxv	Roy
Antilope_imp_mercure17221101	louisxv	il
Antilope_imp_mercure17221101	louisxv	Roy
Antilope_imp_mercure17221101	louisxv	Personne
Antilope_imp_mercure17221101	louisxv	S. M.
Antilope_imp_mercure17221101	louisxv	Roy
Antilope_imp_mercure17221101	louisxv	Roy
Antilope_imp_mercure17221101	louisxv	Sa Majesté
Antilope_imp_mercure17221101	louis_orleans	le Duc de Chartres
Antilope_imp_mercure17221101	louis_de_bourbonconde	le Comte de Clermont
Antilope_imp_mercure17221101	jean_philippe_orlean	le Grand-Prieur
Antilope_imp_mercure17221101	charles_auguste_waldeckpyrmont	le Prince de Valdeik
Antilope_imp_mercure17221101	louisnicolas_neufville_villeroy	le Duc de Retz
Antilope_imp_mercure17221101	francois_neufville_villeroy	le Marquis d’Alincourt
Antilope_imp_mercure17221101	henri_hubert_de_courtavel_de_peze	le Chevalier de Pesée
Antilope_imp_mercure17221101	louisxv	Roy
Antilope_imp_mercure17221101	louisxv	S.M.
Antilope_imp_mercure17221101	louisxv	Sa Majesté
Antilope_imp_mercure17221101	louis_orleans	le Duc de Chartres
Antilope_imp_mercure17221101	louis_de_bourbonconde	le Comte de Clermont
Antilope_imp_mercure17221101	jean_philippe_orlean	le Grand-Prieur
Antilope_imp_mercure17221101	charles_auguste_waldeckpyrmont	le Prince de Valdeik
Antilope_imp_mercure17221101	louisnicolas_neufville_villeroy	le Duc de Retz
Antilope_imp_mercure17221101	francois_neufville_villeroy	le Marquis d’Alincourt
Antilope_imp_mercure17221101	henri_hubert_de_courtavel_de_peze	le Chevalier de Pesée
Antilope_imp_mercure17221101	philippe_orleans_regent	Monsieur le Duc d’Orleans
Antilope_imp_mercure17221101	louisiv_henri_conde	le Duc de Bourbon
Antilope_imp_mercure17221101	victormarieestree	la Maréchale d’Etrées
Antilope_imp_mercure17221101	marie_anne_catherine_estrees	la Marquise de Courtenvaux
Antilope_imp_mercure17221101	louisriccoboni	Sieur Lelio
Antilope_imp_mercure17221101	louisxv	Sa Majesté
Antilope_imp_mercure17221101	Thomasso_antonio_vicentini	Arlequin
Antilope_imp_mercure17221101	louisxv	Sa Majesté
Antilope_imp_mercure17221101	philippe_orleans_regent	Monsieur le Duc d’Orleans
Antilope_imp_mercure17221101	louisiv_henri_conde	le Duc de Bourbon
Antilope_imp_mercure17221101	victormarieestree	la Maréchale d’Etrées
Antilope_imp_mercure17221101	marie_anne_catherine_estrees	la Marquise de Courtenvaux
Antilope_imp_mercure17221101	louisxv	Roy
Antilope_imp_mercure17221101	gabrielvincentthevenard	Sieur Thevenard
Antilope_imp_mercure17221101	pierredumoulin	Sieur Dumoulin
Antilope_imp_mercure17221101	francoiseprevot	Mlle Prevôt
Antilope_imp_mercure17221101	louisxv	Roy
Antilope_imp_mercure17221101	louisxv	S. M.
Antilope_imp_mercure17221101	philippe_orleans_regent	Monsieur le Duc d’Orleans
Antilope_imp_mercure17221101	louis_orleans	le Duc de Chartres
Antilope_imp_mercure17221101	louisxv	Son Altesse Royale
Antilope_imp_mercure17221101	louisxv	S. M.
Antilope_imp_mercure17221101	philippe_orleans_regent	Monsieur le Duc d’Orleans
Antilope_imp_mercure17221101	louis_orleans	le Duc de Chartres
Antilope_imp_mercure17221101	louisxv	Sa Majesté
Antilope_imp_mercure17221101	louisxv	Roy
Antilope_imp_mercure17221101	louisxv	Sa Majesté
Antilope_imp_mercure17221101	louisxv	Sa
Antilope_imp_mercure17221101	louisxv	Majesté
Antilope_imp_mercure17221101	louisxv	Roy
Antilope_imp_mercure17221101	augustin_vincent_ennequin	le Marquis d’Ecquevilly
Antilope_imp_mercure17221101	louisxv	Roy
Antilope_imp_mercure17221101	louisxv	Roy
Antilope_imp_mercure17221101	louisxv	Roy
Antilope_imp_mercure17221101	louisxv	Sa Majesté
Antilope_imp_mercure17221101	louisxv	Roy
Antilope_imp_mercure17221101	louisxv	Roy
Antilope_imp_mercure17221101	mauricesaxe	Le Comte de Saxe
Antilope_imp_mercure17221101	charles_auguste_waldeckpyrmont	le Prince de Valdeik
Antilope_imp_mercure17221101	louisxv	Roy
Antilope_imp_mercure17221101	mauricesaxe	Le Comte de Saxe
Antilope_imp_mercure17221101	charles_auguste_waldeckpyrmont	le Prince de Valdeik
Antilope_imp_mercure17221101	mauricesaxe	Le Comte de Saxe
Antilope_imp_mercure17221101	louisxv	Roy
Antilope_imp_mercure17221101	mauricesaxe	Comte de Saxe
Antilope_imp_mercure17221101	mauricesaxe	il
Antilope_imp_mercure17221101	mauricesaxe	Comte de Saxe
Antilope_imp_mercure17221101	mauricesaxe	il
Antilope_imp_mercure17221101	mauricesaxe	qu’il
Antilope_imp_mercure17221101	mauricesaxe	il
Antilope_imp_mercure17221101	françois_II_du_prat_barbençon	Le Marquis de Barbançon
Antilope_imp_mercure17221101	philippe_orleans_regent	S. A. R.
Antilope_imp_mercure17221101	louisxv	S. M.
Antilope_imp_mercure17221101	louisxv	Roi
Antilope_imp_mercure17221101	louisxv	Roy
Antilope_imp_mercure17221101	louisxv	Roy
Antilope_imp_mercure17221101	louisxv	Roy
Antilope_imp_mercure17221101	louis_de_bourbonconde	Comte de Clermont
Antilope_imp_mercure17221101	armand_charost	Duc de Charost
Antilope_imp_mercure17221101	louisxv	Sa Majesté
Antilope_imp_mercure17221101	philippe_orleans_regent	Monsieur le Duc d’Orleans
Antilope_imp_mercure17221101	louis_orleans	Duc de Chartres
Antilope_imp_mercure17221101	louisiv_henri_conde	Duc de Bourbon
Antilope_imp_mercure17221101	charles_de_bourbon_charolais	Comte de Charolois
Antilope_imp_mercure17221101	louis_armand_conti	Prince de Conti
Antilope_imp_mercure17221101	louisxv	Roy
Antilope_imp_mercure17221101	louisxv	Roy
Antilope_imp_mercure17221101	louisxv	Roy
Antilope_imp_mercure17221101	louis_alexandre_bourbon	le Comte Toulouse
Antilope_imp_mercure17221101	louisxv	Sa Majesté
Antilope_imp_mercure17221101	louisxv	Roy
Antilope_imp_mercure17221101	louisxv	Roy
Antilope_imp_mercure17221101	louis_de_bourbonconde	Comte de Clermont
Antilope_imp_mercure17221101	armand_charost	Duc de Charost
Antilope_imp_mercure17221101	philippe_orleans_regent	Monsieur le Duc d’Orleans
Antilope_imp_mercure17221101	louis_orleans	Duc de Chartres
Antilope_imp_mercure17221101	louisiv_henri_conde	Duc de Bourbon
Antilope_imp_mercure17221101	charles_de_bourbon_charolais	Comte de Charolois
Antilope_imp_mercure17221101	louis_armand_conti	Prince de Conti
Antilope_imp_mercure17221101	jacques_medavy	Marquis de Grancey
Antilope_imp_mercure17221101	louisxv	Roy
Antilope_imp_mercure17221101	philippe_orleans_regent	Monsieur le Duc d’Orleans
Antilope_imp_mercure17221101	louisxv	Roy
Antilope_imp_mercure17221101	louisxv	S. M.
Antilope_imp_mercure17221101	me_thierry	Me Thierry
Antilope_imp_mercure17221101	sieur_malterre	Sieurs Malterre
Antilope_imp_mercure17221101	sieur_javiliers	Javiliers
Antilope_imp_mercure17221101	pierredumoulin	Sieur Dumoulin
Antilope_imp_mercure17221101	demoiselle_rey	Dlle Rey
Antilope_imp_mercure17221101	sieur_corbie	Sieur Corbie
Antilope_imp_mercure17221101	julie_bercaville	Dlle Julie
Antilope_imp_mercure17221101	jeanbaptistedeshayes	Sieur Deshayes
Antilope_imp_mercure17221101	bissoni	Scapui
Antilope_imp_mercure17221101	dominiquebianconelli	Trivelin
Antilope_imp_mercure17221101	sieur_paqueti	Sieur Paqueti
Antilope_imp_mercure17221101	flaminialadelle	Dlle Flaminia
Antilope_imp_mercure17221101	louisxv	Roy
Antilope_imp_mercure17221101	demoiselleduvalpseudo	Dlle Duval
Antilope_imp_mercure17221101	sieur_saint_martin_acteur	Sieur S. Martin
Antilope_imp_mercure17221101	dlle_souris	Dlle Souris
Antilope_imp_mercure17221101	louisxv	Roy
Antilope_imp_mercure17221101	sieur_javiliers	Sieur Javilliers
Antilope_imp_mercure17221101	dlle_mangot	Dlle Mangot
Antilope_imp_mercure17221101	philippe_orleans_regent	Monsieur le Duc d’Orleans
Antilope_imp_mercure17221101	sieur_buzeau	Buzeau
Antilope_imp_mercure17221101	dlle_perignon	Dlle Perignon
Antilope_imp_mercure17221101	vincent_charles_delestoile	Le Sieur Dumirail
Antilope_imp_mercure17221101	dlle_souris_aine	Souris
Antilope_imp_mercure17221101	dlle_du_coudray	du Coudray
Antilope_imp_mercure17221101	louisxv	Roy
Antilope_imp_mercure17221101	louisxv	Sa Majesté
Antilope_imp_mercure17221101	louisxv	Roy
Antilope_imp_mercure17221101	bissoni	Scapin
Antilope_imp_mercure17221101	dominiquebianconelli	Trivelin
Antilope_imp_mercure17221101	flaminialadelle	Flaminia
Antilope_imp_mercure17221101	louisxv	Roy
Antilope_imp_mercure17221101	bissoni	Scapin
Antilope_imp_mercure17221101	louisxv	Roy
Antilope_imp_mercure17221101	louisxv	Sa Majesté
Antilope_imp_mercure17221101	flaminialadelle	Dlle Flaminia
Antilope_imp_mercure17221101	louisxv	Roy
Antilope_imp_mercure17221101	bissoni	Scapin
Antilope_imp_mercure17221101	bissoni	Saltinbang
Antilope_imp_mercure17221101	louisxv	Sa Majesté
Antilope_imp_mercure17221101	louisxv	Roy
Antilope_imp_mercure17221101	louisxv	Sa Majesté
Antilope_imp_mercure17221101	louisxv	Roy
Antilope_imp_mercure17221101	louisxv	Roy
Antilope_imp_mercure17221101	louisxv	Roy
Antilope_imp_mercure17221101	louisxv	S. M.
Antilope_imp_mercure17221101	louisxv	Roy
Antilope_imp_mercure17221101	marie_anne_victoire_espagne	l’Infante-Reine
Antilope_imp_mercure17221101	mariefertesenneterre	Madame la Duchesse de la Ferté
Antilope_imp_mercure17221101	louisxv	Sa Majesté
Antilope_imp_mercure17221101	louisxv	Roy
Antilope_imp_mercure17221101	louisxv	Roy
Antilope_imp_mercure17221101	marie_anne_victoire_espagne	l’Infante-Reine
Antilope_imp_mercure17221101	mariefertesenneterre	Madame la Duchesse de la Ferté
Antilope_imp_mercure17221101	louisxv	Sa Majesté
Antilope_imp_mercure17221101	julie_bercaville	Dlle Julie
Antilope_imp_mercure17221101	sieurpercourt	Sieur Percourt
Antilope_imp_mercure17221101	jeanjosephmouret	Sieur Mouret
Antilope_imp_mercure17221101	louisxv	Roy
Antilope_imp_mercure17221101	louisxv	Roy
Antilope_imp_mercure17221101	louisxv	PRince
Antilope_imp_mercure17221101	louisxiv	Louis
Antilope_imp_mercure17221101	philippeiiauguste	Philippe
Antilope_imp_mercure17221101	jeanjosephmouret	Sieur Mouret
Antilope_imp_mercure17221101	francoiseprevot	Dlle Prevost
Antilope_imp_mercure17221101	francoisdumoulin	Sieur du Moulin
Antilope_imp_mercure17221101	sieurlaval	Sieur Laval
Antilope_imp_mercure17221101	dllecorail	Dlle Corail
Antilope_imp_mercure17221101	pierredumoulin	Sieurs Dumoulin
Antilope_imp_mercure17221101	marceldanseur	Sieurs Marcel
Antilope_imp_mercure17221101	dupredanseur	Dupré
Antilope_imp_mercure17221101	louisxv	Sa Majesté
Antilope_imp_mercure17221101	gervaismusiqueducorleans	Sieur Gervais
Antilope_imp_mercure17221101	philippe_orleans_regent	Monsieur le Duc d’Orleans
Antilope_imp_mercure17221101	mariannehelenedelamotte	M. de la Motte
Antilope_imp_mercure17221101	louisxv	Roy
Antilope_imp_mercure17221101	louisxv	Roy
Antilope_imp_mercure17221101	louisxv	Roy
Antilope_imp_mercure17221101	louisxv	Roy
Antilope_imp_mercure17221101	sieurperrot	Sieur Perrot
Antilope_imp_mercure17221101	gillemarieoppenort	M. Oppenort
Antilope_imp_mercure17221101	philippe_orleans_regent	Monsieur le Duc d’Orleans
Antilope_imp_mercure17221101	philippe_orleans_regent	son Altesse Royale
Antilope_imp_mercure17221101	mr_duperier	M. Duperier
Antilope_imp_mercure17221101	louis_ii_sanguin	Marquis de Livry
Antilope_imp_mercure17221101	louisxv	Roy
Antilope_imp_mercure17221101	gillemarieoppenort	il
Antilope_imp_mercure17221101	louisxv	Roy
Antilope_imp_mercure17221101	louisxv	Roy
Antilope_imp_mercure17221101	louisxv	Sa Majesté
Antilope_imp_mercure17221101	louisiv_henri_conde	Duc de Bourbon
Antilope_imp_mercure17221101	louisiv_henri_conde	M. le Duc de Bourbon
Antilope_imp_mercure17221101	louisxv	Roy
Antilope_imp_mercure17221101	louisxv	Sa Majesté
Antilope_imp_mercure17221101	louisxv	Roy
Antilope_imp_mercure17221101	philippe_orleans_regent	Monsieur le Duc d’Orleans
Antilope_imp_mercure17221101	louis_orleans	du Duc de Chartres
Antilope_imp_mercure17221101	louis_de_bourbonconde	du Comte de Clermont
Antilope_imp_mercure17221101	louis_armand_conti	Prince de Conti
Antilope_imp_mercure17221101	armand_charost	du Duc de Charost, son Gouverneur
Antilope_imp_mercure17221101	louisxv	Roy
Antilope_imp_mercure17221101	philippe_orleans_regent	Monsieur le Duc d’Orleans
Antilope_imp_mercure17221101	louis_orleans	Duc de Chartres
Antilope_imp_mercure17221101	louis_de_bourbonconde	le Comte de Clermont
Antilope_imp_mercure17221101	louis_armand_conti	Prince de Conty
Antilope_imp_mercure17221101	armand_charost	Duc de Charost, son Gouverneur
Antilope_imp_mercure17221101	louisiv_henri_conde	M. le Duc
Antilope_imp_mercure17221101	charles_de_bourbon_charolais	M. le Comte de Charolois
Antilope_imp_mercure17221101	louisxv	S. M.
Antilope_imp_mercure17221101	louisiv_henri_conde	M. le Duc
Antilope_imp_mercure17221101	anne_de_montmorency	Connétable de Montmorency
Antilope_imp_mercure17221101	louisxv	Roy
Antilope_imp_mercure17221101	louisxv	Sa Majesté
Antilope_imp_mercure17221101	louisxv	elle
Antilope_imp_mercure17221101	mlle_de_Nantes	S.A.S Madame la Duchesse de Bourbon
Antilope_imp_mercure17221101	mlleclermont	Mademoiselle de Clermont
Antilope_imp_mercure17221101	louisxv	Roy
Antilope_imp_mercure17221101	louisxv	Roy
Antilope_imp_mercure17221101	mlle_de_Nantes	Duchesse de Bourbon
Antilope_imp_mercure17221101	mlleclermont	Mademoiselle de Clermont
Antilope_imp_mercure17221101	louisxv	Roy
Antilope_imp_mercure17221101	louisxv	S. M.
Antilope_imp_mercure17221101	louisxv	elle
Antilope_imp_mercure17221101	louisxv	Roy
Antilope_imp_mercure17221101	philippe_orleans_regent	Monsieur le Duc d’Orleans
Antilope_imp_mercure17221101	louisiv_henri_conde	le Duc de Bourbon
Antilope_imp_mercure17221101	charles_de_bourbon_charolais	le Comte de Charolois
Antilope_imp_mercure17221101	philippe_orleans_regent	S. A. R.
Antilope_imp_mercure17221101	louis_grand_dauphin	Monseigneur
Antilope_imp_mercure17221101	louisxiv	du Roy Loüis XIV.
Antilope_imp_mercure17221101	louis_grand_dauphin	Monsieur le Dauphin
Antilope_imp_mercure17221101	louisxv	S. M.
Antilope_imp_mercure17221101	empereurcharlevii	l’Electeur de Baviere
Antilope_imp_mercure17221101	philippe_orleans_regent	S. A. R.
Antilope_imp_mercure17221101	louis_ii_bourbon_conde	Loüis II
Antilope_imp_mercure17221101	louis_ii_bourbon_conde	Prince de Condé
Antilope_imp_mercure17221101	louis_ii_bourbon_conde	Prince
Antilope_imp_mercure17221101	louis_ii_bourbon_conde	Prince de Condé
Antilope_imp_mercure17221101	louis_ii_bourbon_conde	M.
Antilope_imp_mercure17221101	felipeiv	Roy Catholique
Antilope_imp_mercure17221101	henri_de_la_tour_d_auvergne	M. de Turenne
Antilope_imp_mercure17221101	louis_ii_bourbon_conde	Prince
Antilope_imp_mercure17221101	louis_ii_bourbon_conde	Prince
Antilope_imp_mercure17221101	louis_ii_bourbon_conde	Prince
Antilope_imp_mercure17221101	louis_ii_bourbon_conde	il
Antilope_imp_mercure17221101	louis_ii_bourbon_conde	Prince
Antilope_imp_mercure17221101	louis_ii_bourbon_conde	Prince
Antilope_imp_mercure17221101	henri_jules_bourboncondé	Henri-Jules
Antilope_imp_mercure17221101	mlle_de_Nantes	Madame la Duchesse
Antilope_imp_mercure17221101	philippe_orleans_regent	Monsieur le Duc d’Orleans
Antilope_imp_mercure17221101	mlle_de_Nantes	Princesse
Antilope_imp_mercure17221101	mlleclermont	Mademoiselle de Clermont
Antilope_imp_mercure17221101	philippe_orleans_regent	il
Antilope_imp_mercure17221101	philippe_orleans_regent	Monsieur le Duc d’Orleans
Antilope_imp_mercure17221101	mlle_de_Nantes	Duchesse de Bourbon
Antilope_imp_mercure17221101	mlleclermont	Mademoiselle de Clermont
Antilope_imp_mercure17221101	louisiv_henri_conde	Duc de Bourbon
Antilope_imp_mercure17221101	louisiv_henri_conde	Duc de Bourbon
Antilope_imp_mercure17221101	charles_de_bourbon_charolais	Comte de Charolois
Antilope_imp_mercure17221101	louis_orleans	Duc de Chartres
Antilope_imp_mercure17221101	louis_armand_conti	Prince de Conti
Antilope_imp_mercure17221101	jean_philippe_orlean	Grand-Prieur de France
Antilope_imp_mercure17221101	charles_de_bourbon_charolais	Comte de Charolois
Antilope_imp_mercure17221101	louis_orleans	Duc de Chartres
Antilope_imp_mercure17221101	louis_armand_conti	Prince de Conti
Antilope_imp_mercure17221101	jean_philippe_orlean	Grand-Prieur de France
Antilope_imp_mercure17221101	louis_de_bourbonconde	Comte de Clermont
Antilope_imp_mercure17221101	louis_de_bourbonconde	Prince
Antilope_imp_mercure17221101	louis_de_bourbonconde	Comte de Clermont
Antilope_imp_mercure17221101	nicolas_charles_saulx_tavanes	Le Comte de Tavanes
Antilope_imp_mercure17221101	louisiv_henri_conde	Duc de Bourbon
Antilope_imp_mercure17221101	nicolas_charles_saulx_tavanes	Le Comte de Tavanes
Antilope_imp_mercure17221101	louisxv	Roy
Antilope_imp_mercure17221101	armand_jules_rohanguemene	Cardinal de Rohan
Antilope_imp_mercure17221101	guillaumedubois	Cardinal du Bois
Antilope_imp_mercure17221101	josephpierrecastelanne	l’Evêque de Frejus
Antilope_imp_mercure17221101	josephfleurieuarmenonville	le Garde des Sceaux
Antilope_imp_mercure17221101	louis_ii_phelypeaux_de_la_vrilliere	le Marquis de la Vrilliere
Antilope_imp_mercure17221101	jean_frederic_phelypeaux	le Comte de Maurepas
Antilope_imp_mercure17221101	charlesgasparddodun	M.Dodun
Antilope_imp_mercure17221101	armand_jules_rohanguemene	Cardinal de Rohan
Antilope_imp_mercure17221101	guillaumedubois	Cardinal du Bois
Antilope_imp_mercure17221101	josephpierrecastelanne	l’Evêque de Frejus
Antilope_imp_mercure17221101	josephfleurieuarmenonville	le Garde des Sceaux
Antilope_imp_mercure17221101	louis_ii_phelypeaux_de_la_vrilliere	le Marquis de la Vrilliere
Antilope_imp_mercure17221101	jean_frederic_phelypeaux	le Comte de Maurepas
Antilope_imp_mercure17221101	charlesgasparddodun	M.Dodun
Antilope_imp_mercure17221101	claude_jean_baptiste_dodart	M. Dodart
Antilope_imp_mercure17221101	louisxv	Roy
Antilope_imp_mercure17221101	claude_fleury	le Pere de Ligniere
Antilope_imp_mercure17221101	louisxv	Roy
Antilope_imp_mercure17221101	francoisgigotdelapeyronie	M. de la Peyronie
Antilope_imp_mercure17221101	louisxv	Roy
Antilope_imp_mercure17221101	claude_jean_baptiste_dodart	M. Dodart
Antilope_imp_mercure17221101	claude_fleury	le Pere de Ligniere
Antilope_imp_mercure17221101	francoisgigotdelapeyronie	M. de la Peyronie
Antilope_imp_mercure17221101	louisxv	Roy
Antilope_imp_mercure17221101	louisxv	Roy
Antilope_imp_mercure17221101	sieurbourlet	Sieur Bourlet
Antilope_imp_mercure17221101	louisxv	Roy
Antilope_imp_mercure17221101	mr_dumar	M. Dumar
Antilope_imp_mercure17221101	mr_gruyer	Gruyer
Antilope_imp_mercure17221101	toussaint_rose	President Roze
Antilope_imp_mercure17221101	louisiv_henri_conde	Le Duc de Bourbon
Antilope_imp_mercure17221101	louisiv_henri_conde	il
Antilope_imp_mercure17221101	louisiv_henri_conde	S. A. S.
Antilope_imp_mercure17221101	louisxv	Roy
Antilope_imp_mercure17221101	mr_destin	M. Destin
Antilope_imp_mercure17221101	louisiv_henri_conde	Duc de Bourbon
Antilope_imp_mercure17221101	louisiv_henri_conde	S. A. S.
Antilope_imp_mercure17221101	mr_destin	il
Antilope_imp_mercure17221101	louisxv	Monarque
Antilope_imp_mercure17221101	louisiv_henri_conde	grand Prince
Antilope_imp_mercure17221101	louisxv	Roy
Antilope_imp_mercure17221101	louisxv	S. M.
Antilope_imp_mercure17221101	louisiv_henri_conde	Duc de Bourbon
Antilope_imp_mercure17221101	charles_de_bourbon_charolais	Comte de Charolois
Antilope_imp_mercure17221101	louis_de_bourbonconde	Comte de Clermont
Antilope_imp_mercure17221101	louisxv	S. M.
Antilope_imp_mercure17221101	louisiv_henri_conde	Duc de Bourbon
Antilope_imp_mercure17221101	charles_de_bourbon_charolais	le Comte de Charolois
Antilope_imp_mercure17221101	louis_de_bourbonconde	le Comte de Clermont
Antilope_imp_mercure17221101	theophile_viau	Theophile
Antilope_imp_mercure17221101	theophile_viau	il
Antilope_imp_mercure17221101	louisxv	Roy
Antilope_imp_mercure17221101	louisxv	Sa Majesté
Antilope_imp_mercure17221101	louisxv	Roy
Antilope_imp_mercure17221101	louisxv	S. M.
Antilope_imp_mercure17221101	louisiv_henri_conde	Duc de Bourbon
Antilope_imp_mercure17221101	louisxv	Roy
Antilope_imp_mercure17221101	mlle_de_Nantes	Duchesse de Bourbon
Antilope_imp_mercure17221101	mlleclermont	Mademoiselle de Clermont
Antilope_imp_mercure17221101	louisxv	Roy
Antilope_imp_mercure17221101	mlle_de_Nantes	Duchesse de Bourbon
Antilope_imp_mercure17221101	mlleclermont	Mademoiselle de Clermont
Antilope_imp_mercure17221101	marieantier	Elle
Antilope_imp_mercure17221101	louisxv	Roy
Antilope_imp_mercure17221101	marieantier	Elle
Antilope_imp_mercure17221101	louisxv	S. M.
Antilope_imp_mercure17221101	marieantier	Dlle Antier
Antilope_imp_mercure17221101	louisxv	Roy
Antilope_imp_mercure17221101	louisxv	Roy
Antilope_imp_mercure17221101	louisxv	S. M.
Antilope_imp_mercure17221101	louisxv	elle
Antilope_imp_mercure17221101	louisxv	S. M.
Antilope_imp_mercure17221101	louisxv	Roy
Antilope_imp_mercure17221101	louisxv	Sa Majesté
Antilope_imp_mercure17221101	louisxv	Roy
Antilope_imp_mercure17221101	aubert_jacques	Sieur Aubert
Antilope_imp_mercure17221101	louisiv_henri_conde	Duc de Bourbon
Antilope_imp_mercure17221101	louisxv	S. M.
Antilope_imp_mercure17221101	louisxv	Roy
Antilope_imp_mercure17221101	louisxv	S. M.
Antilope_imp_mercure17221101	louisiv_henri_conde	Duc de Bourbon
Antilope_imp_mercure17221101	louisiv_henri_conde	S. A. S.
Antilope_imp_mercure17221101	louisxv	Roy
Antilope_imp_mercure17221101	jean_ii_berin	Sieur Berin
Antilope_imp_mercure17221101	louisxv	Roy
Antilope_imp_mercure17221101	louisiv_henri_conde	Prince
Antilope_imp_mercure17221101	jean_berin	pere
Antilope_imp_mercure17221101	louis_iii_bourbonconde	Monsieur le Prince
Antilope_imp_mercure17221101	louisiv_henri_conde	S. A. S.
Antilope_imp_mercure17221101	louis_grand_dauphin	Monseigneur le Dauphin
Antilope_imp_mercure17221101	louisxv	Loüis le Grand
Antilope_imp_mercure17221101	marcantoinelegrand	Sieur le Grand
Antilope_imp_mercure17221101	louisxv	Roy
Antilope_imp_mercure17221101	louisxv	Roy
Antilope_imp_mercure17221101	aubert_jacques	Sieur Aubert
Antilope_imp_mercure17221101	louisiv_henri_conde	Duc de Bourbon
Antilope_imp_mercure17221101	sieurblondi	Sieur Blondi
Antilope_imp_mercure17221101	moliere	M.***
Antilope_imp_mercure17221101	louisxv	Maître du Monde
Antilope_imp_mercure17221101	louisxv	il
Antilope_imp_mercure17221101	louisxv	Louis
Antilope_imp_mercure17221101	louisxv	Heros
Antilope_imp_mercure17221101	louisxv	Roy
Antilope_imp_mercure17221101	jeanlouismansienne	Sieur Mansienne
Antilope_imp_mercure17221101	dupreactrice	Dlle Dupré
Antilope_imp_mercure17221101	louisxv	Roy
Antilope_imp_mercure17221101	dlle_autier	Dlle Autier
Antilope_imp_mercure17221101	julie_bercaville	la Dlle Julie
Antilope_imp_mercure17221101	gabrielvincentthevenard	le Sieur de Thevenard
Antilope_imp_mercure17221101	gabrielvincentthevenard	Sieur Thevenard
Antilope_imp_mercure17221101	francoiseprevot	Dlle Prevôt
Antilope_imp_mercure17221101	gabrielvincentthevenard	Sieur Thevenard
Antilope_imp_mercure17221101	louisxv	Sa Majesté
Antilope_imp_mercure17221101	quinault_dufresne_abraham_alexis	Le sieur Dufresne.
Antilope_imp_mercure17221101	dufresnemariedupré	La Damoiselle Dufresne.
Antilope_imp_mercure17221101	mariannehelenedelamotte	La Damoiselle la Mothe.
Antilope_imp_mercure17221101	marcantoinelegrand	Le Sieur le Grand.
Antilope_imp_mercure17221101	jeandun	Le Sieur Dun.
Antilope_imp_mercure17221101	Thomasso_antonio_vicentini	Arlequin.
Antilope_imp_mercure17221101	louisxv	S. M.
Antilope_imp_mercure17221101	louisxv	Roy
Antilope_imp_mercure17221101	louisxv	S. M.
Antilope_imp_mercure17221101	louisxv	Roy
Antilope_imp_mercure17221101	louisxv	Roy
Antilope_imp_mercure17221101	mlle_de_Nantes	La Duchesse de Bourbon
Antilope_imp_mercure17221101	louisxv	Roy
Antilope_imp_mercure17221101	louisxv	Roy
Antilope_imp_mercure17221101	louisxv	S. M.
Antilope_imp_mercure17221101	louisxv	Roy
Antilope_imp_mercure17221101	mlleclermont	Mademoiselle de Clermont
Antilope_imp_mercure17221101	marie_victoire_savoie	la Marquise de Busc
Antilope_imp_mercure17221101	jeanne_agnes_berthelot_pleneuf	de la Marquise de Prie
Antilope_imp_mercure17221101	louisiv_henri_conde	du Duc de Bourbon
Antilope_imp_mercure17221101	louisxv	Roy
Antilope_imp_mercure17221101	mlleclermont	Mademoiselle de Clermont
Antilope_imp_mercure17221101	marie_victoire_savoie	la Marquise de Busc
Antilope_imp_mercure17221101	jeanne_agnes_berthelot_pleneuf	la Marquise de Prie
Antilope_imp_mercure17221101	anne_de_montmorency	Connétable de Montmorency
Antilope_imp_mercure17221101	louisxv	Roy
Antilope_imp_mercure17221101	julie_bercaville	Dlle Julie
Antilope_imp_mercure17221101	louisxv	S. M.
Antilope_imp_mercure17221101	louisxv	Jeune Heros
Antilope_imp_mercure17221101	louisxv	Sa Majesté
Antilope_imp_mercure17221101	louisxv	LOUIS
Antilope_imp_mercure17221101	louisiv_henri_conde	Duc de Bourbon
Antilope_imp_mercure17221101	louisxv	Le Roy
Antilope_imp_mercure17221101	louisxv	S. M.
Antilope_imp_mercure17221101	louisiv_henri_conde	Duc de Bourbon
Antilope_imp_mercure17221101	louisxv	S. M
Antilope_imp_mercure17221101	louisxv	Roy
Antilope_imp_mercure17221101	louisxv	S. M.
Antilope_imp_mercure17221101	mlle_minier	Dlle Minier
Antilope_imp_mercure17221101	louisxv	Roy
Antilope_imp_mercure17221101	louisxv	Sa Majesté
Antilope_imp_mercure17221101	louisiv_henri_conde	le Duc de Bourbon
Antilope_imp_mercure17221101	louisxv	S. M.
Antilope_imp_mercure17221101	louisxv	S. M.
Antilope_imp_mercure17221101	louisxv	Roy
Antilope_imp_mercure17221101	louisxv	S. M.
Antilope_imp_mercure17221101	louisxv	Roy
Antilope_imp_mercure17221101	louisxv	S. M.
Antilope_imp_mercure17221101	louisxv	Roy
Antilope_imp_mercure17221101	louisxv	Roy
Antilope_imp_mercure17221101	louisxv	Roy
Antilope_imp_mercure17221101	louisxv	S. M.
Antilope_imp_mercure17221101	mlle_de_Nantes	de la Duchesse de Bourbon
Antilope_imp_mercure17221101	mlleclermont	Mademoiselle de Clermont
Antilope_imp_mercure17221101	marieisabelle_rohan	la Duchesse de Talard
Antilope_imp_mercure17221101	annejulie_demelun	de Mademoiselle de Melun
Antilope_imp_mercure17221101	marie_victoire_savoie	de Busc
Antilope_imp_mercure17221101	julie_christine_regine_georges_antraigues	d’Ancenis
Antilope_imp_mercure17221101	armande_felice_la_portemazarin	de Nesle
Antilope_imp_mercure17221101	genievre_gareau	de Beaune
Antilope_imp_mercure17221101	jeanne_agnes_berthelot_pleneuf	de Prie
Antilope_imp_mercure17221101	francoisedemailly	de la Vrilliere
Antilope_imp_mercure17221101	mariesophie_colbert	de Lassé
Antilope_imp_mercure17221101	catherinefelicitedubellaydelapallu	du Bellay
Antilope_imp_mercure17221101	marie_françoise_de_froulay_de_tesse	de Tarannes
Antilope_imp_mercure17221101	louisxv	S. M.
Antilope_imp_mercure17221101	mlle_de_Nantes	de la Duchesse de Bourbon
Antilope_imp_mercure17221101	mlleclermont	Mademoiselle de Clermont
Antilope_imp_mercure17221101	marieisabelle_rohan	la Duchesse de Talard
Antilope_imp_mercure17221101	annejulie_demelun	de Mademoiselle de Melun
Antilope_imp_mercure17221101	marie_victoire_savoie	de Busc
Antilope_imp_mercure17221101	julie_christine_regine_georges_antraigues	d’Ancenis
Antilope_imp_mercure17221101	armande_felice_la_portemazarin	de Nesle
Antilope_imp_mercure17221101	genievre_gareau	de Beaune
Antilope_imp_mercure17221101	jeanne_agnes_berthelot_pleneuf	de Prie
Antilope_imp_mercure17221101	francoisedemailly	de la Vrilliere
Antilope_imp_mercure17221101	mariesophie_colbert	de Lassé
Antilope_imp_mercure17221101	catherinefelicitedubellaydelapallu	du Bellay
Antilope_imp_mercure17221101	marie_françoise_de_froulay_de_tesse	de Tarannes
Antilope_imp_mercure17221101	louisxv	Roy
Antilope_imp_mercure17221101	louisxv	Roy
Antilope_imp_mercure17221101	louisxv	Roy
Antilope_imp_mercure17221101	morel_sr	Sieur Morel
Antilope_imp_mercure17221101	louisxv	Roy
Antilope_imp_mercure17221101	jean_ii_berin	Sieur Berin
Antilope_imp_mercure17221101	louisxv	Roy
Antilope_imp_mercure17221101	louisxv	Sa Majesté
Antilope_imp_mercure17221101	bullion_gabriel_jerome	Le Bailly
Antilope_imp_mercure17221101	louisxv	Sa Majesté
Antilope_imp_mercure17221101	louisxv	Roy
Antilope_imp_mercure17221101	louisxv	Roy
Antilope_imp_mercure17221101	françois_anseaume	R. P. Dom François Anceaume
Antilope_imp_mercure17221101	louisxv	S. M.
Antilope_imp_mercure17221101	françois_anseaume	il
Antilope_imp_mercure17221101	louisxv	Roy
Antilope_imp_mercure17221101	louisxv	elle
Antilope_imp_mercure17221101	louisxv	Sa Majesté
Antilope_imp_mercure17221101	louisxv	S. M.
Antilope_imp_mercure17221101	louisxv	Roy
Antilope_imp_mercure17221101	francois_de_saintclos	le Superieur
Antilope_imp_mercure17221101	louisxv	le Roy
Antilope_imp_mercure17221101	louisxv	Sa Majesté
Antilope_imp_mercure17221101	louisix	S. Loüis
Antilope_imp_mercure17221101	louisxv	Sa Majesté
Antilope_imp_mercure17221101	louisxv	Roy
Antilope_imp_mercure17221101	louisxv	Roy
Antilope_imp_mercure17221101	françois_anseaume	le Maître des Ceremonies de l’Abbaye
Antilope_imp_mercure17221101	louisxv	Sa Majesté
Antilope_imp_mercure17221101	bertrand_guesclin	Bertrand du Guesclin
Antilope_imp_mercure17221101	emmanuel_theodose_tour_auvergne	M. de Turenne
Antilope_imp_mercure17221101	louisxv	Roy
Antilope_imp_mercure17221101	louisxv	Sa Majesté
Antilope_imp_mercure17221101	denisdesaintmarthe	P. Dom Denis de Sainte Marthe
Antilope_imp_mercure17221101	louisxv	Roy
Antilope_imp_mercure17221101	louisxv	Sa Majesté
Antilope_imp_mercure17221101	louisxv	Roy
Antilope_imp_mercure17221101	louisxv	Roy
Antilope_imp_mercure17221101	louisxv	Sa Majesté
Antilope_imp_mercure17221101	louis_orleans	Duc de Chartres
Antilope_imp_mercure17221101	louisiv_henri_conde	du Duc de Bourbon
Antilope_imp_mercure17221101	louis_de_bourbonconde	du Com-
Antilope_imp_mercure17221101	louisxv	Sa Majesté
Antilope_imp_mercure17221101	louis_orleans	Duc de Chartres
Antilope_imp_mercure17221101	louisiv_henri_conde	Duc de Bourbon
Antilope_imp_mercure17221101	louis_de_bourbonconde	Comte de Clermont
Antilope_imp_mercure17221101	louis_armand_conti	Prince de Conti
Antilope_imp_mercure17221101	armand_charost	Duc de Charost, son Gouverneur
Antilope_imp_mercure17221101	louis_de_bourbonconde	te de Clermont
Antilope_imp_mercure17221101	louis_armand_conti	du Prince de Conti
Antilope_imp_mercure17221101	armand_charost	du Duc de Charost
Antilope_imp_mercure17221101	louisxv	Roy
Antilope_imp_mercure17221101	francois_bernard_potier	Duc de Tresmes
Antilope_imp_mercure17221101	louisxv	S. M.
Antilope_imp_mercure17221101	pierre_antoine_castanier_auriac_chateauneuf	M. de Châteauneuf
Antilope_imp_mercure17221101	louisxv	Roy
Antilope_imp_mercure17221101	louisxv	Roy
Antilope_imp_mercure17221101	louisxv	Roy
Antilope_imp_mercure17221101	louisxv	Sa Majesté
Antilope_imp_mercure17221101	louisxv	Roy
Antilope_imp_mercure17221101	louisleonmariepotierdegesvre	Duc de Gesvres
Antilope_imp_mercure17221101	francois_bernard_potier	Duc de Tresmes
Antilope_imp_mercure17221101	jean_jacques_iv_mesmes	M. de Mesmes
Antilope_imp_mercure17221101	louisxv	Roy
Antilope_imp_mercure17221101	louisxv	S. M.
Antilope_imp_mercure17221101	jean_aymard_nicolaÿ	M. de Nicolaï
Antilope_imp_mercure17221101	sieurricard	M. Ricard
Antilope_imp_mercure17221101	pierre_antoine_castanier_auriac_chateauneuf	M. de Châteauneuf
Antilope_imp_mercure17221101	bernardlebouyerdefontenelle	M. de Fontenelles
Antilope_imp_mercure17221101	louisxv	S. M.
Antilope_imp_mercure17221101	jean_aymard_nicolaÿ	M. de Nicolaï
Antilope_imp_mercure17221101	sieurricard	M. Ricard
Antilope_imp_mercure17221101	pierre_antoine_castanier_auriac_chateauneuf	M. de Châteauneuf
Antilope_imp_mercure17221101	bernardlebouyerdefontenelle	M. de Fontenelles
Antilope_imp_mercure17221101	louisxv	Roy
Antilope_imp_mercure17221101	louisxv	Roy
Antilope_imp_mercure17221101	sieurricard	Ricard
Antilope_imp_mercure17221101	joseph_paul_ricard	l’aîné
Antilope_imp_mercure17221101	jean_frederic_phelypeaux	Comte de Maurepas
Antilope_imp_mercure17221101	thomas_dreux_breze	le Marquis de Dreux
Antilope_imp_mercure17221101	sieurgranges	M. des Granges
Antilope_imp_mercure17221101	louisxv	Roy
Antilope_imp_mercure17221101	jean_frederic_phelypeaux	Comte de Maurepas
Antilope_imp_mercure17221101	thomas_dreux_breze	le Marquis de Dreux
Antilope_imp_mercure17221101	sieurgranges	M. des Granges
Antilope_imp_mercure17221101	louisxv	Roy
Antilope_imp_mercure17221101	louisxv	Roy
Antilope_imp_mercure17221101	louisxv	il
Antilope_imp_mercure17221101	philippe_orleans_regent	Monsieur le Duc d’Orleans
Antilope_imp_mercure17221101	louisxv	Roy
Antilope_imp_mercure17221101	louis_ii_phelypeaux_de_la_vrilliere	Le Marquis de la Vrilliere
Antilope_imp_mercure17221101	louisxv	Roy
Antilope_imp_mercure17221101	louisxv	Roy
Antilope_imp_mercure17221101	louisxv	Roy
Antilope_imp_mercure17221101	sieurgranges	Sieur des Granges
Antilope_imp_mercure17221101	josephfleurieuarmenonville	le Garde des Sceaux
Antilope_imp_mercure17221101	louisantoinedenoaille	Le Cardinal de Noailles
Antilope_imp_mercure17221201	francoisxavier_tilly	François-Xavier Margat de Tilly (1693-1735)
Antilope_imp_mercure17221201	charles_dufresny	Charles Du Fresny (1648-1724)
Antilope_imp_mercure17221201	charles_dufresny	Charles Du Fresny (1648-1724)
Antilope_imp_mercure17221201	charles_dufresny	Charles Du Fresny (1648-1724)
Antilope_imp_mercure17221201	antoine_laroque	Antoine de La Roque (1672-1744)
Antilope_imp_mercure17221201	antoine_laroque	Antoine de La Roque (1672-1744)
Antilope_imp_mercure17221201	antoine_laroque	Antoine de La Roque (1672-1744)
Antilope_imp_mercure17221201	louisfuzelier	Louis Fuzelier (1672-1752)
Antilope_imp_mercure17221201	louisfuzelier	Louis Fuzelier (1672-1752)
Antilope_imp_mercure17221201	louisfuzelier	Louis Fuzelier (1672-1752)
Antilope_imp_mercure17221201	louisxv	ROY
Antilope_imp_mercure17221201	louisxv	Roy
Antilope_imp_mercure17221201	louisxv	sa personne
Antilope_imp_mercure17221201	louisxv	Majesté
Antilope_imp_mercure17221201	louisxv	jeune Monarque
Antilope_imp_mercure17221201	louisxv	Louis
Antilope_imp_mercure17221201	louisxv	pere
Antilope_imp_mercure17221201	louisxv	il
Antilope_imp_mercure17221201	louisxv	Il
Antilope_imp_mercure17221201	louisxv	Il
Antilope_imp_mercure17221201	louisxv	Louis
Antilope_imp_mercure17221201	armand_jules_rohanguemene	M. L’Archevêque de Rheims
Antilope_imp_mercure17221201	louisxv	Prince
Antilope_imp_mercure17221201	louisxv	tu
Antilope_imp_mercure17221201	louisxv	Louis
Antilope_imp_mercure17221201	louisxv	il
Antilope_imp_mercure17221201	louisxv	Louis
Antilope_imp_mercure17221201	francoisxavier_tilly	je
Antilope_imp_mercure17221201	louisxv	tu
Antilope_imp_mercure17221201	charlemagne	Charlemagne
Antilope_imp_mercure17221201	louisxv	Maître de la terre
Antilope_imp_mercure17221201	louisxv	Il
Antilope_imp_mercure17221201	louisxv	Il
Antilope_imp_mercure17221201	louisxv	majesté suprême
Antilope_imp_mercure17221201	philippeiiauguste	Philippe
Antilope_imp_mercure17221201	louisxv	Auguste Monarque
Antilope_imp_mercure17221201	louisxv	Ministre
Antilope_imp_mercure17221201	louisxv	Prélat
Antilope_imp_mercure17221201	francoisxavier_tilly	j’en
Antilope_imp_mercure17221201	francoisxavier_tilly	Franc. Xavi. De Tilly
Flandres17_imp_Lille1680	??	
Flandres17_imp_Lille1680	jean_chrisostome_malte	Malte Jean Chrisostome
Flandres17_imp_Lille1680	louisxiv	ROY
Flandres17_imp_Lille1680	louisxiv	Sa MAJESTÉ
Flandres17_imp_Lille1680	jean_chrysostome_malte	Jean Chrisostome Malte
Flandres17_imp_Lille1680	louisxiv	ROY
Flandres17_imp_Lille1680	louisxiv	SIRE
Flandres17_imp_Lille1680	louisxiv	vôtre MAJESTÉ
Flandres17_imp_Lille1680	louisxiv	vôtre MAJESTÉ
Flandres17_imp_Lille1680	louisxiv	LOUYS LE GRAND
Flandres17_imp_Lille1680	louisxiv	Roy Conquerant
Flandres17_imp_Lille1680	louisxiv	vôtre MAJESTÉ
Flandres17_imp_Lille1680	louisxiv	vôtre MAJESTÉ
Flandres17_imp_Lille1680	louisxiv	SIRE
Flandres17_imp_Lille1680	louisxiv	vôtre MAJESTÉ
Flandres17_imp_Lille1680	louisxiv	vôtre MAJESTÉ
Flandres17_imp_Lille1680	louisxiv	LOUYS LE GRAND
Flandres17_imp_Lille1680	louisxiv	LOUIS LE GRAND
Flandres17_imp_Lille1680	louisxiv	Grand Roy
Flandres17_imp_Lille1680	louisxiv	vôtre MAJESTÉ
Flandres17_imp_Lille1680	louisxiv	vôtre MAJESTÉ
Flandres17_imp_Lille1680	louisxiv	LOUIS LE GRAND
Flandres17_imp_Lille1680	louisxiv	vôtre MAJESTÉ
Flandres17_imp_Lille1680	louisxiv	vôtre MAJESTÉ
Flandres17_imp_Lille1680	louisxiv	SIRE
Flandres17_imp_Lille1680	louisxiv	VÔTRE MAIESTÉ
Flandres17_imp_Lille1680	louisxiv	Sa MAIESTÉ
Flandres17_imp_Lille1680	louisxiv	ROY
Flandres17_imp_Lille1680	louisxiv	Sa MAIESTÉ
Flandres17_imp_Lille1680	louisxiv	ROY
Flandres17_imp_Lille1680	louisxiv	Sa MAJESTÉ
Flandres17_imp_Lille1680	louisxiv	Sa MAIESTÉ
Flandres17_imp_Lille1680	louisxiv	Roy
Flandres17_imp_Lille1680	louisxiv	Sa MAJESTÉ
Flandres17_imp_Lille1680	louisxiv	ROY
Flandres17_imp_Lille1680	louisxiv	ROY
Flandres17_imp_Lille1680	louisxiv	LOUYS LE GRAND
Flandres17_imp_Lille1680	louisxiv	Invincible MONARQUE
Flandres17_imp_Valenciennes1680	???	
Flandres17_imp_Valenciennes1680	louisxiv	ROY
Flandres17_imp_Valenciennes1680	louisxiv	ROY
Flandres17_imp_Valenciennes1680	louisxiv	VOTRE MAJESTÉ
Flandres17_imp_Valenciennes1680	louisxiv	SIRE
Flandres17_imp_Valenciennes1680	louisxiv	VOTRE MAJESTÉ
Flandres17_imp_Valenciennes1680	louisxiv	SIRE
Flandres17_imp_Valenciennes1680	louisxiv	VOTRE MAJESTÉ
Flandres17_imp_Valenciennes1680	louisxiv	VOTRE MAJESTÉ
Flandres17_imp_Valenciennes1680	louisxiv	SIRE
Flandres17_imp_Valenciennes1680	louisxiv	SIRE
Flandres17_imp_Valenciennes1680	louisxiv	VOTRE MAJESTÉ
Flandres17_imp_Valenciennes1680	louisxiv	VOTRE MAJESTE’
Flandres17_imp_Valenciennes1680	louisxiv	SIRE
Flandres17_imp_Valenciennes1680	louisxiv	vôtre Personne Sacrée
Flandres17_imp_Valenciennes1680	louisxiv	SIRE DE VOTRE MAJESTE’
Flandres17_imp_Valenciennes1680	louisxiv	ROY
Flandres17_imp_Valenciennes1680	montevecchio	Monsieur de Montevechio Lieutenant au Regiment Royal Italien
Flandres17_imp_Valenciennes1680	louisxiv	Monarque
Flandres17_imp_Valenciennes1680	louisxiv	Roy
Flandres17_imp_Valenciennes1680	louisxiv	SA MAJESTÉ
Flandres17_imp_Valenciennes1680	louis_grand_dauphin	son Fils ainé
Flandres17_imp_Valenciennes1680	louisxiv	Roy
Flandres17_imp_Valenciennes1680	louisxiv	SA MAJESTÉ
Flandres17_imp_Valenciennes1680	louisxiv	ROY
Flandres17_imp_Valenciennes1680	louisxiv	ROY
Flandres17_imp_Valenciennes1680	louisxiv	SA MAJESTÉ
Flandres17_imp_Valenciennes1680	louisxiv	ROY
Flandres17_imp_Valenciennes1680	louisxiv	Sa MAJESTÉ
Flandres17_imp_Valenciennes1680	louisxiv	SA MAJESTÉ
Flandres17_imp_Valenciennes1680	louisxiv	nôtre grand Monarque
Flandres17_imp_Valenciennes1680	louisxiv	SA MAJESTÉ
Flandres17_imp_Valenciennes1680	louisxiv	Roy
Flandres17_imp_Valenciennes1680	louisxiv	SA MAJESTÉ
Flandres17_imp_Valenciennes1680	montevecchio	L’Autheur de ces feux
Flandres17_imp_Valenciennes1680	louisxiv	nôtre grand Monarque
Flandres17_imp_Valenciennes1680	louisxiv	SA MAJESTÉ
Flandres17_imp_Valenciennes1680	louisxiv	Roy
Flandres17_imp_Valenciennes1680	louisxiv	ROY
Flandres17_imp_Valenciennes1680	louisxiv	ROY
Flandres17_imp_Valenciennes1680	louisxiv	Le ROY
Flandres17_imp_Valenciennes1680	louisxiv	l’Incomparable LOUIS
Flandres17_imp_Valenciennes1680	louisxiv	ROY
Flandres17_imp_Valenciennes1680	louisxiv	LOUIS
Flandres17_imp_Valenciennes1680	louisxiv	INVINCIBLE MONARQUE
Flandres17_imp_Valenciennes1680	louisxiv	notre Conquerant
Flandres17_imp_Valenciennes1680	louisxiv	son Auguste Prince
Flandres17_imp_Valenciennes1680	louisxiv	LOUIS
Flandres17_imp_Valenciennes1680	louisxiv	nôtre ROY
Flandres17_imp_Valenciennes1680	louisxiv	SA MAJESTÉ
Flandres17_imp_Valenciennes1680	louisxiv	LOUIS
Flandres17_imp_Valenciennes1680	louisxiv	SA MAJESTÉ
Flandres17_imp_Valenciennes1680	louisxiv	le Grand LOUIS
Flandres17_imp_Valenciennes1680	louisxiv	LOUIS
Flandres17_imp_Valenciennes1680	louisxiv	LOUIS
Flandres17_imp_Valenciennes1680	louisxiv	SA MAJESTÉ
Flandres17_imp_Valenciennes1680	louisxiv	ROY
Flandres17_imp_Valenciennes1680	louisxiv	plus grand Roy de l’Univers
Flandres17_imp_Valenciennes1680_Mercure	jean_donneau_de_vize	DONNEAU DE VIZÉ, Jean (1638-1710)
Flandres17_imp_Valenciennes1680_Mercure	charles_du_fresny	DU FRESNY, Charles (1648-1724)
Flandres17_imp_Valenciennes1680_Mercure	thomas_corneille	CORNEILLE, Thomas (1625-1709)
Flandres17_imp_Valenciennes1680_Mercure	claude_blageart	Claude Blageart
Flandres17_imp_Valenciennes1680_Mercure	michel_gueroult	Michel Guéroult
Flandres17_imp_Valenciennes1680_Mercure	michel_brunet	Michel Brunet
Flandres17_imp_Valenciennes1680_Mercure	louis_grand_dauphin	Monseigneur LE DAUPHIN
Flandres17_imp_Valenciennes1680_Mercure	louisxiv	Roy
Flandres17_imp_Valenciennes1680_Mercure	guillaume_de_luyne	G. DE LUYNE
Flandres17_imp_Valenciennes1680_Mercure	claude_blageart	C. BLAGEART
Flandres17_imp_Valenciennes1680_Mercure	louis_grand_dauphin	DAUPHIN
Flandres17_imp_Valenciennes1680_Mercure	theodore_girard	T. Girard
Flandres17_imp_Valenciennes1680_Mercure	louisxiv	ROY
Flandres17_imp_Valenciennes1680_Mercure	louisxiv	Leurs Majestez
Flandres17_imp_Valenciennes1680_Mercure	marie_therese	Leurs Majestez
Flandres17_imp_Valenciennes1680_Mercure	louisxiv	Le Roy
Flandres17_imp_Valenciennes1680_Mercure	monbron	Mr de Monbron
Flandres17_imp_Valenciennes1680_Mercure	louis_grand_dauphin	Monseigneur le Dauphin
Flandres17_imp_Valenciennes1680_Mercure	philippe_orleans	Monsieur
Flandres17_imp_Valenciennes1680_Mercure	louisxiv	le Roy
Flandres17_imp_Valenciennes1680_Mercure	louisxiv	Sa Majesté
Flandres17_imp_Valenciennes1680_Mercure	louisxiv	le Roy
Flandres17_imp_Valenciennes1680_Mercure	bardi_magalotti	Mr le Comte Bardi-Magalotti
Flandres17_imp_Valenciennes1680_Mercure	bardi_magalotti	Comte
Flandres17_imp_Valenciennes1680_Mercure	louisxiv	Sa Majesté
Flandres17_imp_Valenciennes1680_Mercure	louisxiv	Roy
Flandres17_imp_Valenciennes1680_Mercure	nicolas-auguste_de_harlay_de_bonneuil	Mr de Bonneüil
Flandres17_imp_Valenciennes1680_Mercure	louisxiv	leur Majestez
Flandres17_imp_Valenciennes1680_Mercure	marie_therese	leur Majestez
Flandres17_imp_Valenciennes1680_Mercure	louis_grand_dauphin	Monseigneur le Dauphin
Flandres17_imp_Valenciennes1680_Mercure	marie_anne_baviere	Madame la Dauphine
Flandres17_imp_Valenciennes1680_Mercure	philippe_orleans	leurs Altesses Royales
Flandres17_imp_Valenciennes1680_Mercure	elisabeth-charlotte_baviere	leurs Altesses Royales
Flandres17_imp_Valenciennes1680_Mercure	nassau_zuylestein	Mr de Nassau de Zuilestein
Flandres17_imp_Valenciennes1680_Mercure	louisxiv	le Roy
Flandres17_imp_Valenciennes1680_Mercure	louisxiv	Sa Majesté
Flandres17_imp_Valenciennes1680_Mercure	louis_grand_dauphin	Monseigneur le Dauphin
Flandres17_imp_Valenciennes1680_Mercure	marie_therese	La Reyne
Flandres17_imp_Valenciennes1680_Mercure	marie_anne_baviere	Madame la Dauphine
Flandres17_imp_Valenciennes1680_Mercure	elisabeth-charlotte_baviere	Madame
Flandres17_imp_Valenciennes1680_Mercure	anne-jules_de_noailles	Mr de Noailles
Flandres17_imp_Valenciennes1680_Mercure	louisxiv	Roy
Flandres17_imp_Valenciennes1680_Mercure	louisxiv	SIRE
Flandres17_imp_Valenciennes1680_Mercure	louisxiv	Vostre Majesté
Flandres17_imp_Valenciennes1680_Mercure	louisxiv	SIRE
Flandres17_imp_Valenciennes1680_Mercure	louisxiv	Vostre Majesté
Flandres17_imp_Valenciennes1680_Mercure	louisxiv	SIRE
Flandres17_imp_Valenciennes1680_Mercure	louisxiv	le plus grand, le plus valeureux, & le plus triomphant de tout les Monarques du Monde
Flandres17_imp_Valenciennes1680_Mercure	louisxiv	Vostre Majesté
Flandres17_imp_Valenciennes1680_Mercure	louisxiv	SIRE
Flandres17_imp_Valenciennes1680_Mercure	louisxiv	SIRE
Flandres17_imp_Valenciennes1680_Mercure	louisxiv	Vostre Majesté
Flandres17_imp_Valenciennes1680_Mercure	louisxiv	Vostre Majesté
Flandres17_imp_Valenciennes1680_Mercure	louisxiv	SIRE
Flandres17_imp_Valenciennes1680_Mercure	louisxiv	vostre Personne Sacrée
Flandres17_imp_Valenciennes1680_Mercure	louisxiv	SIRE
Flandres17_imp_Valenciennes1680_Mercure	montevecchio	Mr de Montevecchio
Flandres17_imp_Valenciennes1680_Mercure	louisxiv	du roi
Flandres17_imp_Valenciennes1680_Mercure	louisxiv	le Roy
Flandres17_imp_Valenciennes1680_Mercure	louisxiv	Sa Majesté
Flandres17_imp_Valenciennes1680_Mercure	louisxiv	Personne de ce Grand Monarque
Flandres17_imp_Valenciennes1680_Mercure	louisxiv	le Roy
Flandres17_imp_Valenciennes1680_Mercure	louisxiv	Sa Majesté
Flandres17_imp_Valenciennes1680_Mercure	louisxiv	Roy
Flandres17_imp_Valenciennes1680_Mercure	louisxiv	Sa Majesté
Flandres17_imp_Valenciennes1680_Mercure	louisxiv	Roy
Flandres17_imp_Valenciennes1680_Mercure	louisxiv	LOÜIS LE GRAND
Flandres17_imp_Valenciennes1680_Mercure	louisxiv	nostre auguste Monarque
Flandres17_imp_Valenciennes1680_Mercure	louisxiv	Roy
Flandres17_imp_Valenciennes1680_Mercure	louisxiv	Le Roy
Flandres17_imp_Valenciennes1680_Mercure	louis_grand_dauphin	Monseigneur le Dauphin
Flandres17_imp_Valenciennes1680_Mercure	louisxiv	Sa Majesté
Flandres17_imp_Valenciennes1680_Mercure	marie_therese	la Reyne
Flandres17_imp_Valenciennes1680_Mercure	louisxiv	le Roy
Flandres17_imp_Valenciennes1680_Mercure	emmanuel_theodose_tour_auvergne	Mr le Cardinal de Boüillon
Flandres17_imp_Valenciennes1680_abrege	???	Deprès (de Valenciennes)
Flandres17_imp_Valenciennes1680_abrege	Balthasar Le Francq	Balthasar Le Francq
Flandres17_imp_Valenciennes1680_abrege	balthasar_le_francq	Balthasar Le Francq
Flandres17_imp_Valenciennes1680_abrege	louisxiv	le Roy
Flandres17_imp_Valenciennes1680_abrege	bardi_magalotti	Monsieur de Magalotti
Flandres17_imp_Valenciennes1680_abrege	louisxiv	Roy
Flandres17_imp_Valenciennes1680_abrege	francois_henri_montmorency_luxembourg	le Maréchal Duc de Luxembourg
Flandres17_imp_Valenciennes1680_abrege	louisxiv	Roy
Flandres17_imp_Valenciennes1680_abrege	louisxiv	le Roy
Flandres17_imp_Valenciennes1680_abrege	louisxiv	SA MAJESTÉ
Flandres17_imp_Valenciennes1680_abrege	bardi_magalotti	Monsieur de Magalotti Lieutenant General de ses Armées
Flandres17_imp_Valenciennes1680_abrege	louisxiv	ce grand Roy
Flandres17_imp_Valenciennes1680_abrege	philippe_orleans	MONSIEUR
Flandres17_imp_Valenciennes1680_abrege	montefrancq	Mr. de Montefrancq
Flandres17_imp_Valenciennes1680_abrege	louisxiv	Le Roy
Flandres17_imp_Valenciennes1680_abrege	louisxiv	plus grand Monarque du monde
Flandres17_imp_Valenciennes1680_abrege	louisxiv	Ce digne Prince
Flandres17_imp_Valenciennes1680_abrege	marie_therese	Reine
Flandres17_imp_Valenciennes1680_abrege	louis_grand_dauphin	Monseigneur le Dauphin
Flandres17_imp_Valenciennes1680_abrege	louisxiv	ce Monarque
Flandres17_imp_Valenciennes1680_abrege	louisxiv	Roy
Flandres17_imp_Valenciennes1680_abrege	marie_therese	la Reine
Flandres17_imp_Valenciennes1680_abrege	louisxiv	le Roy
Flandres17_imp_Valenciennes1680_abrege	louisxiv	Le Roy
Flandres17_imp_Valenciennes1680_abrege	francois_blanchefort_crequy	le Maréchal de Crequi
Flandres17_imp_Valenciennes1680_abrege	louisxiv	le Roy
Flandres17_imp_Valenciennes1680_abrege	louis_grand_dauphin	MONSEIGNEUR LE DAUPHIN
Flandres17_imp_Valenciennes1680_abrege	marie_anne_baviere	MADAME LA DAUPHINE
Flandres17_imp_Valenciennes1680_abrege	louisxiv	Sa Majesté
Flandres17_imp_Valenciennes1680_abrege	louisxiv	cét auguste Roy
Flandres17_imp_Valenciennes1680_abrege	phra_narai	le Roy de SIAM
Flandres17_imp_Valenciennes1680_abrege	louisxiv	SA MAJESTÉ
Flandres17_imp_Valenciennes1680_abrege	bardi_magalotti	Monsieur de Magalotti Lieutenant general de ses Armées, & Gouverneur de la Place
Flandres17_imp_Valenciennes1680_abrege	doilly	Sr. Doilly
Flandres17_imp_mg1680	jean_donneau_de_vize	Jean Donneau de Vizé
Flandres17_imp_mg1680	thomas_corneille	Thomas Corneille
Flandres17_imp_mg1680	charles_du_fresny	Charles Du Fresny
Flandres17_imp_mg1680	claude_blageart	Claude Blageart
Flandres17_imp_mg1680	michel_gueroult	Michel Guéroult
Flandres17_imp_mg1680	michel_brunet	Michel Brunet
Flandres17_imp_mg1680	louis_grand_dauphin	Monseigneur LE DAUPHIN
Flandres17_imp_mg1680	louisxiv	Roy
Flandres17_imp_mg1680	guillaume_de_luyne	G. DE LUYNE
Flandres17_imp_mg1680	claude_blageart	C. BLAGEART
Flandres17_imp_mg1680	louis_grand_dauphin	DAUPHIN
Flandres17_imp_mg1680	theodore_girard	T. Girard
Flandres17_imp_mg1680	louisxiv	ROY
Flandres17_imp_mg1680	louisxiv	Roy
Flandres17_imp_mg1680	louisxiv	Sa Majesté
Flandres17_imp_mg1680	louisxiv	Prince
Flandres17_imp_mg1680	toussaint_de_forbin-janson	Mr l’Evesque & Comte de Beauvais, Pair de France
Flandres17_imp_mg1680	toussaint_de_forbin-janson	ce Prélat
Flandres17_imp_mg1680	adrienII_hanyvel	Mr de Manevillete
Flandres17_imp_mg1680	louisxiv	Son Altesse Royale
Flandres17_imp_mg1680	louis_armand_bourbon_conti	Princes de Conty
Flandres17_imp_mg1680	françois_louis_bourbon_conti	de la Roche-sur-Yon
Flandres17_imp_mg1680	pierre_de_bonzi	Mr le Cardinal de Bonzy
Flandres17_imp_mg1680		Mr le Grand
Flandres17_imp_mg1680	henri_brionne	Mr le Comte de Brionne(1)
Flandres17_imp_mg1680	charles_françois_lorraine	Mr le Prince de Commercy(2)
Flandres17_imp_mg1680	francois_alincourt	Ducs de Villeroy(3)
Flandres17_imp_mg1680	blanchefort_crequy	de Créquy
Flandres17_imp_mg1680	francois_iii_d_aubusson	de la Feüillade(4)
Flandres17_imp_mg1680	marquis_de_gesvres	de Gesvres(5)
Flandres17_imp_mg1680	charles_colbert_croissy	Mr Colbert de Croissy
Flandres17_imp_mg1680	balthazar_phelypeaux_chateauneuf	Mr de Chasteauneuf(6)
Flandres17_imp_mg1680	gaston_hotel	Mr le Comte du Plessis
Flandres17_imp_mg1680	françois_andrault	Mr de Maulevrier(7)
Flandres17_imp_mg1680	louis_oger_cavoye	Cavois(8)
Flandres17_imp_mg1680	francois_iii_harcourt	de Beuvron(9)
Flandres17_imp_mg1680	louis_chatillon	Chastillon
Flandres17_imp_mg1680	louisI_sanguin	Sanguin
Flandres17_imp_mg1680	philippe_orleans	Monsieur
Flandres17_imp_mg1680	blanchefort_crequy	Mr le Duc de Créquy
Flandres17_imp_mg1680	louisxiv	Roy
Flandres17_imp_mg1680	louis_grand_dauphin	Monseigneur le Dauphin
Flandres17_imp_mg1680	louisxiv	Sa Majesté
Flandres17_imp_mg1680	armand_charost	Mr le Duc de Charost
Flandres17_imp_mg1680	louisxiv	Roy
Flandres17_imp_mg1680	louisxiv	Prince
Flandres17_imp_mg1680	louisxiv	Roy
Flandres17_imp_mg1680	louis_grand_dauphin	Monseigneur le Dauphin
Flandres17_imp_mg1680	marie_therese	Reyne
Flandres17_imp_mg1680	marie_anne_baviere	Madame la Dauphine
Flandres17_imp_mg1680	elisabeth-charlotte_baviere	Madame
Flandres17_imp_mg1680	henri_elbeuf	Mr le Duc d’Elbeuf
Flandres17_imp_mg1680	armand_charost	Mr de Charost
Flandres17_imp_mg1680	louis_marie_aumont_rochebaron	Mr le Duc d’Aumont
Flandres17_imp_mg1680	flandre	Païs
Flandres17_imp_mg1680	louisxiv	Roy
Flandres17_imp_mg1680	louisxiv	Sa Majesté
Flandres17_imp_mg1680	louis_grand_dauphin	Monseigneur le Dauphin
Flandres17_imp_mg1680	seignelay_colbert	Mr le Marquis de Seignelay
Flandres17_imp_mg1680	combe	Mr de Combe
Flandres17_imp_mg1680	louisxiv	Roy
Flandres17_imp_mg1680	louisxiv	Sa Majesté
Flandres17_imp_mg1680	louis_grand_dauphin	Monseigneur le Dauphin
Flandres17_imp_mg1680	louisxiv	Roy
Flandres17_imp_mg1680	louisxiv	Sa Majesté
Flandres17_imp_mg1680	louis_marie_aumont_rochebaron	Mr le Duc d’Aumont
Flandres17_imp_mg1680	louis_marie_aumont_rochebaron	Mr d’Aumont
Flandres17_imp_mg1680	louisxiv	Sa Majesté
Flandres17_imp_mg1680	louisxiv	Roy
Flandres17_imp_mg1680	louisxiv	grand Monarque
Flandres17_imp_mg1680	louisxiv	Sa Majesté
Flandres17_imp_mg1680	louisxiv	Roy
Flandres17_imp_mg1680	louis_grand_dauphin	Monseigneur le Dauphin
Flandres17_imp_mg1680	marie_therese	Reyne
Flandres17_imp_mg1680	marie_anne_baviere	Madame la Dauphine
Flandres17_imp_mg1680	elisabeth-charlotte_baviere	Madame
Flandres17_imp_mg1680	louisxiv	Sa Majesté
Flandres17_imp_mg1680	regiment_de_phisfer	Regiment de Phisfer
Flandres17_imp_mg1680	louisxiv	Prince
Flandres17_imp_mg1680	louisxiv	Sa Majesté
Flandres17_imp_mg1680	marie_therese	Reyne
Flandres17_imp_mg1680	louis_grand_dauphin	Monseigneur le Dauphin
Flandres17_imp_mg1680	marie_anne_baviere	Madame la Dauphine
Flandres17_imp_mg1680	louisxiv	Sa Majesté
Flandres17_imp_mg1680	thomas_françois_quien_moyenneville	Mr de Moyenneville
Flandres17_imp_mg1680	dupuys	Mr du Puis
Flandres17_imp_mg1680	armand_saint_lo	Mr de S. Lo
Flandres17_imp_mg1680	dupuys	Ingénieur
Flandres17_imp_mg1680	marie_therese	Reyne
Flandres17_imp_mg1680	marie_therese	Reyne
Flandres17_imp_mg1680	louis_grand_dauphin	Monseigneur le Dauphin
Flandres17_imp_mg1680	marie_therese	Reyne
Flandres17_imp_mg1680	louisxiv	Roy
Flandres17_imp_mg1680	louis_grand_dauphin	Monseigneur
Flandres17_imp_mg1680	philippe_dangeau	Mr le Marquis de Dangeau
Flandres17_imp_mg1680	charles_II	Roy d’Angleterre
Flandres17_imp_mg1680	louisxiv	Sa Majesté
Flandres17_imp_mg1680	louisxiv	Roy
Flandres17_imp_mg1680	philippe_dangeau	Mr le Marquis de Dangeau
Flandres17_imp_mg1680	louisxiv	Roy
Flandres17_imp_mg1680	louisxiv	Sa Majesté
Flandres17_imp_mg1680	louisxiv	Roy
Flandres17_imp_mg1680	louisxiv	Maistre
Flandres17_imp_mg1680	louisxiv	Roy
Flandres17_imp_mg1680	louisxiv	Roy
Flandres17_imp_mg1680	louis_grand_dauphin	Monseigneur le Dauphin
Flandres17_imp_mg1680	louisxiv	Sa Majeste
Flandres17_imp_mg1680	françois_michel_le_tellier_de_louvoy	M le Marquis de Louvois
Flandres17_imp_mg1680	louisxiv	Grand Prince
Flandres17_imp_mg1680		Mr le Chevalier de Sourdis
Flandres17_imp_mg1680	regiment_de_koenigsmarck	Konismarck
Flandres17_imp_mg1680	regiment_de_vivans	Vivans
Flandres17_imp_mg1680	regiment_de_villeroy	Villeroy
Flandres17_imp_mg1680	regiment_de_quincy	Quincy
Flandres17_imp_mg1680	regiment_de_lumbres	Lumbres
Flandres17_imp_mg1680	regiment_de_rose	Rose
Flandres17_imp_mg1680	louisxiv	Roy
Flandres17_imp_mg1680	louisxiv	Sa Majesté
Flandres17_imp_mg1680	marie_therese	Reyne
Flandres17_imp_mg1680	marie_anne_baviere	Madame la Dauphine
Flandres17_imp_mg1680	louisxiv	Roy
Flandres17_imp_mg1680	louis_grand_dauphin	Monseigneur le Dauphin
Flandres17_imp_mg1680	regiment_de_koenigsmarck	Konismarck
Flandres17_imp_mg1680	louisxiv	Sa Majesté
Flandres17_imp_mg1680	charles_sainte-maure_montausier	Mr le Duc de Montausier
Flandres17_imp_mg1680		Mademoiselle Poitiers
Flandres17_imp_mg1680	henriette_anne_angleterre	Madame
Flandres17_imp_mg1680		Mr Lartet
Flandres17_imp_mg1680	louisxiv	Roy
Flandres17_imp_mg1680	louis_grand_dauphin	Monseigneur le Dauphin
Flandres17_imp_mg1680	charles_sainte-maure_montausier	Mr de Montausier
Flandres17_imp_mg1680	charles_sainte-maure_montausier	Duc
Flandres17_imp_mg1680	louisxiv	Roy
Flandres17_imp_mg1680	louisxiv	Sa Majesté
Flandres17_imp_mg1680	louis_grand_dauphin	Monseigneur le Dauphin
Flandres17_imp_mg1680	seignelay_colbert	Mr le Marquis de Seignelay
Flandres17_imp_mg1680	louisxiv	Roy
Flandres17_imp_mg1680	lhery_chevalier	Mr le Chevalier de Lery
Flandres17_imp_mg1680	seignelay_colbert	Mr de Seignelay
Flandres17_imp_mg1680	louisxiv	Roy
Flandres17_imp_mg1680	godefroi_d_estrades	Mr le Marechal d’Estrades
Flandres17_imp_mg1680	robert_harley	Mr le Comte d’Oxford
Flandres17_imp_mg1680	winston_churchill	Mr le Colonel Churchill
Flandres17_imp_mg1680	charles_II	Roy d’Angleterre
Flandres17_imp_mg1680	jacques_stuart	Mr le Duc d’Yorck
Flandres17_imp_mg1680	louisxiv	Roy
Flandres17_imp_mg1680	louisxiv	Sa Majesté
Flandres17_imp_mg1680	savile_henry	Mr Savill
Flandres17_imp_mg1680	lhery_chevalier	Mr le Chevalier de Lery
Flandres17_imp_mg1680	godefroi_d_estrades	Mr le Maréchal d’Estrades
Flandres17_imp_mg1680	godefroi_d_estrades	Maréchal
Flandres17_imp_mg1680	godefroi_d_estrades	Mr le Maréchal d’Estrades
Flandres17_imp_mg1680	louisxiv	Roy
Flandres17_imp_mg1680	louisxiv	auguste Souverain
Flandres17_imp_mg1680	louisxiv	Sa Majesté
Flandres17_imp_mg1680	Henri_de_la_Tour_d'Auvergne	Mr le Maréchal de Turenne
Flandres17_imp_mg1680	louisxiv	Roy
Flandres17_imp_mg1680	louisxiv	Sa Majesté
Flandres17_imp_mg1680	louisxiv	Roy
Flandres17_imp_mg1680	louisxiv	Prince
Flandres17_imp_mg1680	louisxiv	Sa Majesté
Flandres17_imp_mg1680	lhery_chevalier	Mr le Chevalier de Lhery
Flandres17_imp_mg1680	louisxiv	Roy
Flandres17_imp_mg1680	lhery_chevalier	Monsieur le Chevalier
Flandres17_imp_mg1680	louisxiv	Sa Majesté
Flandres17_imp_mg1680	nicolas-auguste_de_harlay_de_bonneuil	Mr de Bonneüil
Flandres17_imp_mg1680	robert_harley	Mr le Comte d’Oxford
Flandres17_imp_mg1680	winston_churchill	Mr le Colonel Churchill
Flandres17_imp_mg1680	louisxiv	Roy
Flandres17_imp_mg1680	marie_therese	Reyne
Flandres17_imp_mg1680	louis_grand_dauphin	Monseigneur le Dauphin
Flandres17_imp_mg1680	marie_anne_baviere	Madame la Dauphine
Flandres17_imp_mg1680	philippe_orleans	Monsieur
Flandres17_imp_mg1680	henriette_anne_angleterre	Madame
Flandres17_imp_mg1680	carlos_de_gurrea	Mr le Duc de Villa-Hermosa
Flandres17_imp_mg1680	louisxiv	Sa Majesté
Flandres17_imp_mg1680	louisxiv	Roy
Flandres17_imp_mg1680	philippe_guillaume_albert_anneux	Mr le Marquis de Warnies
Flandres17_imp_mg1680	louisxiv	Sa Majesté
Flandres17_imp_mg1680	robert_harley	Mr le Comte d’Oxford
Flandres17_imp_mg1680	carlos_de_gurrea	Mr le Duc de Villa-Hermosa
Flandres17_imp_mg1680	louisxiv	Roy
Flandres17_imp_mg1680	lhery_chevalier	Mr le Chevalier de Lhery
Flandres17_imp_mg1680	louisxiv	Roy
Flandres17_imp_mg1680	louisxiv	Roy
Flandres17_imp_mg1680	louisxiv	Roy
Flandres17_imp_mg1680	louisxiv	Roy
Flandres17_imp_mg1680	louisxiv	Roy
Flandres17_imp_mg1680	lhery_chevalier	Mr le Chevalier de Lhery
Flandres17_imp_mg1680	de_paliere	Mr de Paliere
Flandres17_imp_mg1680	daniel_de_remy_de_courcelles	Mr de Courcelles
Flandres17_imp_mg1680	de_rouvroy	Mr de Rouvroy
Flandres17_imp_mg1680	de_villars_chevalier	Mr le Chevalier de Villars
Flandres17_imp_mg1680	cesar_de_vaulserre	Mr le Baron des Adrets
Flandres17_imp_mg1680	de_desgleraux	Mr Desgleraux
Flandres17_imp_mg1680	de_beaujeu	Mr de Beaujeu
Flandres17_imp_mg1680	de_gault_chevalier	Mr le Chevalier de Gault
Flandres17_imp_mg1680	louisxiv	plus grand Prince du Monde
Flandres17_imp_mg1680	louisxiv	Roy
Flandres17_imp_mg1680	lhery_chevalier	Mr le Chevalier de Lhery
Flandres17_imp_mg1680	louisxiv	Roy
Flandres17_imp_mg1680	cesar_de_vaulserre	Mr le Baron des Adrets
Flandres17_imp_mg1680	louisxiv	Roy
Flandres17_imp_mg1680	de_beaujeu	de Beaujeu
Flandres17_imp_mg1680	françois_chevalier_de_saulx	de Saux
Flandres17_imp_mg1680	daniel_de_remy_de_courcelles	de Courcelles
Flandres17_imp_mg1680	de_desgleraux	Desglereaux
Flandres17_imp_mg1680	de_rouvroy	de Rouvroy
Flandres17_imp_mg1680	de_villars_chevalier	de Villars
Flandres17_imp_mg1680	louisxiv	Roy
Flandres17_imp_mg1680	louisxiv	Sa Majesté
Flandres17_imp_mg1680	louisxiv	Sa Majesté
Flandres17_imp_mg1680	françois_panetie	Mr Panetier
Flandres17_imp_mg1680	julien_de_perse	Mr Julien Enseigne
Flandres17_imp_mg1680	louisxiv	Sa Majesté
Flandres17_imp_mg1680	lhery_chevalier	Mr le Chevalier de Lhery
Flandres17_imp_mg1680	louisxiv	Roy
Flandres17_imp_mg1680	de_paliere	Mr de Paliere
Flandres17_imp_mg1680	daniel_de_remy_de_courcelles	Mr de Courcelles
Flandres17_imp_mg1680	de_rouvroy	Mr de Rouvroy
Flandres17_imp_mg1680	de_villars_chevalier	Mr le Chevalierde Villars
Flandres17_imp_mg1680	cesar_de_vaulserre	Mr le Baron des Adrets
Flandres17_imp_mg1680	de_desgleraux	Mr Desgleraux
Flandres17_imp_mg1680	de_beaujeu	Mr de Beaujeu
Flandres17_imp_mg1680	françois_chevalier_de_saulx	Mr le Chevalier de Saulx
Flandres17_imp_mg1680	lhery_chevalier	Mr le Chevalier de Lhery
Flandres17_imp_mg1680	louisxiv	Roy
Flandres17_imp_mg1680	louis_grand_dauphin	Monseigneur le Dauphin
Flandres17_imp_mg1680	philippe_orleans	Monsieur
Flandres17_imp_mg1680		Son Altesse Serénissime
Flandres17_imp_mg1680	louis_armand_bourbon_conti	de Conty
Flandres17_imp_mg1680	françois_louis_bourbon_conti	de la Roche-sur-Yon
Flandres17_imp_mg1680	françois_louis_bourbon_conti	Prince
Flandres17_imp_mg1680	lhery_chevalier	Mr le Chevalier de Lhery
Flandres17_imp_mg1680	louisxiv	Sa Majesté
Flandres17_imp_mg1680	lhery_chevalier	Mr le Chevalier de Lhery
Flandres17_imp_mg1680	louisxiv	Roy
Flandres17_imp_mg1680	lhery_chevalier	Mr le Chevalier de Lhery
Flandres17_imp_mg1680	louisxiv	Sa Majesté
Flandres17_imp_mg1680	louisxiv	Roy
Flandres17_imp_mg1680	lhery_chevalier	Mr le Chevalier de Lhery
Flandres17_imp_mg1680	lhery_chevalier	Chevalier
Flandres17_imp_mg1680	louisxiv	Roy
Flandres17_imp_mg1680	louis_grand_dauphin	Monseigneur le Dauphin
Flandres17_imp_mg1680	lhery_chevalier	Chevalier
Flandres17_imp_mg1680	louisxiv	Sa Majesté
Flandres17_imp_mg1680	lhery_chevalier	Mr le Chevalier de Lhery
Flandres17_imp_mg1680	marie_therese	Reyne
Flandres17_imp_mg1680	marie_anne_baviere	Madame la Dauphine
Flandres17_imp_mg1680	elisabeth-charlotte_baviere	Madame
Flandres17_imp_mg1680	anne_marie_louise_henriette_orleans	Mademoiselle d’Orleans
Flandres17_imp_mg1680	louisxiv	Roy
Flandres17_imp_mg1680	anne_marie_louise_henriette_orleans	Princesse
Flandres17_imp_mg1680	louisxiv	Sa Majesté
Flandres17_imp_mg1680	lhery_chevalier	Mr le Chevalier de Lhery
Flandres17_imp_mg1680	marie_therese	Reyne
Flandres17_imp_mg1680	lhery_chevalier	Mr le Chevalier de Lhery
Flandres17_imp_mg1680	louis_armand_bourbon_conti	Monsieur le Prince de Conty
Flandres17_imp_mg1680	jeanne_marie_therese_colbert	de Chevreuse
Flandres17_imp_mg1680	henriette_louise_colbert	de Beauvilliers
Flandres17_imp_mg1680	charles_honore_albert_de_luynes	Mr le Duc de Chevreuse
Flandres17_imp_mg1680	françois_andrault	Mr le Marquis de Maulevrier
Flandres17_imp_mg1680	bernard_de_la_guiche	Mrs de S. Géran
Flandres17_imp_mg1680		de Thury
Flandres17_imp_mg1680	mme_de_crussol	de Crussol
Flandres17_imp_mg1680	marie_ferte_senneterre	de la Ferté
Flandres17_imp_mg1680	louise_de_prie	Madame de la Mothe
Flandres17_imp_mg1680	seignelay_catherine_therese	de Seignelay
Flandres17_imp_mg1680	françoise_d_aubigne	de Maintenon
Flandres17_imp_mg1680	louisxiv	Roy
Flandres17_imp_mg1680	louisxiv	Sa Majesté
Flandres17_imp_mg1680	louisxiv	Roy
Flandres17_imp_mg1680	louisxiv	Sa Majesté
Flandres17_imp_mg1680	louisxiv	Roy
Flandres17_imp_mg1680	lhery_chevalier	Mr le Chevalier de Lhery
Flandres17_imp_mg1680	louisxiv	Prince
Flandres17_imp_mg1680	louisxiv	Sa Majesté
Flandres17_imp_mg1680	lhery_chevalier	Mr le Chevalier de Lhery
Flandres17_imp_mg1680	louisxiv	Roy
Flandres17_imp_mg1680	louisxiv	Roy
Flandres17_imp_mg1680	louis_grand_dauphin	Monseigneur le Dauphin
Flandres17_imp_mg1680		Son Altesse Serénissime
Flandres17_imp_mg1680	louis_armand_bourbon_conti	Princes de Conty
Flandres17_imp_mg1680	françois_louis_bourbon_conti	de la Roche-sur-Yon
Flandres17_imp_mg1680	francois_vii_de_la_rochefoucauld	Ducs de la Roche-foucaut
Flandres17_imp_mg1680	jh_durfort	de Duras
Flandres17_imp_mg1680	panetier	Mr Panetier
Flandres17_imp_mg1680	charles_honore_albert_de_luynes	Mr Albert
Flandres17_imp_mg1680	louisxiv	Sa Majesté
Flandres17_imp_mg1680	lhery_chevalier	Mr le Chevalier de Lhery
Flandres17_imp_mg1680	marie_therese	Reyne
Flandres17_imp_mg1680	marie_anne_baviere	Madame la Dauphine
Flandres17_imp_mg1680	elisabeth-charlotte_baviere	Madame
Flandres17_imp_mg1680	anne_marie_louise_henriette_orleans	Mademoiselle d’Orleans
Flandres17_imp_mg1680	madame_montespan	de Montespan
Flandres17_imp_mg1680	lansac_crequi	de Créquy
Flandres17_imp_mg1680	anne_de_richelieu	de Richelieu
Flandres17_imp_mg1680	louise_de_prie	de la Mothe
Flandres17_imp_mg1680	marie_ferte_senneterre	de la Ferté
Flandres17_imp_mg1680	françoise_d_aubigne	de Maintenon
Flandres17_imp_mg1680	selingue	Mr de Selingue
Flandres17_imp_mg1680	louisxiv	Roy
Flandres17_imp_mg1680	anne-jules_de_noailles	Mr le Duc de Noailles
Flandres17_imp_mg1680	louisxiv	Sa Majesté
Flandres17_imp_mg1680	lhery_chevalier	Mr le Chevalier de Lhery
Flandres17_imp_mg1680	lhery_chevalier	Chevalier
Flandres17_imp_mg1680	de_paliere	Capitaine en second
Flandres17_imp_mg1680	louis_grand_dauphin	Monseigneur le Dauphin
Flandres17_imp_mg1680	louis_armand_bourbon_conti	Mr le Prince de Conty
Flandres17_imp_mg1680	louis_armand_bourbon_conti	Prince
Flandres17_imp_mg1680	louis_armand_bourbon_conti	Mr le Prince de Conty
Flandres17_imp_mg1680	louis_armand_bourbon_conti	Prince
Flandres17_imp_mg1680	louisxiv	Sa Majesté
Flandres17_imp_mg1680	louisxiv	Roy
Flandres17_imp_mg1680	louisxiv	Roy
Flandres17_imp_mg1680	marie_therese	Reyne
Flandres17_imp_mg1680	louisxiv	Roy
Flandres17_imp_mg1680	louis_grand_dauphin	Monseigneur le Dauphin
Flandres17_imp_mg1680	louisxiv	Sa Majesté
Flandres17_imp_mg1680	de_casaux	Mr de Casaux
Flandres17_imp_mg1680	louis_de_crevant	Mr le Maréchal de Humieres
Flandres17_imp_mg1680	philippe_auguste_le_hardy_la_trousse	Mr le Marquis de la Trousse
Flandres17_imp_mg1680	louisxiv	Roy
Flandres17_imp_mg1680	philippe_auguste_le_hardy_la_trousse	Mr le Marquis de la Trousse
Flandres17_imp_mg1680	louisxiv	Sa Majesté
Flandres17_imp_mg1680	louisxiv	auguste Monarque
Flandres17_imp_mg1680	louisxiv	Sa Majesté
Flandres17_imp_mg1680	louisxiv	Roy
Flandres17_imp_mg1680	louisxiv	Roy
Flandres17_imp_mg1680	louisxiv	Roy
Flandres17_imp_mg1680	louisxiv	Roy
Flandres17_imp_mg1680	louis_grand_dauphin	Monseigneur le Dauphin
Flandres17_imp_mg1680	marie_therese	Reyne
Flandres17_imp_mg1680	marie_anne_baviere	Madame la Dauphine
Flandres17_imp_mg1680	louisxiv	Roy
Flandres17_imp_mg1680	louis_grand_dauphin	Monseigneur le Dauphin
Flandres17_imp_mg1680	louisxiv	Sa Majesté
Flandres17_imp_mg1680	louisxiv	Roy
Flandres17_imp_mg1680	louisxiv	LOÜIS LE GRAND
Flandres17_imp_mg1680	philippe_auguste_le_hardy_la_trousse	Gouverneur
Flandres17_imp_mg1680	louisxiv	Roy
Flandres17_imp_mg1680	antoine_le_prestre_de_vauban	Mr de Vauban
Flandres17_imp_mg1680	louisxiv	Roy
Flandres17_imp_mg1680	philippe_auguste_le_hardy_la_trousse	Gouverneur
Flandres17_imp_mg1680	louisxiv	Sa Majesté
Flandres17_imp_mg1680	louisxiv	Roy
Flandres17_imp_mg1680	louis_grand_dauphin	Monseigneur le Dauphin
Flandres17_imp_mg1680	antoine_le_prestre_de_vauban	Mr de Vauban
Flandres17_imp_mg1680	louisxiv	Sa Majesté
Flandres17_imp_mg1680	louisxiv	Roy
Flandres17_imp_mg1680	louis_grand_dauphin	Monseigneur le Dauphin
Flandres17_imp_mg1680	bardi_magalotti	Magalotti
Flandres17_imp_mg1680	louis_grand_dauphin	Monseigneur le Dauphin
Flandres17_imp_mg1680	louisxiv	Roy
Flandres17_imp_mg1680	louisxiv	Sa Majesté
Flandres17_imp_mg1680	louisxiv	Roy
Flandres17_imp_mg1680	henri_de_daillon	Mr le Duc du Lude
Flandres17_imp_mg1680		Mr de Barville
Flandres17_imp_mg1680	louisxiv	Roy
Flandres17_imp_mg1680	louisxiv	Roy
Flandres17_imp_mg1680	louisxiv	Sa Majesté
Flandres17_imp_mg1680	marie_therese	Reyne
Flandres17_imp_mg1680	marie_anne_baviere	Madame la Dauphine
Flandres17_imp_mg1680	elisabeth_charlotte_baviere	Madame
Flandres17_imp_mg1680	chatre_humieres	Madame la Maréchale de Humieres
Flandres17_imp_mg1680	louisxiv	Roy
Flandres17_imp_mg1680	louisxiv	SIRE
Flandres17_imp_mg1680	louisxiv	Vostre Majesté
Flandres17_imp_mg1680	louisxiv	Vostre Majesté
Flandres17_imp_mg1680	louisxiv	LOÜIS LE GRAND
Flandres17_imp_mg1680	louisxiv	SIRE
Flandres17_imp_mg1680	louisxiv	Vostre Majesté
Flandres17_imp_mg1680	louisxiv	SIRE
Flandres17_imp_mg1680	louisxiv	Vostre Majesté
Flandres17_imp_mg1680	louisxiv	Vostre Majesté
Flandres17_imp_mg1680	louisxiv	LOÜIS LE GRAND
Flandres17_imp_mg1680	louisxiv	LOÜIS LE GRAND
Flandres17_imp_mg1680	louisxiv	grand Roy
Flandres17_imp_mg1680	louisxiv	Vostre Majesté
Flandres17_imp_mg1680	louisxiv	SIRE
Flandres17_imp_mg1680	louisxiv	Vostre Majesté
Flandres17_imp_mg1680	louisxiv	LOÜIS LE GRAND
Flandres17_imp_mg1680	louisxiv	Vostre Majesté
Flandres17_imp_mg1680	louisxiv	V. Majesté
Flandres17_imp_mg1680	louisxiv	SIRE
Flandres17_imp_mg1680	louisxiv	Vostre Majesté
Flandres17_imp_mg1680	louisxiv	Roy
Flandres17_imp_mg1680	louisxiv	Sa Majesté
Flandres17_imp_mg1680	louisxiv	Roy
Flandres17_imp_mg1680	louisxiv	Sa Majesté
Flandres17_imp_mg1680	louisxiv	Roy
Flandres17_imp_mg1680	louisxiv	Sa Majesté
Flandres17_imp_mg1680	louisxiv	Grand Monarque
Flandres17_imp_mg1680	louisxiv	Roy
Flandres17_imp_mg1680	louisxiv	Roy
Flandres17_imp_mg1680	antoine_le_prestre_de_vauban	Mr de Vauban
Flandres17_imp_mg1680	louisxiv	Sa Majesté
Flandres17_imp_mg1680	louisxiv	Roy
Flandres17_imp_mg1680_beauvais	jean_donneau_de_vize	Jean Donneau de Vizé
Flandres17_imp_mg1680_beauvais	thomas_corneille	Thomas Corneille
Flandres17_imp_mg1680_beauvais	charles_du_fresny	Charles Du Fresny
Flandres17_imp_mg1680_beauvais	claude_blageart	Claude Blageart
Flandres17_imp_mg1680_beauvais	michel_gueroult	Michel Guéroult
Flandres17_imp_mg1680_beauvais	michel_brunet	Michel Brunet
Flandres17_imp_mg1680_beauvais	louis_grand_dauphin	Monseigneur LE DAUPHIN
Flandres17_imp_mg1680_beauvais	louisxiv	Roy
Flandres17_imp_mg1680_beauvais	guillaume_de_luyne	G. DE LUYNE
Flandres17_imp_mg1680_beauvais	claude_blageart	C. BLAGEART
Flandres17_imp_mg1680_beauvais	louis_grand_dauphin	DAUPHIN
Flandres17_imp_mg1680_beauvais	theodore_girard	T. Girard
Flandres17_imp_mg1680_beauvais	louisxiv	ROY
Flandres17_imp_mg1680_beauvais	louisxiv	Roy
Flandres17_imp_mg1680_beauvais	louisxiv	Sa Majesté
Flandres17_imp_mg1680_beauvais	louisxiv	Prince
Flandres17_imp_mg1680_beauvais	toussaint_de_forbin-janson	Mr l’Evesque & Comte de Beauvais, Pair de France
Flandres17_imp_mg1680_beauvais	toussaint_de_forbin-janson	ce Prélat
Flandres17_imp_mg1680_calais	jean_donneau_de_vize	Jean Donneau de Vizé
Flandres17_imp_mg1680_calais	thomas_corneille	Thomas Corneille
Flandres17_imp_mg1680_calais	charles_du_fresny	Charles Du Fresny
Flandres17_imp_mg1680_calais	claude_blageart	Claude Blageart
Flandres17_imp_mg1680_calais	michel_gueroult	Michel Guéroult
Flandres17_imp_mg1680_calais	michel_brunet	Michel Brunet
Flandres17_imp_mg1680_calais	louis_grand_dauphin	Monseigneur LE DAUPHIN
Flandres17_imp_mg1680_calais	louisxiv	Roy
Flandres17_imp_mg1680_calais	guillaume_de_luyne	G. DE LUYNE
Flandres17_imp_mg1680_calais	claude_blageart	C. BLAGEART
Flandres17_imp_mg1680_calais	louis_grand_dauphin	DAUPHIN
Flandres17_imp_mg1680_calais	theodore_girard	T. Girard
Flandres17_imp_mg1680_calais	louisxiv	ROY
Flandres17_imp_mg1680_calais	louisxiv	Sa Majesté
Flandres17_imp_mg1680_calais	louisxiv	Roy
Flandres17_imp_mg1680_calais	louis_grand_dauphin	Monseigneur le Dauphin
Flandres17_imp_mg1680_calais	marie_therese	Reyne
Flandres17_imp_mg1680_calais	marie_anne_baviere	Madame la Dauphine
Flandres17_imp_mg1680_calais	elisabeth-charlotte_baviere	Madame
Flandres17_imp_mg1680_calais	louisxiv	Sa Majesté
Flandres17_imp_mg1680_calais	regiment_de_phisfer	Regiment de Phisfer
Flandres17_imp_mg1680_calais	louisxiv	Prince
Flandres17_imp_mg1680_calais	louisxiv	Sa Majesté
Flandres17_imp_mg1680_calais	marie_therese	Reyne
Flandres17_imp_mg1680_calais	louis_grand_dauphin	Monseigneur le Dauphin
Flandres17_imp_mg1680_calais	marie_anne_baviere	Madame la Dauphine
Flandres17_imp_mg1680_calais	louisxiv	Sa Majesté
Flandres17_imp_mg1680_calais	thomas_françois_quien_moyenneville	Mr de Moyenneville
Flandres17_imp_mg1680_calais	dupuys	Mr du Puis
Flandres17_imp_mg1680_calais	armand_saint_lo	Mr de S. Lo
Flandres17_imp_mg1680_calais	dupuys	Ingénieur
Flandres17_imp_mg1680_calais	marie_therese	Reyne
Flandres17_imp_mg1680_calais	marie_therese	Reyne
Flandres17_imp_mg1680_calais	louis_grand_dauphin	Monseigneur le Dauphin
Flandres17_imp_mg1680_calais	marie_therese	Reyne
Flandres17_imp_mg1680_calais	louisxiv	Roy
Flandres17_imp_mg1680_calais	louis_grand_dauphin	Monseigneur
Flandres17_imp_mg1680_calais	philippe_dangeau	Mr le Marquis de Dangeau
Flandres17_imp_mg1680_calais	charlesII	Roy d’Angleterre
Flandres17_imp_mg1680_calais	louisxiv	Sa Majesté
Flandres17_imp_mg1680_calais	louisxiv	Roy
Flandres17_imp_mg1680_calais	philippe_dangeau	Mr le Marquis de Dangeau
Flandres17_imp_mg1680_dunkerque	jean_donneau_de_vize	Jean Donneau de Vizé
Flandres17_imp_mg1680_dunkerque	thomas_corneille	Thomas Corneille
Flandres17_imp_mg1680_dunkerque	charles_du_fresny	Charles Du Fresny
Flandres17_imp_mg1680_dunkerque	claude_blageart	Claude Blageart
Flandres17_imp_mg1680_dunkerque	michel_gueroult	Michel Guéroult
Flandres17_imp_mg1680_dunkerque	michel_brunet	Michel Brunet
Flandres17_imp_mg1680_dunkerque	louis_grand_dauphin	Monseigneur LE DAUPHIN
Flandres17_imp_mg1680_dunkerque	louisxiv	Roy
Flandres17_imp_mg1680_dunkerque	guillaume_de_luyne	G. DE LUYNE
Flandres17_imp_mg1680_dunkerque	claude_blageart	C. BLAGEART
Flandres17_imp_mg1680_dunkerque	louis_grand_dauphin	DAUPHIN
Flandres17_imp_mg1680_dunkerque	theodore_girard	T. Girard
Flandres17_imp_mg1680_dunkerque	louisxiv	ROY
Flandres17_imp_mg1680_dunkerque	louisxiv	Sa Majesté
Flandres17_imp_mg1680_dunkerque	louis_grand_dauphin	Monseigneur le Dauphin
Flandres17_imp_mg1680_dunkerque	seignelay_colbert	Mr le Marquis de Seignelay
Flandres17_imp_mg1680_dunkerque	louisxiv	Roy
Flandres17_imp_mg1680_dunkerque	lhery_chevalier	Mr le Chevalier de Lery
Flandres17_imp_mg1680_dunkerque	seignelay_colbert	Mr de Seignelay
Flandres17_imp_mg1680_dunkerque	louisxiv	Roy
Flandres17_imp_mg1680_dunkerque	godefroi_d_estrades	Mr le Marechal d’Estrades
Flandres17_imp_mg1680_dunkerque	robert_harley	Mr le Comte d’Oxford
Flandres17_imp_mg1680_dunkerque	winston_churchill	Mr le Colonel Churchill
Flandres17_imp_mg1680_dunkerque	charlesII	Roy d’Angleterre
Flandres17_imp_mg1680_dunkerque	jacques_stuart	Mr le Duc d’Yorck
Flandres17_imp_mg1680_dunkerque	louisxiv	Roy
Flandres17_imp_mg1680_dunkerque	louisxiv	Sa Majesté
Flandres17_imp_mg1680_dunkerque	savile_henry	Mr Savill
Flandres17_imp_mg1680_dunkerque	lhery_chevalier	Mr le Chevalier de Lery
Flandres17_imp_mg1680_dunkerque	godefroi_d_estrades	Mr le Maréchal d’Estrades
Flandres17_imp_mg1680_dunkerque	godefroi_d_estrades	Maréchal
Flandres17_imp_mg1680_dunkerque	godefroi_d_estrades	Mr le Maréchal d’Estrades
Flandres17_imp_mg1680_dunkerque	louisxiv	Roy
Flandres17_imp_mg1680_dunkerque	louisxiv	auguste Souverain
Flandres17_imp_mg1680_dunkerque	louisxiv	Sa Majesté
Flandres17_imp_mg1680_dunkerque	louisxiv	Roy
Flandres17_imp_mg1680_dunkerque	louisxiv	Sa Majesté
Flandres17_imp_mg1680_dunkerque	louisxiv	Roy
Flandres17_imp_mg1680_dunkerque	louisxiv	Prince
Flandres17_imp_mg1680_dunkerque	louisxiv	Sa Majesté
Flandres17_imp_mg1680_dunkerque	lhery_chevalier	Mr le Chevalier de Lhery
Flandres17_imp_mg1680_dunkerque	louisxiv	Roy
Flandres17_imp_mg1680_dunkerque	lhery_chevalier	Monsieur le Chevalier
Flandres17_imp_mg1680_dunkerque	louisxiv	Sa Majesté
Flandres17_imp_mg1680_dunkerque	nicolas-auguste_de_harlay_de_bonneuil	Mr de Bonneüil
Flandres17_imp_mg1680_dunkerque	robert_harley	Mr le Comte d’Oxford
Flandres17_imp_mg1680_dunkerque	winston_churchill	Mr le Colonel Churchill
Flandres17_imp_mg1680_dunkerque	louisxiv	Roy
Flandres17_imp_mg1680_dunkerque	marie_therese	Reyne
Flandres17_imp_mg1680_dunkerque	louis_grand_dauphin	Monseigneur le Dauphin
Flandres17_imp_mg1680_dunkerque	marie_anne_baviere	Madame la Dauphine
Flandres17_imp_mg1680_dunkerque	philippe_orleans	Monsieur
Flandres17_imp_mg1680_dunkerque	henriette_anne_angleterre	Madame
Flandres17_imp_mg1680_dunkerque	carlos_de_gurrea	Mr le Duc de Villa-Hermosa
Flandres17_imp_mg1680_dunkerque	louisxiv	Sa Majesté
Flandres17_imp_mg1680_dunkerque	louisxiv	Roy
Flandres17_imp_mg1680_dunkerque	philippe_guillaume_albert_anneux	Mr le Marquis de Warnies
Flandres17_imp_mg1680_dunkerque	louisxiv	Sa Majesté
Flandres17_imp_mg1680_dunkerque	robert_harley	Mr le Comte d’Oxford
Flandres17_imp_mg1680_dunkerque	carlos_de_gurrea	Mr le Duc de Villa-Hermosa
Flandres17_imp_mg1680_dunkerque	louisxiv	Roy
Flandres17_imp_mg1680_dunkerque	lhery_chevalier	Mr le Chevalier de Lhery
Flandres17_imp_mg1680_dunkerque	louisxiv	Roy
Flandres17_imp_mg1680_dunkerque	louisxiv	Roy
Flandres17_imp_mg1680_dunkerque	louisxiv	Roy
Flandres17_imp_mg1680_dunkerque	louisxiv	Roy
Flandres17_imp_mg1680_dunkerque	louisxiv	Roy
Flandres17_imp_mg1680_dunkerque	lhery_chevalier	Mr le Chevalier de Lhery
Flandres17_imp_mg1680_dunkerque	de_paliere	Mr de Paliere
Flandres17_imp_mg1680_dunkerque	daniel_de_remy_de_courcelles	Mr de Courcelles
Flandres17_imp_mg1680_dunkerque	de_rouvroy	Mr de Rouvroy
Flandres17_imp_mg1680_dunkerque	de_villars_chevalier	Mr le Chevalier de Villars
Flandres17_imp_mg1680_dunkerque	cesar_de_vaulserre	Mr le Baron des Adrets
Flandres17_imp_mg1680_dunkerque	de_desgleraux	Mr Desgleraux
Flandres17_imp_mg1680_dunkerque	de_beaujeu	Mr de Beaujeu
Flandres17_imp_mg1680_dunkerque	de_gault_chevalier	Mr le Chevalier de Gault
Flandres17_imp_mg1680_dunkerque	louisxiv	plus grand Prince du Monde
Flandres17_imp_mg1680_dunkerque	louisxiv	Roy
Flandres17_imp_mg1680_dunkerque	lhery_chevalier	Mr le Chevalier de Lhery
Flandres17_imp_mg1680_dunkerque	louisxiv	Roy
Flandres17_imp_mg1680_dunkerque	cesar_de_vaulserre	Mr le Baron des Adrets
Flandres17_imp_mg1680_dunkerque	louisxiv	Roy
Flandres17_imp_mg1680_dunkerque	de_beaujeu	de Beaujeu
Flandres17_imp_mg1680_dunkerque	françois_chevalier_de_saulx	de Saux
Flandres17_imp_mg1680_dunkerque	daniel_de_remy_de_courcelles	de Courcelles
Flandres17_imp_mg1680_dunkerque	de_desgleraux	Desglereaux
Flandres17_imp_mg1680_dunkerque	de_rouvroy	de Rouvroy
Flandres17_imp_mg1680_dunkerque	de_villars_chevalier	de Villars
Flandres17_imp_mg1680_dunkerque	louisxiv	Roy
Flandres17_imp_mg1680_dunkerque	louisxiv	Sa Majesté
Flandres17_imp_mg1680_dunkerque	louisxiv	Sa Majesté
Flandres17_imp_mg1680_dunkerque	françois_panetie	Mr Panetier
Flandres17_imp_mg1680_dunkerque	julien_de_perse	Mr Julien Enseigne
Flandres17_imp_mg1680_dunkerque	louisxiv	Sa Majesté
Flandres17_imp_mg1680_dunkerque	lhery_chevalier	Mr le Chevalier de Lhery
Flandres17_imp_mg1680_dunkerque	louisxiv	Roy
Flandres17_imp_mg1680_dunkerque	de_paliere	Mr de Paliere
Flandres17_imp_mg1680_dunkerque	daniel_de_remy_de_courcelles	Mr de Courcelles
Flandres17_imp_mg1680_dunkerque	de_rouvroy	Mr de Rouvroy
Flandres17_imp_mg1680_dunkerque	de_villars_chevalier	Mr le Chevalierde Villars
Flandres17_imp_mg1680_dunkerque	cesar_de_vaulserre	Mr le Baron des Adrets
Flandres17_imp_mg1680_dunkerque	de_desgleraux	Mr Desgleraux
Flandres17_imp_mg1680_dunkerque	de_beaujeu	Mr de Beaujeu
Flandres17_imp_mg1680_dunkerque	françois_chevalier_de_saulx	Mr le Chevalier de Saulx
Flandres17_imp_mg1680_dunkerque	lhery_chevalier	Mr le Chevalier de Lhery
Flandres17_imp_mg1680_dunkerque	louisxiv	Roy
Flandres17_imp_mg1680_dunkerque	louis_grand_dauphin	Monseigneur le Dauphin
Flandres17_imp_mg1680_dunkerque	philippe_orleans	Monsieur
Flandres17_imp_mg1680_dunkerque		Son Altesse Serénissime
Flandres17_imp_mg1680_dunkerque	louis_armand_bourbon_conti	de Conty
Flandres17_imp_mg1680_dunkerque	françois_louis_bourbon_conti	de la Roche-sur-Yon
Flandres17_imp_mg1680_dunkerque	françois_louis_bourbon_conti	Prince
Flandres17_imp_mg1680_dunkerque	lhery_chevalier	Mr le Chevalier de Lhery
Flandres17_imp_mg1680_dunkerque	louisxiv	Sa Majesté
Flandres17_imp_mg1680_dunkerque	lhery_chevalier	Mr le Chevalier de Lhery
Flandres17_imp_mg1680_dunkerque	louisxiv	Roy
Flandres17_imp_mg1680_dunkerque	lhery_chevalier	Mr le Chevalier de Lhery
Flandres17_imp_mg1680_dunkerque	louisxiv	Sa Majesté
Flandres17_imp_mg1680_dunkerque	louisxiv	Roy
Flandres17_imp_mg1680_dunkerque	lhery_chevalier	Mr le Chevalier de Lhery
Flandres17_imp_mg1680_dunkerque	lhery_chevalier	Chevalier
Flandres17_imp_mg1680_dunkerque	louisxiv	Roy
Flandres17_imp_mg1680_dunkerque	louis_grand_dauphin	Monseigneur le Dauphin
Flandres17_imp_mg1680_dunkerque	lhery_chevalier	Chevalier
Flandres17_imp_mg1680_dunkerque	louisxiv	Sa Majesté
Flandres17_imp_mg1680_dunkerque	lhery_chevalier	Mr le Chevalier de Lhery
Flandres17_imp_mg1680_dunkerque	marie_therese	Reyne
Flandres17_imp_mg1680_dunkerque	marie_anne_baviere	Madame la Dauphine
Flandres17_imp_mg1680_dunkerque	elisabeth-charlotte_baviere	Madame
Flandres17_imp_mg1680_dunkerque	anne_marie_louise_henriette_orleans	Mademoiselle d’Orleans
Flandres17_imp_mg1680_dunkerque	louisxiv	Roy
Flandres17_imp_mg1680_dunkerque	anne_marie_louise_henriette_orleans	Princesse
Flandres17_imp_mg1680_dunkerque	louisxiv	Sa Majesté
Flandres17_imp_mg1680_dunkerque	lhery_chevalier	Mr le Chevalier de Lhery
Flandres17_imp_mg1680_dunkerque	marie_therese	Reyne
Flandres17_imp_mg1680_dunkerque	lhery_chevalier	Mr le Chevalier de Lhery
Flandres17_imp_mg1680_dunkerque	louis_armand_bourbon_conti	Monsieur le Prince de Conty
Flandres17_imp_mg1680_dunkerque	jeanne_marie_therese_colbert	de Chevreuse
Flandres17_imp_mg1680_dunkerque	henriette_louise_colbert	de Beauvilliers
Flandres17_imp_mg1680_dunkerque	charles_honore_albert_de_luynes	Mr le Duc de Chevreuse
Flandres17_imp_mg1680_dunkerque	françois_andrault	Mr le Marquis de Maulevrier
Flandres17_imp_mg1680_dunkerque	bernard_de_la_guiche	Mrs de S. Géran
Flandres17_imp_mg1680_dunkerque		de Thury
Flandres17_imp_mg1680_dunkerque	mme_de_crussol	de Crussol
Flandres17_imp_mg1680_dunkerque	marie_ferte_senneterre	de la Ferté
Flandres17_imp_mg1680_dunkerque	louise_de_prie	Madame de la Mothe
Flandres17_imp_mg1680_dunkerque	seignelay_catherine_therese	de Seignelay
Flandres17_imp_mg1680_dunkerque	françoise_d_aubigne	de Maintenon
Flandres17_imp_mg1680_dunkerque	louisxiv	Roy
Flandres17_imp_mg1680_dunkerque	louisxiv	Sa Majesté
Flandres17_imp_mg1680_dunkerque	louisxiv	Roy
Flandres17_imp_mg1680_dunkerque	louisxiv	Sa Majesté
Flandres17_imp_mg1680_dunkerque	louisxiv	Roy
Flandres17_imp_mg1680_dunkerque	lhery_chevalier	Mr le Chevalier de Lhery
Flandres17_imp_mg1680_dunkerque	louisxiv	Prince
Flandres17_imp_mg1680_dunkerque	louisxiv	Sa Majesté
Flandres17_imp_mg1680_dunkerque	lhery_chevalier	Mr le Chevalier de Lhery
Flandres17_imp_mg1680_dunkerque	louisxiv	Roy
Flandres17_imp_mg1680_dunkerque	louisxiv	Roy
Flandres17_imp_mg1680_dunkerque	louis_grand_dauphin	Monseigneur le Dauphin
Flandres17_imp_mg1680_dunkerque		Son Altesse Serénissime
Flandres17_imp_mg1680_dunkerque	louis_armand_bourbon_conti	Princes de Conty
Flandres17_imp_mg1680_dunkerque	françois_louis_bourbon_conti	de la Roche-sur-Yon
Flandres17_imp_mg1680_dunkerque	francois_vii_de_la_rochefoucauld	Ducs de la Roche-foucaut
Flandres17_imp_mg1680_dunkerque	jh_durfort	de Duras
Flandres17_imp_mg1680_dunkerque	panetier	Mr Panetier
Flandres17_imp_mg1680_dunkerque	charles_honore_albert_de_luynes	Mr Albert
Flandres17_imp_mg1680_dunkerque	louisxiv	Sa Majesté
Flandres17_imp_mg1680_dunkerque	lhery_chevalier	Mr le Chevalier de Lhery
Flandres17_imp_mg1680_dunkerque	marie_therese	Reyne
Flandres17_imp_mg1680_dunkerque	marie_anne_baviere	Madame la Dauphine
Flandres17_imp_mg1680_dunkerque	elisabeth-charlotte_baviere	Madame
Flandres17_imp_mg1680_dunkerque	anne_marie_louise_henriette_orleans	Mademoiselle d’Orleans
Flandres17_imp_mg1680_dunkerque	madame_montespan	de Montespan
Flandres17_imp_mg1680_dunkerque	lansac_crequi	de Créquy
Flandres17_imp_mg1680_dunkerque	anne_de_richelieu	de Richelieu
Flandres17_imp_mg1680_dunkerque	louise_de_prie	de la Mothe
Flandres17_imp_mg1680_dunkerque	marie_ferte_senneterre	de la Ferté
Flandres17_imp_mg1680_dunkerque	françoise_d_aubigne	de Maintenon
Flandres17_imp_mg1680_dunkerque	selingue	Mr de Selingue
Flandres17_imp_mg1680_dunkerque	louisxiv	Roy
Flandres17_imp_mg1680_dunkerque	anne-jules_de_noailles	Mr le Duc de Noailles
Flandres17_imp_mg1680_dunkerque	louisxiv	Sa Majesté
Flandres17_imp_mg1680_dunkerque	lhery_chevalier	Mr le Chevalier de Lhery
Flandres17_imp_mg1680_dunkerque	lhery_chevalier	Chevalier
Flandres17_imp_mg1680_dunkerque	de_paliere	Capitaine en second
Flandres17_imp_mg1680_dunkerque	louis_grand_dauphin	Monseigneur le Dauphin
Flandres17_imp_mg1680_dunkerque	louis_armand_bourbon_conti	Mr le Prince de Conty
Flandres17_imp_mg1680_dunkerque	louis_armand_bourbon_conti	Prince
Flandres17_imp_mg1680_dunkerque	louis_armand_bourbon_conti	Mr le Prince de Conty
Flandres17_imp_mg1680_dunkerque	louis_armand_bourbon_conti	Prince
Flandres17_imp_mg1680_dunkerque	louisxiv	Sa Majesté
Flandres17_imp_mg1680_dunkerque	louisxiv	Roy
Flandres17_imp_mg1680_dunkerque	louisxiv	Roy
Flandres17_imp_mg1680_dunkerque	marie_therese	Reyne
Flandres17_imp_mg1680_dunkerque	louisxiv	Roy
Flandres17_imp_mg1680_dunkerque	louis_grand_dauphin	Monseigneur le Dauphin
Flandres17_imp_mg1680_dunkerque	louisxiv	Sa Majesté
Flandres17_imp_mg1680_dunkerque	de_casaux	Mr de Casaux
Flandres17_imp_mg1680_entre_beauvais_et_calais	jean_donneau_de_vize	Jean Donneau de Vizé
Flandres17_imp_mg1680_entre_beauvais_et_calais	thomas_corneille	Thomas Corneille
Flandres17_imp_mg1680_entre_beauvais_et_calais	charles_du_fresny	Charles Du Fresny
Flandres17_imp_mg1680_entre_beauvais_et_calais	claude_blageart	Claude Blageart
Flandres17_imp_mg1680_entre_beauvais_et_calais	michel_gueroult	Michel Guéroult
Flandres17_imp_mg1680_entre_beauvais_et_calais	michel_brunet	Michel Brunet
Flandres17_imp_mg1680_entre_beauvais_et_calais	louis_grand_dauphin	Monseigneur LE DAUPHIN
Flandres17_imp_mg1680_entre_beauvais_et_calais	louisxiv	Roy
Flandres17_imp_mg1680_entre_beauvais_et_calais	guillaume_de_luyne	G. DE LUYNE
Flandres17_imp_mg1680_entre_beauvais_et_calais	claude_blageart	C. BLAGEART
Flandres17_imp_mg1680_entre_beauvais_et_calais	louis_grand_dauphin	DAUPHIN
Flandres17_imp_mg1680_entre_beauvais_et_calais	theodore_girard	T. Girard
Flandres17_imp_mg1680_entre_beauvais_et_calais	louisxiv	ROY
Flandres17_imp_mg1680_entre_beauvais_et_calais	adrienII_hanyvel	Mr de Manevillete
Flandres17_imp_mg1680_entre_beauvais_et_calais	louisxiv	Son Altesse Royale
Flandres17_imp_mg1680_entre_beauvais_et_calais	louis_armand_bourbon_conti	Princes de Conty
Flandres17_imp_mg1680_entre_beauvais_et_calais	françois_louis_bourbon_conti	de la Roche-sur-Yon
Flandres17_imp_mg1680_entre_beauvais_et_calais	pierre_de_bonzi	Mr le Cardinal de Bonzy
Flandres17_imp_mg1680_entre_beauvais_et_calais		Mr le Grand
Flandres17_imp_mg1680_entre_beauvais_et_calais	henri_brionne	Mr le Comte de Brionne(1)
Flandres17_imp_mg1680_entre_beauvais_et_calais	charles_françois_lorraine	Mr le Prince de Commercy(2)
Flandres17_imp_mg1680_entre_beauvais_et_calais	francois_alincourt	Ducs de Villeroy(3)
Flandres17_imp_mg1680_entre_beauvais_et_calais	blanchefort_crequy	de Créquy
Flandres17_imp_mg1680_entre_beauvais_et_calais	francois_iii_d_aubusson	de la Feüillade(4)
Flandres17_imp_mg1680_entre_beauvais_et_calais	marquis_de_gesvres	de Gesvres(5)
Flandres17_imp_mg1680_entre_beauvais_et_calais	charles_colbert_croissy	Mr Colbert de Croissy
Flandres17_imp_mg1680_entre_beauvais_et_calais	balthazar_phelypeaux_chateauneuf	Mr de Chasteauneuf(6)
Flandres17_imp_mg1680_entre_beauvais_et_calais	gaston_hotel	Mr le Comte du Plessis
Flandres17_imp_mg1680_entre_beauvais_et_calais	françois_andrault	Mr de Maulevrier(7)
Flandres17_imp_mg1680_entre_beauvais_et_calais	louis_oger_cavoye	Cavois(8)
Flandres17_imp_mg1680_entre_beauvais_et_calais	francois_iii_harcourt	de Beuvron(9)
Flandres17_imp_mg1680_entre_beauvais_et_calais	louis_chatillon	Chastillon
Flandres17_imp_mg1680_entre_beauvais_et_calais	louisI_sanguin	Sanguin
Flandres17_imp_mg1680_entre_beauvais_et_calais	philippe_orleans	Monsieur
Flandres17_imp_mg1680_entre_beauvais_et_calais	blanchefort_crequy	Mr le Duc de Créquy
Flandres17_imp_mg1680_entre_beauvais_et_calais	louisxiv	Roy
Flandres17_imp_mg1680_entre_beauvais_et_calais	louis_grand_dauphin	Monseigneur le Dauphin
Flandres17_imp_mg1680_entre_beauvais_et_calais	louisxiv	Sa Majesté
Flandres17_imp_mg1680_entre_beauvais_et_calais	armand_charost	Mr le Duc de Charost
Flandres17_imp_mg1680_entre_beauvais_et_calais	louisxiv	Roy
Flandres17_imp_mg1680_entre_beauvais_et_calais	louisxiv	Prince
Flandres17_imp_mg1680_entre_beauvais_et_calais	louisxiv	Roy
Flandres17_imp_mg1680_entre_beauvais_et_calais	louis_grand_dauphin	Monseigneur le Dauphin
Flandres17_imp_mg1680_entre_beauvais_et_calais	marie_therese	Reyne
Flandres17_imp_mg1680_entre_beauvais_et_calais	marie_anne_baviere	Madame la Dauphine
Flandres17_imp_mg1680_entre_beauvais_et_calais	elisabeth-charlotte_baviere	Madame
Flandres17_imp_mg1680_entre_beauvais_et_calais	henri_elbeuf	Mr le Duc d’Elbeuf
Flandres17_imp_mg1680_entre_beauvais_et_calais	armand_charost	Mr de Charost
Flandres17_imp_mg1680_entre_beauvais_et_calais	louis_marie_aumont_rochebaron	Mr le Duc d’Aumont
Flandres17_imp_mg1680_entre_beauvais_et_calais	louisxiv	Roy
Flandres17_imp_mg1680_entre_beauvais_et_calais	louisxiv	Sa Majesté
Flandres17_imp_mg1680_entre_beauvais_et_calais	louis_grand_dauphin	Monseigneur le Dauphin
Flandres17_imp_mg1680_entre_beauvais_et_calais	seignelay_colbert	Mr le Marquis de Seignelay
Flandres17_imp_mg1680_entre_beauvais_et_calais	combe	Mr de Combe
Flandres17_imp_mg1680_entre_beauvais_et_calais	louisxiv	Roy
Flandres17_imp_mg1680_entre_beauvais_et_calais	jules_cesar	César
Flandres17_imp_mg1680_entre_beauvais_et_calais	louisxiv	Sa Majesté
Flandres17_imp_mg1680_entre_beauvais_et_calais	louis_grand_dauphin	Monseigneur le Dauphin
Flandres17_imp_mg1680_entre_beauvais_et_calais	louisxiv	Roy
Flandres17_imp_mg1680_entre_beauvais_et_calais	louisxiv	Sa Majesté
Flandres17_imp_mg1680_entre_beauvais_et_calais	louis_marie_aumont_rochebaron	Mr le Duc d’Aumont
Flandres17_imp_mg1680_entre_beauvais_et_calais	louis_marie_aumont_rochebaron	Mr d’Aumont
Flandres17_imp_mg1680_entre_beauvais_et_calais	louisxiv	Sa Majesté
Flandres17_imp_mg1680_entre_beauvais_et_calais	louisxiv	Roy
Flandres17_imp_mg1680_entre_beauvais_et_calais	louisxiv	grand Monarque
Flandres17_imp_mg1680_lille	jean_donneau_de_vize	Jean Donneau de Vizé
Flandres17_imp_mg1680_lille	thomas_corneille	Thomas Corneille
Flandres17_imp_mg1680_lille	charles_du_fresny	Charles Du Fresny
Flandres17_imp_mg1680_lille	claude_blageart	Claude Blageart
Flandres17_imp_mg1680_lille	michel_gueroult	Michel Guéroult
Flandres17_imp_mg1680_lille	michel_brunet	Michel Brunet
Flandres17_imp_mg1680_lille	louis_grand_dauphin	Monseigneur LE DAUPHIN
Flandres17_imp_mg1680_lille	louisxiv	Roy
Flandres17_imp_mg1680_lille	guillaume_de_luyne	G. DE LUYNE
Flandres17_imp_mg1680_lille	claude_blageart	C. BLAGEART
Flandres17_imp_mg1680_lille	louis_grand_dauphin	DAUPHIN
Flandres17_imp_mg1680_lille	theodore_girard	T. Girard
Flandres17_imp_mg1680_lille	louisxiv	ROY
Flandres17_imp_mg1680_lille	louisxiv	Roy
Flandres17_imp_mg1680_lille	louis_grand_dauphin	Monseigneur le Dauphin
Flandres17_imp_mg1680_lille	antoine_le_prestre_de_vauban	Mr de Vauban
Flandres17_imp_mg1680_lille	louisxiv	Sa Majesté
Flandres17_imp_mg1680_lille	louisxiv	Roy
Flandres17_imp_mg1680_lille	louis_grand_dauphin	Monseigneur le Dauphin
Flandres17_imp_mg1680_lille	bardi_magalotti	Magalotti
Flandres17_imp_mg1680_lille	louis_grand_dauphin	Monseigneur le Dauphin
Flandres17_imp_mg1680_lille	louisxiv	Roy
Flandres17_imp_mg1680_lille	louisxiv	Sa Majesté
Flandres17_imp_mg1680_lille	louisxiv	Roy
Flandres17_imp_mg1680_lille	henri_de_daillon	Mr le Duc du Lude
Flandres17_imp_mg1680_lille		Mr de Barville
Flandres17_imp_mg1680_lille	louisxiv	Roy
Flandres17_imp_mg1680_lille	louisxiv	Roy
Flandres17_imp_mg1680_lille	louisxiv	Sa Majesté
Flandres17_imp_mg1680_lille	marie_therese	Reyne
Flandres17_imp_mg1680_lille	marie_anne_baviere	Madame la Dauphine
Flandres17_imp_mg1680_lille	henriette_anne_angleterre	Madame
Flandres17_imp_mg1680_lille	chatre_humieres	Madame la Maréchale de Humieres
Flandres17_imp_mg1680_lille	louisxiv	Roy
Flandres17_imp_mg1680_lille	louisxiv	SIRE
Flandres17_imp_mg1680_lille	louisxiv	Vostre Majesté
Flandres17_imp_mg1680_lille	louisxiv	Vostre Majesté
Flandres17_imp_mg1680_lille	louisxiv	LOÜIS LE GRAND
Flandres17_imp_mg1680_lille	louisxiv	SIRE
Flandres17_imp_mg1680_lille	louisxiv	Vostre Majesté
Flandres17_imp_mg1680_lille	louisxiv	SIRE
Flandres17_imp_mg1680_lille	louisxiv	Vostre Majesté
Flandres17_imp_mg1680_lille	louisxiv	Vostre Majesté
Flandres17_imp_mg1680_lille	louisxiv	LOÜIS LE GRAND
Flandres17_imp_mg1680_lille	louisxiv	LOÜIS LE GRAND
Flandres17_imp_mg1680_lille	louisxiv	grand Roy
Flandres17_imp_mg1680_lille	louisxiv	Vostre Majesté
Flandres17_imp_mg1680_lille	louisxiv	SIRE
Flandres17_imp_mg1680_lille	louisxiv	Vostre Majesté
Flandres17_imp_mg1680_lille	louisxiv	LOÜIS LE GRAND
Flandres17_imp_mg1680_lille	louisxiv	Vostre Majesté
Flandres17_imp_mg1680_lille	louisxiv	V. Majesté
Flandres17_imp_mg1680_lille	louisxiv	SIRE
Flandres17_imp_mg1680_lille	louisxiv	Vostre Majesté
Flandres17_imp_mg1680_lille	louisxiv	Roy
Flandres17_imp_mg1680_lille	louisxiv	Sa Majesté
Flandres17_imp_mg1680_lille	louisxiv	Roy
Flandres17_imp_mg1680_lille	louisxiv	Sa Majesté
Flandres17_imp_mg1680_lille	louisxiv	Roy
Flandres17_imp_mg1680_lille	louisxiv	Sa Majesté
Flandres17_imp_mg1680_lille	louisxiv	Grand Monarque
Flandres17_imp_mg1680_lille	louisxiv	Roy
Flandres17_imp_mg1680_lille	louisxiv	Roy
Flandres17_imp_mg1680_lille	vauban	Mr de Vauban
Flandres17_imp_mg1680_lille	louisxiv	Sa Majesté
Flandres17_imp_mg1680_lille	louisxiv	Roy
Flandres17_imp_mg1680_monquebour_gravelines	jean_donneau_de_vize	Jean Donneau de Vizé
Flandres17_imp_mg1680_monquebour_gravelines	thomas_corneille	Thomas Corneille
Flandres17_imp_mg1680_monquebour_gravelines	charles_du_fresny	Charles Du Fresny
Flandres17_imp_mg1680_monquebour_gravelines	claude_blageart	Claude Blageart
Flandres17_imp_mg1680_monquebour_gravelines	michel_gueroult	Michel Guéroult
Flandres17_imp_mg1680_monquebour_gravelines	michel_brunet	Michel Brunet
Flandres17_imp_mg1680_monquebour_gravelines	louis_grand_dauphin	Monseigneur LE DAUPHIN
Flandres17_imp_mg1680_monquebour_gravelines	louisxiv	Roy
Flandres17_imp_mg1680_monquebour_gravelines	guillaume_de_luyne	G. DE LUYNE
Flandres17_imp_mg1680_monquebour_gravelines	claude_blageart	C. BLAGEART
Flandres17_imp_mg1680_monquebour_gravelines	louis_grand_dauphin	DAUPHIN
Flandres17_imp_mg1680_monquebour_gravelines	theodore_girard	T. Girard
Flandres17_imp_mg1680_monquebour_gravelines	louisxiv	ROY
Flandres17_imp_mg1680_monquebour_gravelines	charles_sainte-maure_montausier	Mr le Duc de Montausier
Flandres17_imp_mg1680_monquebour_gravelines		Mademoiselle Poitiers
Flandres17_imp_mg1680_monquebour_gravelines	henriette_anne_angleterre	Madame
Flandres17_imp_mg1680_monquebour_gravelines		Mr Lartet
Flandres17_imp_mg1680_monquebour_gravelines	louisxiv	Roy
Flandres17_imp_mg1680_monquebour_gravelines	louis_grand_dauphin	Monseigneur le Dauphin
Flandres17_imp_mg1680_monquebour_gravelines	charles_sainte-maure_montausier	Mr de Montausier
Flandres17_imp_mg1680_monquebour_gravelines	charles_sainte-maure_montausier	Duc
Flandres17_imp_mg1680_monquebour_gravelines	louisxiv	Roy
Flandres17_imp_mg1680_saint_omer	jean_donneau_de_vize	Jean Donneau de Vizé
Flandres17_imp_mg1680_saint_omer	thomas_corneille	Thomas Corneille
Flandres17_imp_mg1680_saint_omer	charles_du_fresny	Charles Du Fresny
Flandres17_imp_mg1680_saint_omer	claude_blageart	Claude Blageart
Flandres17_imp_mg1680_saint_omer	michel_gueroult	Michel Guéroult
Flandres17_imp_mg1680_saint_omer	michel_brunet	Michel Brunet
Flandres17_imp_mg1680_saint_omer	louis_grand_dauphin	Monseigneur LE DAUPHIN
Flandres17_imp_mg1680_saint_omer	louisxiv	Roy
Flandres17_imp_mg1680_saint_omer	guillaume_de_luyne	G. DE LUYNE
Flandres17_imp_mg1680_saint_omer	claude_blageart	C. BLAGEART
Flandres17_imp_mg1680_saint_omer	louis_grand_dauphin	DAUPHIN
Flandres17_imp_mg1680_saint_omer	theodore_girard	T. Girard
Flandres17_imp_mg1680_saint_omer	louisxiv	ROY
Flandres17_imp_mg1680_saint_omer	louisxiv	Roy
Flandres17_imp_mg1680_saint_omer	louisxiv	Sa Majesté
Flandres17_imp_mg1680_saint_omer	louisxiv	Roy
Flandres17_imp_mg1680_saint_omer	louisxiv	Maistre
Flandres17_imp_mg1680_saint_omer	louisxiv	Roy
Flandres17_imp_mg1680_saint_omer	louisxiv	Roy
Flandres17_imp_mg1680_saint_omer	louis_grand_dauphin	Monseigneur le Dauphin
Flandres17_imp_mg1680_saint_omer	louisxiv	Sa Majeste
Flandres17_imp_mg1680_saint_omer	françois_michel_le_tellier_de_louvoy	M le Marquis de Louvois
Flandres17_imp_mg1680_saint_omer	louisxiv	Grand Prince
Flandres17_imp_mg1680_saint_omer		Mr le Chevalier de Sourdis
Flandres17_imp_mg1680_saint_omer	regiment_de_koenigsmarck	Konismarck
Flandres17_imp_mg1680_saint_omer	regiment_de_vivans	Vivans
Flandres17_imp_mg1680_saint_omer	regiment_de_villeroy	Villeroy
Flandres17_imp_mg1680_saint_omer	regiment_de_quincy	Quincy
Flandres17_imp_mg1680_saint_omer	regiment_de_lumbres	Lumbres
Flandres17_imp_mg1680_saint_omer	regiment_de_rose	Rose
Flandres17_imp_mg1680_saint_omer	louisxiv	Roy
Flandres17_imp_mg1680_saint_omer	louisxiv	Sa Majesté
Flandres17_imp_mg1680_saint_omer	marie_therese	Reyne
Flandres17_imp_mg1680_saint_omer	marie_anne_baviere	Madame la Dauphine
Flandres17_imp_mg1680_saint_omer	louisxiv	Roy
Flandres17_imp_mg1680_saint_omer	louis_grand_dauphin	Monseigneur le Dauphin
Flandres17_imp_mg1680_saint_omer	regiment_de_koenigsmarck	Konismarck
Flandres17_imp_mg1680_saint_omer	louisxiv	Sa Majesté
Flandres17_imp_mg1680_ypres	jean_donneau_de_vize	Jean Donneau de Vizé
Flandres17_imp_mg1680_ypres	thomas_corneille	Thomas Corneille
Flandres17_imp_mg1680_ypres	charles_du_fresny	Charles Du Fresny
Flandres17_imp_mg1680_ypres	claude_blageart	Claude Blageart
Flandres17_imp_mg1680_ypres	michel_gueroult	Michel Guéroult
Flandres17_imp_mg1680_ypres	michel_brunet	Michel Brunet
Flandres17_imp_mg1680_ypres	louis_grand_dauphin	Monseigneur LE DAUPHIN
Flandres17_imp_mg1680_ypres	louisxiv	Roy
Flandres17_imp_mg1680_ypres	guillaume_de_luyne	G. DE LUYNE
Flandres17_imp_mg1680_ypres	claude_blageart	C. BLAGEART
Flandres17_imp_mg1680_ypres	louis_grand_dauphin	DAUPHIN
Flandres17_imp_mg1680_ypres	theodore_girard	T. Girard
Flandres17_imp_mg1680_ypres	louisxiv	ROY
Flandres17_imp_mg1680_ypres	louis_de_crevant	Mr le Maréchal de Humieres
Flandres17_imp_mg1680_ypres	philippe_auguste_le_hardy_la_trousse	Mr le Marquis de la Trousse
Flandres17_imp_mg1680_ypres	louisxiv	Roy
Flandres17_imp_mg1680_ypres	philippe_auguste_le_hardy_la_trousse	Mr le Marquis de la Trousse
Flandres17_imp_mg1680_ypres	louisxiv	Sa Majesté
Flandres17_imp_mg1680_ypres	louisxiv	auguste Monarque
Flandres17_imp_mg1680_ypres	louisxiv	Sa Majesté
Flandres17_imp_mg1680_ypres	louisxiv	Roy
Flandres17_imp_mg1680_ypres	louisxiv	Roy
Flandres17_imp_mg1680_ypres	louisxiv	Roy
Flandres17_imp_mg1680_ypres	louisxiv	Roy
Flandres17_imp_mg1680_ypres	louis_grand_dauphin	Monseigneur le Dauphin
Flandres17_imp_mg1680_ypres	marie_therese	Reyne
Flandres17_imp_mg1680_ypres	marie_anne_baviere	Madame la Dauphine
Flandres17_imp_mg1680_ypres	louisxiv	Roy
Flandres17_imp_mg1680_ypres	louis_grand_dauphin	Monseigneur le Dauphin
Flandres17_imp_mg1680_ypres	louisxiv	Sa Majesté
Flandres17_imp_mg1680_ypres	louisxiv	Roy
Flandres17_imp_mg1680_ypres	louisxiv	LOÜIS LE GRAND
Flandres17_imp_mg1680_ypres	philippe_auguste_le_hardy_la_trousse	Gouverneur
Flandres17_imp_mg1680_ypres	louisxiv	Roy
Flandres17_imp_mg1680_ypres	vauban	Mr de Vauban
Flandres17_imp_mg1680_ypres	louisxiv	Roy
Flandres17_imp_mg1680_ypres	philippe_auguste_le_hardy_la_trousse	Gouverneur
Flandres17_imp_mg1680_ypres	louisxiv	Sa Majesté
Flandres17_ms_Chavatte	pierre-ignace_chavatte	Pierre-Ignace Chavatte
Flandres17_ms_Chavatte	mathieu_manteau	mathieu manteau
Flandres17_ms_Chavatte	pierre-ignace_chavatte	Pierre Ignace Chavatte
Flandres17_ms_Chavatte	gilbert_de_choiseil_du_plessis-praslin	evesque
Flandres17_ms_Chavatte	gilbert_de_choiseil_du_plessis-praslin	evesque
Flandres17_ms_Chavatte	dideman	monsieur dideman
Flandres17_ms_Chavatte	dideman	l’aleandrie
Flandres17_ms_Chavatte	dideman	monsieur dideman
Flandres17_ms_Chavatte		andrè desprez
Flandres17_ms_Chavatte	louisxiv	roy
Flandres17_ms_Chavatte	marie_therese	reine
Flandres17_ms_Chavatte	louis_grand_dauphin	d’aulphin
Flandres17_ms_Chavatte	louisxiv	roy
Flandres17_ms_Chavatte	marie_therese	reine
Flandres17_ms_Chavatte	louis_grand_dauphin	d’aulphin
Flandres17_ms_Chavatte	marie_anne_baviere	d’aulphine
Flandres17_ms_Chavatte	marie_therese	reine
Flandres17_ms_Chavatte	louisxiv	roy
Flandres17_ms_Chavatte	louisxiv	roy
Flandres17_ms_Chavatte	marie_therese	reine
Flandres17_ms_Chavatte	louis_grand_dauphin	d’aulphin
Flandres17_ms_Chavatte	marie_anne_baviere	d’aulphine
Flandres17_ms_Chavatte	louis_de_crevant	mareschal d’humieres
Flandres17_ms_Chavatte	louisxiv	roy
Flandres17_ms_Chavatte	louisxiv	roy
Flandres17_ms_Chavatte	louisxiv	roy
Flandres17_ms_Chavatte	marie_therese	reine
Flandres17_ms_Chavatte	louis_grand_dauphin	d’aulphin
Flandres17_ms_Chavatte	louisxiv	roy
Flandres17_ms_Chavatte	louisxiv	roy
Flandres17_ms_Chavatte	louisxiv	roy
Flandres17_ms_Chavatte	louis_grand_dauphin	d’aulphin
Flandres17_ms_Chavatte	louisxiv	roy
Flandres17_ms_Chavatte	marie_therese	reine
merveilles17_img_ano13238_015	vigarani	Vigarani, Carlo (d'après)
merveilles17_img_ano13238_068	chauveau	Chauveau, François (d'après)
merveilles17_img_ano13239_081	lepautre	Lepautre, Jean
merveilles17_img_ano13239_081	isilvestre	Silvestre, Israël
merveilles17_img_ano13242a_052	vigarani	Vigarani, Carlo (d'après)
merveilles17_img_ano13242a_088	vigarani	Vigarani, Carlo (d'après)
merveilles17_img_ano13242a_089	lepautre	Lepautre, Jean
merveilles17_img_ano13242a_089	isilvestre	Silvestre, Israël (d'après)
merveilles17_img_ano13242b_001	lepautre	Lepautre, Jean
merveilles17_img_ano13242b_001	isilvestre	Silvestre, Israël (d'après)
merveilles17_img_ano13242b_001	louisxiv	
merveilles17_img_bnfoperaea2_034	chauveau	Chauveau, François
merveilles17_img_bnfoperaea2_035	chauveau	Chauveau, François
merveilles17_img_bradamante_001	louisxiv	Le ROY
merveilles17_img_dv1alceste	lepautre	Lepautre, Jean (1618-1682)
merveilles17_img_dv1alceste	lepautre	le Pautre
merveilles17_img_dv2concerts	chauveau	Chauveau François (1613-1676)
merveilles17_img_dv2concerts	chauveau	F. Chauveau
merveilles17_img_dv3comedie	lepautre	Lepautre, Jean (1618-1682)
merveilles17_img_dv3comedie	lepautre	le Pautre
merveilles17_img_dv4festin	lepautre	Lepautre, Jean (1618-1682)
merveilles17_img_dv4festin	lepautre	le Pautre
merveilles17_img_dv5feu	lepautre	Lepautre, Jean (1618-1682)
merveilles17_img_dv5feu	lepautre	le Pautre
merveilles17_img_dv6illuminations	lepautre	Lepautre, Jean (1618-1682)
merveilles17_img_dv6illuminations	lepautre	le Pautre
merveilles17_img_pie1comparse	lepautre	Lepautre, Jean (1618-1682)
merveilles17_img_pie1comparse	isilvestre	Silvestre, Israël (1621-1691).
merveilles17_img_pie1comparse	louisxiv	
merveilles17_img_pie1comparse	louisxiv	Roy
merveilles17_img_pie1comparse	isilvestre	Israel Siluestre
merveilles17_img_pie1course	lepautre	Lepautre, Jean
merveilles17_img_pie1course	isilvestre	Silvestre, Israël
merveilles17_img_pie1course	louisxiv	
merveilles17_img_pie1course	louisxiv	le Roy
merveilles17_img_pie1course	isilvestre	Israel Siluestre
merveilles17_img_pie1festin	lepautre	Lepautre, Jean
merveilles17_img_pie1festin	isilvestre	Silvestre, Israël
merveilles17_img_pie1festin	louisxiv	
merveilles17_img_pie1festin	anne_d_autriche	
merveilles17_img_pie1festin	marie_therese	
merveilles17_img_pie1festin	louisxiv	Roy
merveilles17_img_pie1festin	marie_therese	Reynes
merveilles17_img_pie1festin	anne_d_autriche	Reynes
merveilles17_img_pie1festin	isilvestre	Israel Siluestre
merveilles17_img_pie1marche	lepautre	Lepautre, Jean
merveilles17_img_pie1marche	isilvestre	Silvestre, Israël
merveilles17_img_pie1marche	louisxiv	
merveilles17_img_pie1marche	louisxiv	Roy
merveilles17_img_pie1marche	isilvestre	Israel Siluestre
merveilles17_img_pie1saisons	lepautre	Lepautre, Jean
merveilles17_img_pie1saisons	isilvestre	Silvestre, Israël
merveilles17_img_pie1saisons	louisxiv	Roy
merveilles17_img_pie1saisons	marie_therese	Reynes
merveilles17_img_pie1saisons	anne_d_autriche	Reynes
merveilles17_img_pie1saisons	isilvestre	Israel Siluestre
merveilles17_img_pie2comedie	lepautre	Lepautre, Jean
merveilles17_img_pie2comedie	isilvestre	Silvestre, Israël
merveilles17_img_pie2comedie	isilvestre	Israel Siluestre
merveilles17_img_pie3feu	lepautre	Lepautre, Jean
merveilles17_img_pie3feu	isilvestre	Silvestre, Israël
merveilles17_img_pie3feu	isilvestre	Israel Siluestre
merveilles17_img_pie3theatre	lepautre	Lepautre, Jean
merveilles17_img_pie3theatre	isilvestre	Silvestre, Israël
merveilles17_img_pie3theatre	isilvestre	Israel Siluestre
merveilles17_img_piefront	lepautre	Lepautre, Jean
merveilles17_img_piefront	isilvestre	Silvestre, Israël
merveilles17_img_piefront	louisxiv	Roy
merveilles17_img_piefront	isilvestre	Israel Siluestre
merveilles17_imp_GalantsMaures_1685	anonyme	ANONYME
merveilles17_imp_GalantsMaures_1685	louis_grand_dauphin	MONSEIGNEUR LE DAUPHIN
merveilles17_imp_GalantsMaures_1685	louis_grand_dauphin	Monseigneur le Dauphin
merveilles17_imp_GalantsMaures_1685	louis_grand_dauphin	MONSEIGNEUR LE DAUPHIN
merveilles17_imp_GalantsMaures_1685	louisxiv	Roy
merveilles17_imp_GalantsMaures_1685	louisxiv	Sa Majesté
merveilles17_imp_GalantsMaures_1685	louis_grand_dauphin	Monseigneur le Dauphin
merveilles17_imp_GalantsMaures_1685	louisxiv	Roy
merveilles17_imp_GalantsMaures_1685	louisxiv	le Roy
merveilles17_imp_GalantsMaures_1685	louisxiv	Sa Majesté
merveilles17_imp_GalantsMaures_1685	louisxiv	le Roy
merveilles17_imp_GalantsMaures_1685	louisxiv	Sa Majesté
merveilles17_imp_GalantsMaures_1685	louis_grand_dauphin	Monseigneur le Dauphin
merveilles17_imp_GalantsMaures_1685	saint_aignan	Monsieur le Duc de S. Aignan
merveilles17_imp_GalantsMaures_1685	louis_grand_dauphin	ce Prince
merveilles17_imp_GalantsMaures_1685	marie_anne_baviere	Madame la Dauphine
merveilles17_imp_GalantsMaures_1685	louis_grand_dauphin	Monseigneur le Dauphin
merveilles17_imp_GalantsMaures_1685	hyacinthe_dumont	Mr du Mont, Major des Quadrilles
merveilles17_imp_GalantsMaures_1685	louis_grand_dauphin	Monseigneur le Dauphin
merveilles17_imp_GalantsMaures_1685	saint_aignan	Monsieur le Duc de S. Aignan, Maréchal de Camp General.
merveilles17_imp_GalantsMaures_1685	saint_aignan	Monsieur le Duc de S. Aignan
merveilles17_imp_GalantsMaures_1685	louis_grand_dauphin	Monseigneur le Dauphin
merveilles17_imp_GalantsMaures_1685	saint_aignan	Monsieur le Duc de S. Aignan
merveilles17_imp_GalantsMaures_1685	claude_vertron	Mr de Vertron
merveilles17_imp_GalantsMaures_1685	henri_casaus	Monsieur de Casaux
merveilles17_imp_GalantsMaures_1685	louis_grand_dauphin	Monseigneur le Dauphin
merveilles17_imp_GalantsMaures_1685	louis_grand_dauphin	Monseigneur le Dauphin
merveilles17_imp_GalantsMaures_1685	léon_dugard	Monsieur du Gast
merveilles17_imp_GalantsMaures_1685	valentin_neuville	Monsieur de Neuville
merveilles17_imp_GalantsMaures_1685	louis_grand_dauphin	Monseigneur le Dauphin
merveilles17_imp_GalantsMaures_1685	louis_grand_dauphin	Monseigneur le Dauphin
merveilles17_imp_GalantsMaures_1685	gassion	Mr de Gassion
merveilles17_imp_GalantsMaures_1685	isaac_courtin	Mr de Saussoy
merveilles17_imp_GalantsMaures_1685	louis_grand_dauphin	Monseigneur le Dauphin
merveilles17_imp_GalantsMaures_1685	louis_grand_dauphin	Monseigneur le Dauphin
merveilles17_imp_GalantsMaures_1685	louis_grand_dauphin	Monseigneur le Dauphin
merveilles17_imp_GalantsMaures_1685	philippe_dangeau	Marquis de Dangeau
merveilles17_imp_GalantsMaures_1685	louis_grand_dauphin	Monseigneur le Dauphin
merveilles17_imp_GalantsMaures_1685	blanchefort_crequy	Monsieur le Marquis de Créquy
merveilles17_imp_GalantsMaures_1685	louis_nangis	Monsieur le Marquis de Nangis
merveilles17_imp_GalantsMaures_1685	henri_brionne	Monsieur le Comte de Brionne,
merveilles17_imp_GalantsMaures_1685	charles_trémoille	Monsieur le Duc de la Trimoüille
merveilles17_imp_GalantsMaures_1685	philippe_vendome	Monsieur le Grand Prieur
merveilles17_imp_GalantsMaures_1685	louis_mailly	Monsieur de Mailly
merveilles17_imp_GalantsMaures_1685	francois_rocheguyon	Monsieur de la Rocheguion
merveilles17_imp_GalantsMaures_1685	henri_elbeuf	Monsieur le Prince d’Elbeuf
merveilles17_imp_GalantsMaures_1685	louis_vendome	Monsieur le Duc de Vendosme
merveilles17_imp_GalantsMaures_1685	jean_louis_fiesque	Monsieur le Comte de Fiesque
merveilles17_imp_GalantsMaures_1685	anton_furstenberg	Monsieur le Prince de Furstemberg
merveilles17_imp_GalantsMaures_1685	camille_lorraine	Monsieur le Prince Camille
merveilles17_imp_GalantsMaures_1685	louis_chamarande	Monsieur de Chamarante,
merveilles17_imp_GalantsMaures_1685	louis_bellefonds	Monsieur le Marquis de Bellefond
merveilles17_imp_GalantsMaures_1685	louis_nesle	Monsieur le Marquis de Nelle
merveilles17_imp_GalantsMaures_1685	charles_koegnismark	Monsieur de Coniksmarc
merveilles17_imp_GalantsMaures_1685	louis_rohan	Monsieur le Prince de Rhoan
merveilles17_imp_GalantsMaures_1685	antoine_roquelaure	Monsieur le Duc de Roquelaure
merveilles17_imp_GalantsMaures_1685	charles_tingry	Monsieur le Prince de Tingry
merveilles17_imp_GalantsMaures_1685	louis_rochefort	Monsieur le Marquis de Rochefort
merveilles17_imp_GalantsMaures_1685	antoine_iv_de_gramont	Duc de Gramont
merveilles17_imp_GalantsMaures_1685	francois_hautefort	Monsieur le Marquis de Hautefort
merveilles17_imp_GalantsMaures_1685	la_chastre	Monsieur le Marquis de la Chastre
merveilles17_imp_GalantsMaures_1685	francois_broglio	Monsieur le Chevalier de Broglio
merveilles17_imp_GalantsMaures_1685	n_brassac	Monsieur le Comte de Brassac
merveilles17_imp_GalantsMaures_1685	louis_antin	Monsieur Dantin
merveilles17_imp_GalantsMaures_1685	esprit_trainel	Monsieur de Trenel
merveilles17_imp_GalantsMaures_1685	michel_villacerf	Monsieur de Villacerf
merveilles17_imp_GalantsMaures_1685	jacques_livry	Monsieur le Marquis de Livry
merveilles17_imp_GalantsMaures_1685	jacques_medavy	Monsieur de Médavy
merveilles17_imp_GalantsMaures_1685	pierre_listenois	Monsieur de Listenoy
merveilles17_imp_GalantsMaures_1685	antoine_colbert	Monsieur le Chevalier Colbert
merveilles17_imp_GalantsMaures_1685	charles_coatelles	Monsieur Cœdelet
merveilles17_imp_GalantsMaures_1685	georges_pleumartin	Monsieur le Marquis de Plumartin
merveilles17_imp_GalantsMaures_1685	joachim_bouzols	Monsieur de Bouzoles
merveilles17_imp_GalantsMaures_1685	gaston_mirepoix	Monsieur de Mirpoix
merveilles17_imp_GalantsMaures_1685	francois_roucy	Monsieur le Comte de Roucy
merveilles17_imp_GalantsMaures_1685	claude_thiange	Monsieur de Tiange
merveilles17_imp_GalantsMaures_1685	joseph_castries	Monsieur de Castres
merveilles17_imp_GalantsMaures_1685	rené_lafayette	Monsieur le Comte de la Fayette
merveilles17_imp_GalantsMaures_1685	carlo_frabose	Monsieur de Palavichin
merveilles17_imp_GalantsMaures_1685	louis_iii_bourbon	Monsieur le Duc de Bourbon
merveilles17_imp_GalantsMaures_1685	louis_iii_bourbon	Monsieur le Duc de Bourbon
merveilles17_imp_GalantsMaures_1685	louis_iii_bourbon	Monsieur le Duc de Bourbon
merveilles17_imp_GalantsMaures_1685	louis_iii_bourbon	Monsieur le Duc de Bourbon
merveilles17_imp_GalantsMaures_1685	emmanuel_usez	Monsieur le Duc d’Usez
merveilles17_imp_GalantsMaures_1685	louis_iii_bourbon	Monsieur le Duc de Bourbon
merveilles17_imp_GalantsMaures_1685	charles_blanzac	Monsieur de Blanzac
merveilles17_imp_GalantsMaures_1685	antoine_valentinois	Monsieur de Valentinois,
merveilles17_imp_GalantsMaures_1685	henri_fr_ferté	Monsieur le Duc de la Ferté
merveilles17_imp_GalantsMaures_1685	francois_alincourt	Monsieur le Marquis d’Alincourt
merveilles17_imp_GalantsMaures_1685	maximilien_henri_sully	Monsieur le Chevalier de Sully,
merveilles17_imp_GalantsMaures_1685	paul_frique	Monsieur de Sainte Frique
merveilles17_imp_GalantsMaures_1685	louis_artagnan	Monsieur d’Artagnan
merveilles17_imp_GalantsMaures_1685	louis_cominges_ii	Monsieur le Marquis de Verains
merveilles17_imp_GalantsMaures_1685	alphonse_henri_lorraine	Monsieur le Prince d’Harcourt
merveilles17_imp_GalantsMaures_1685	henri_liancourt	Monsieur de Liancourt
merveilles17_imp_GalantsMaures_1685	paul_kerouartz	Monsieur de Queroël,
merveilles17_imp_GalantsMaures_1685	jean_soyécourt	Monsieur le Marquis de Soyecourt
merveilles17_imp_GalantsMaures_1685	louis_gondrin	Monsieur le Marquis de Gondrin
merveilles17_imp_GalantsMaures_1685	louis_villequier	Monsieur de Villequier
merveilles17_imp_GalantsMaures_1685	louis_meilly	Monsieur de Meilly
merveilles17_imp_GalantsMaures_1685	gaston_hotel	Monsieur le Comte d’Hotel
merveilles17_imp_GalantsMaures_1685	jreinhard_iii_hanau	Monsieur le Comte d’Hanau
merveilles17_imp_GalantsMaures_1685	francesco_carpegna	Monsieur le Comte de Carpegna
merveilles17_imp_GalantsMaures_1685	jean_iii_calvisson	Monsieur de Nogaret
merveilles17_imp_GalantsMaures_1685	claude_villars	Monsieur le Marquis de Villars
merveilles17_imp_GalantsMaures_1685	jean_tilladet	Monsieur le Marquis de Tilladet
merveilles17_imp_GalantsMaures_1685	jean_tilladet	Monsieur de Tilladet
merveilles17_imp_GalantsMaures_1685	emmanuel_usez	Monsieur le Duc d’Usez
merveilles17_imp_GalantsMaures_1685	emmanuel_usez	Monsieur de d’Usez
merveilles17_imp_GalantsMaures_1685	artur_cossé	Monsieur de Cossé
merveilles17_imp_GalantsMaures_1685	louis_vieuxbourg	Monsieur de Vieuxbourg
merveilles17_imp_GalantsMaures_1685	henri_montchevreuil	Monsieur de Monchevreüil
merveilles17_imp_GalantsMaures_1685	max_furstenberg	Monsieur Ferdinand
merveilles17_imp_GalantsMaures_1685	bernard_bouligneux	Monsieur de Bouligneux
merveilles17_imp_GalantsMaures_1685	adolphe_soyecourt	Monsieur le Chevalier de Soyecourt
merveilles17_imp_GalantsMaures_1685	henri_vibraye	Monsieur de Vibray
merveilles17_imp_GalantsMaures_1685	louis_novion	Monsieur le Marquis de Novion
merveilles17_imp_GalantsMaures_1685	louis_astri	Monsieur le Duc d’Atris
merveilles17_imp_GalantsMaures_1685	scipion_polignac	Monsieur de Polignac
merveilles17_imp_GalantsMaures_1685	louis_vaubecourt	Monsieur de Vaubecourt
merveilles17_imp_GalantsMaures_1685	louis_surville	Monsieur de Surville
merveilles17_imp_GalantsMaures_1685	philippe_ii_mursay	Monsieur de Murcé
merveilles17_imp_GalantsMaures_1685	jean_caylus	Monsieur de Quelus
merveilles17_imp_GalantsMaures_1685	sebastien_iv_molac	Monsieur le Marquis de Molac
merveilles17_imp_GalantsMaures_1685	louis_froulay	Monsieur de Froulé
merveilles17_imp_GalantsMaures_1685	henri_mouy	Monsieur le Marquis de Moüy
merveilles17_imp_GalantsMaures_1685	jbaptiste_besmaux	Monsieur de Besemau
merveilles17_imp_GalantsMaures_1685	alexandre_bournonville	Monsieur de Bournonville
merveilles17_imp_GalantsMaures_1685	armand_charost	Monsieur le Marquis de Charost
merveilles17_imp_GalantsMaures_1685	louis_iii_bourbon	Monsieur le Duc de Bourbon
merveilles17_imp_GalantsMaures_1685		Monsieur de la Vergne
merveilles17_imp_GalantsMaures_1685	charles_noue	Monsieur de la Nouë
merveilles17_imp_GalantsMaures_1685	louis_iii_bourbon	Duc de Bourbon
merveilles17_imp_GalantsMaures_1685	louisxiv	Roy
merveilles17_imp_GalantsMaures_1685	hyacinthe_dumont	Monsieur du Mont
merveilles17_imp_GalantsMaures_1685	louis_grand_dauphin	Monseigneur le Dauphin
merveilles17_imp_GalantsMaures_1685	saint_aignan	Monsieur le Duc de Saint Aignan
merveilles17_imp_GalantsMaures_1685	saint_aignan	Le Maréchal de Camp Genéral
merveilles17_imp_GalantsMaures_1685	louisxiv	le Roy
merveilles17_imp_GalantsMaures_1685	louisxiv	du Roy
merveilles17_imp_GalantsMaures_1685	louis_grand_dauphin	Monseigneur le Dauphin
merveilles17_imp_GalantsMaures_1685	louis_iii_bourbon	Monsieur le Duc de Bourbon
merveilles17_imp_GalantsMaures_1685	saint_aignan	Monsieur le Duc de Saint Aignan
merveilles17_imp_GalantsMaures_1685	louisxiv	Roy
merveilles17_imp_GalantsMaures_1685	saint_aignan	Le Maréchal de Camp Genéral
merveilles17_imp_GalantsMaures_1685	saint_aignan	Maréchal de Camp Genéral
merveilles17_imp_GalantsMaures_1685	saint_aignan	Maréchal de Camp General
merveilles17_imp_GalantsMaures_1685	saint_aignan	Maréchal de Camp General
merveilles17_imp_GalantsMaures_1685	louisxiv	le Roy
merveilles17_imp_GalantsMaures_1685	philippe_dangeau	Monsieur le Marquis de Dangeau
merveilles17_imp_GalantsMaures_1685	antoine_iv_de_gramont	Monsieur le Duc de Gramont
merveilles17_imp_GalantsMaures_1685	emmanuel_usez	Monsieur le Duc d’Usez
merveilles17_imp_GalantsMaures_1685	jean_tilladet	Monsieur le Marquis de Tilladet
merveilles17_imp_GalantsMaures_1685	saint_aignan	DUC DE S. AIGNAN.
merveilles17_imp_GalantsMaures_1685	louis_grand_dauphin	Monseigneur le Dauphin.
merveilles17_imp_GalantsMaures_1685	louis_iii_bourbon	Monsieur le Duc de Bourbon.
merveilles17_imp_GalantsMaures_1685	louis_vendome	Monsieur le Duc de Vandôme.
merveilles17_imp_GalantsMaures_1685	henri_brionne	Monsieur le Comte de Brionne.
merveilles17_imp_GalantsMaures_1685	blanchefort_crequy	Monsieur de Crequy
merveilles17_imp_GalantsMaures_1685	francois_hautefort	Monsieur de Hautefort
merveilles17_imp_GalantsMaures_1685	charles_blanzac	Monsieur de Blanzac
merveilles17_imp_GalantsMaures_1685	artur_cossé	Monsieur de Cossé
merveilles17_imp_GalantsMaures_1685	anton_furstenberg	Monsieur de Furstemberg,
merveilles17_imp_GalantsMaures_1685	antoine_colbert	Monsieur le Chevalier Colbert
merveilles17_imp_GalantsMaures_1685	paul_kerouartz	Monsieur de Queroël
merveilles17_imp_GalantsMaures_1685	louis_vaubecourt	Monsieur de Vaubecourt
merveilles17_imp_GalantsMaures_1685	louis_nangis	Monsieur de Nangis
merveilles17_imp_GalantsMaures_1685	la_chastre	Monsieur de la Châtre
merveilles17_imp_GalantsMaures_1685	antoine_valentinois	Monsieur de Valantinois
merveilles17_imp_GalantsMaures_1685	louis_vieuxbourg	Monsieur de Vieux-Bourg
merveilles17_imp_GalantsMaures_1685	camille_lorraine	Monsieur le Prince Camille
merveilles17_imp_GalantsMaures_1685	charles_coatelles	Monsieur de Cœdelet
merveilles17_imp_GalantsMaures_1685	jean_soyécourt	Monsieur de Soyecourt
merveilles17_imp_GalantsMaures_1685	louis_surville	Monsieur de Surville
merveilles17_imp_GalantsMaures_1685	henri_brionne	Monsieur le Comte de Brionne
merveilles17_imp_GalantsMaures_1685	francois_broglio	Monsieur le Chevalier de Broille
merveilles17_imp_GalantsMaures_1685	henri_fr_ferté	Monsieur de la Ferté
merveilles17_imp_GalantsMaures_1685	henri_montchevreuil	Monsieur de Monchevreüil
merveilles17_imp_GalantsMaures_1685	louis_chamarande	Monsieur de Chamarante
merveilles17_imp_GalantsMaures_1685	georges_pleumartin	Monsieur de Plumartin
merveilles17_imp_GalantsMaures_1685	louis_gondrin	Monsieur de Gondrin
merveilles17_imp_GalantsMaures_1685	philippe_ii_mursay	Monsieur de Murcé
merveilles17_imp_GalantsMaures_1685	charles_trémoille	Monsieur de la Trimoüille
merveilles17_imp_GalantsMaures_1685	n_brassac	Monsieur de Brassac
merveilles17_imp_GalantsMaures_1685	francois_alincourt	Monsieur d’Alincourt
merveilles17_imp_GalantsMaures_1685	max_furstenberg	Monsieur Ferdinand
merveilles17_imp_GalantsMaures_1685	louis_bellefonds	Monsieur le Marquis de Bellefons
merveilles17_imp_GalantsMaures_1685	joachim_bouzols	Monsieur de Boussoles
merveilles17_imp_GalantsMaures_1685	louis_villequier	Monsieur de Villequier
merveilles17_imp_GalantsMaures_1685	jean_caylus	Monsieur de Quelu
merveilles17_imp_GalantsMaures_1685	philippe_vendome	Monsieur le grand Prieur
merveilles17_imp_GalantsMaures_1685	louis_antin	Monsieur Dantin
merveilles17_imp_GalantsMaures_1685		Monsieur le Chevalier de Sully
merveilles17_imp_GalantsMaures_1685	bernard_bouligneux	Monsieur de Bouligneux
merveilles17_imp_GalantsMaures_1685	louis_nesle	Monsieur le Marquis de Nesle
merveilles17_imp_GalantsMaures_1685	gaston_mirepoix	Monsieur de Mirepoix
merveilles17_imp_GalantsMaures_1685	louis_meilly	Monsieur de Meilly
merveilles17_imp_GalantsMaures_1685	sebastien_iv_molac	Monsieur de Molac
merveilles17_imp_GalantsMaures_1685	louis_mailly	Monsieur de Mailly
merveilles17_imp_GalantsMaures_1685	esprit_trainel	Monsieur de Trenel
merveilles17_imp_GalantsMaures_1685	paul_frique	Monsieur de Sainte Frique
merveilles17_imp_GalantsMaures_1685	adolphe_soyecourt	Monsieur le Chevalier de Soyecourt
merveilles17_imp_GalantsMaures_1685	charles_koegnismark	Monsieur de Conismarck
merveilles17_imp_GalantsMaures_1685	francois_roucy	Monsieur le Comte de Roussy
merveilles17_imp_GalantsMaures_1685	gaston_hotel	Monsieur le Comte d’Ostel
merveilles17_imp_GalantsMaures_1685	louis_froulay	Monsieur deur de Froulé
merveilles17_imp_GalantsMaures_1685	francois_rocheguyon	Monsieur de la Rocheguyon
merveilles17_imp_GalantsMaures_1685	michel_villacerf	Monsieur de Villacerf
merveilles17_imp_GalantsMaures_1685	louis_artagnan	Monsieur d’Artagnan
merveilles17_imp_GalantsMaures_1685	henri_vibraye	Monsieur de Vibraye
merveilles17_imp_GalantsMaures_1685	louis_rohan	Monsieur de Rohan
merveilles17_imp_GalantsMaures_1685	claude_thiange	Monsieur de Tiange
merveilles17_imp_GalantsMaures_1685	jreinhard_iii_hanau	Monsieur le Comte d’Hanau
merveilles17_imp_GalantsMaures_1685	henri_mouy	Monsieur de Moüy
merveilles17_imp_GalantsMaures_1685	henri_elbeuf	Monsieur le Prince d’Elbeuf
merveilles17_imp_GalantsMaures_1685	jacques_livry	Monsieur de Livry
merveilles17_imp_GalantsMaures_1685	louis_cominges_ii	Monsieur de Vervins
merveilles17_imp_GalantsMaures_1685	louis_novion	Monsieur de Novion
merveilles17_imp_GalantsMaures_1685	antoine_roquelaure	Monsieur de Roquelaure
merveilles17_imp_GalantsMaures_1685	joseph_castries	Monsieur de Castres
merveilles17_imp_GalantsMaures_1685	francesco_carpegna	Monsieur de Carpegne
merveilles17_imp_GalantsMaures_1685	jbaptiste_besmaux	Monsieur de Baisemau
merveilles17_imp_GalantsMaures_1685	louis_vendome	Monsieur de Vandôme
merveilles17_imp_GalantsMaures_1685	jacques_medavy	Monsieur de Medavy
merveilles17_imp_GalantsMaures_1685	alphonse_henri_lorraine	Monsieur le Prince d’Harcourt
merveilles17_imp_GalantsMaures_1685	louis_astri	Monsieur le Duc d’Atris
merveilles17_imp_GalantsMaures_1685	charles_tingry	Monsieur de Tingry
merveilles17_imp_GalantsMaures_1685	rené_lafayette	Monsieur de la Fayette
merveilles17_imp_GalantsMaures_1685	jean_iii_calvisson	Monsieur de Nogaret
merveilles17_imp_GalantsMaures_1685	alexandre_bournonville	Monsieur de Bournonville
merveilles17_imp_GalantsMaures_1685	jean_louis_fiesque	Monsieur le Comte de Fiesque
merveilles17_imp_GalantsMaures_1685	pierre_listenois	Monsieur de Listenay
merveilles17_imp_GalantsMaures_1685	henri_liancourt	Monsieur de Liancourt
merveilles17_imp_GalantsMaures_1685	scipion_polignac	Monsieur de Polignac
merveilles17_imp_GalantsMaures_1685	louis_rochefort	Monsieur le Marquis de Rochefort
merveilles17_imp_GalantsMaures_1685	carlo_frabose	Monsieur de Palavicin
merveilles17_imp_GalantsMaures_1685	claude_villars	Monsieur le Marquis de Villars
merveilles17_imp_GalantsMaures_1685	armand_charost	Monsieur d’Ancenis Charost
merveilles17_imp_GalantsMaures_1685	louis_grand_dauphin	Monseigneur le Dauphin
merveilles17_imp_GalantsMaures_1685	louis_iii_bourbon	Monsieur le Duc de Bourbon
merveilles17_imp_GalantsMaures_1685	louis_grand_dauphin	Monseigneur le Dauphin
merveilles17_imp_GalantsMaures_1685	louis_vendome	Monsieur le Duc de Vendosme
merveilles17_imp_GalantsMaures_1685	henri_brionne	Monsieur le Comte de Brionne
merveilles17_imp_GalantsMaures_1685	louis_iii_bourbon	Monsieur le Duc de Bourbon
merveilles17_imp_GalantsMaures_1685	louis_vendome	Monsieur de Vendosme
merveilles17_imp_GalantsMaures_1685	henri_brionne	Monsieur de Brionne
merveilles17_imp_GalantsMaures_1685	saint_aignan	Maréchal de Camp General
merveilles17_imp_GalantsMaures_1685	louis_grand_dauphin	Monseigneur le Dauphin
merveilles17_imp_GalantsMaures_1685	louisxiv	le Roy
merveilles17_imp_GalantsMaures_1685	jean_bérain	Mr Berrin
merveilles17_imp_GalantsMaures_1685	philippe_dangeau	Monsieur le Marquis de Dangeau
merveilles17_imp_GalantsMaures_1685	louis_grand_dauphin	Monseigneur le Dauphin
merveilles17_imp_GalantsMaures_1685	marie_anne_baviere	Madame la Dauphine
merveilles17_imp_GalantsMaures_1685	louis_iii_bourbon	MONSIEUR LE DUC DE BOURBON
merveilles17_imp_GalantsMaures_1685	louis_vendome	MONSIEUR LE DUC DE VANDOSME
merveilles17_imp_GalantsMaures_1685	philippe_vendome	LE GRAND PRIEUR.
merveilles17_imp_GalantsMaures_1685	camille_lorraine	MONSIEUR LE PRINCE CAMILLE
merveilles17_imp_GalantsMaures_1685	louis_nangis	MONSIEUR DE NANGIS
merveilles17_imp_GalantsMaures_1685	louis_mailly	MONSIEUR DE MAILLY.
merveilles17_imp_GalantsMaures_1685	jean_louis_fiesque	MONSIEUR LE COMTE DE FIESQUE.
merveilles17_imp_GalantsMaures_1685	blanchefort_crequy	MONSIEUR LE MARQUIS DE CREQUY.
merveilles17_imp_GalantsMaures_1685	jacques_livry	MONSIEUR DE LIVRY
merveilles17_imp_GalantsMaures_1685	armand_charost	MONSIEUR D’ANSENIS CHAROST.
merveilles17_imp_GalantsMaures_1685	gaston_hotel	MONSIEUR LE COMTE D’HOSTEL.
merveilles17_imp_GalantsMaures_1685	jean_iii_calvisson	MONSIEUR COMTE DE NOGARET.
merveilles17_imp_GalantsMaures_1685	artur_cossé	MONSIEUR DE COSSÉ.
merveilles17_imp_GalantsMaures_1685	bernard_bouligneux	MONSIEUR DE BOULIGNEUX.
merveilles17_imp_GalantsMaures_1685	charles_koegnismark	MONSIEUR DE CONISMARK.
merveilles17_imp_GalantsMaures_1685	georges_pleumartin	MONSIEUR DE PLUMARTIN.
merveilles17_imp_GalantsMaures_1685	maximilien_henri_sully	LE CHEVALIER DE SULLY
merveilles17_imp_GalantsMaures_1685	louis_vaubecourt	LE COMTE DE VAUBECOUR.
merveilles17_imp_GalantsMaures_1685	jean_soyécourt	LE MARQUIS DE SOYECOURT.
merveilles17_imp_GalantsMaures_1685	jacques_medavy	MONSIEUR DE MEDAVID.
merveilles17_imp_GalantsMaures_1685	antoine_roquelaure	LE DUC DE ROQUELAURE.
merveilles17_imp_GalantsMaures_1685	esprit_trainel	MONSIEUR DE TRENEL.
merveilles17_imp_GalantsMaures_1685	joachim_bouzols	MONSIEUR DE BOUZOLE.
merveilles17_imp_GalantsMaures_1685	jreinhard_iii_hanau	MONSEUR LE COMTE DE HANAV.
merveilles17_imp_GalantsMaures_1685	henri_liancourt	MONSIEUR DE LIANCOURT.
merveilles17_imp_GalantsMaures_1685	louis_surville	LE MARQUIS DE SURVILLE.
merveilles17_imp_GalantsMaures_1685	paul_frique	MONSIEUR DE SAINTE FRIQUE.
merveilles17_imp_GalantsMaures_1685	claude_villars	LE MARQUIS DE VILLARS.
merveilles17_imp_GalantsMaures_1685	joseph_castries	MONSIEUR DE CASTRES.
merveilles17_imp_GalantsMaures_1685	charles_tingry	MONSIEUR LE PRINCE DE TINGRY.
merveilles17_imp_GalantsMaures_1685		Roy
merveilles17_imp_GalantsMaures_1685	antoine_valentinois	MONSIEUR DE VALENTINOIS.
merveilles17_imp_GalantsMaures_1685	emmanuel_usez	MONSIEUR LE DUC D’USEZ.
merveilles17_imp_GalantsMaures_1685	alphonse_henri_lorraine	LE PRINCE D’HARCOURT.
merveilles17_imp_GalantsMaures_1685	rené_lafayette	LE COMTE DE LA FAYETTE.
merveilles17_imp_GalantsMaures_1685	louis_novion	LE MARQUIS DE NOVION.
merveilles17_imp_GalantsMaures_1685	alexandre_bournonville	LE DUC DE BOURNONVILLE.
merveilles17_imp_GalantsMaures_1685	louis_rochefort	LE MARQUIS DE ROCHEFORT.
merveilles17_imp_GalantsMaures_1685	la_chastre	LE MARQUIS DE LA CHASTRE.
merveilles17_imp_GalantsMaures_1685	louis_chamarande	MONSIEUR DE CHAMARANTE.
merveilles17_imp_GalantsMaures_1685	philippe_ii_mursay	MONSIEUR DE MURCÉ.
merveilles17_imp_GalantsMaures_1685	francesco_carpegna	LE COMTE DE CARPEIGNE.
merveilles17_imp_GalantsMaures_1685	henri_mouy	MONSIEUR DE MOUY.
merveilles17_imp_GalantsMaures_1685	charles_trémoille	MONSIEUR DE LA TRIMOUILLE.
merveilles17_imp_GalantsMaures_1685	antoine_iv_de_gramont	MONSIEUR LE DUC DE GRAMMONT.
merveilles17_imp_GalantsMaures_1685	michel_villacerf	MONSIEUR DE VILLACERF.
merveilles17_imp_GalantsMaures_1685	louis_nesle	MONSIEUR LE MARQUIS DE NESLE.
merveilles17_imp_GalantsMaures_1685	louis_froulay	MONSIEUR DE FROULE.
merveilles17_imp_GalantsMaures_1685	scipion_polignac	MONSIEUR DE POLIGNAC.
merveilles17_imp_GalantsMaures_1685	louis_antin	MONSIEUR DANTIN.
merveilles17_imp_GalantsMaures_1685	henri_elbeuf	MONSIEUR LE PRINCE D’ELBEUF.
merveilles17_imp_GalantsMaures_1685	claude_thiange	MONSIEUR LE MARQUIS DE THIANGE.
merveilles17_imp_GalantsMaures_1685	gaston_mirepoix	MONSIEUR DE MIREPOIX.
merveilles17_imp_GalantsMaures_1685	louis_astri	MONSIEUR LE DUC D’ATRIS.
merveilles17_imp_GalantsMaures_1685	henri_brionne	MONSIEUR LE COMTE DE BRIONNE.
merveilles17_imp_GalantsMaures_1685	francois_rocheguyon	MONSIEUR DE LA ROCHEGUION.
merveilles17_imp_GalantsMaures_1685	francois_hautefort	LE COMTE DE HAUTEFORT.
merveilles17_imp_GalantsMaures_1685	henri_fr_ferté	MONSIEUR LE DUC DE LA FERTÉ
merveilles17_imp_GalantsMaures_1685	saint_aignan	Monsieur le Duc de Saint Aignan
merveilles17_imp_GalantsMaures_1685	claude_vertron	Monsieur Vertron
merveilles17_imp_GalantsMaures_1685	alphonse_henri_lorraine	Monsieur le Prince d’Harcourt
merveilles17_imp_GalantsMaures_1685	louis_mailly	Monsieur de Mailly
merveilles17_imp_GalantsMaures_1685	joachim_bouzols	Monsieur de Bouzole
merveilles17_imp_GalantsMaures_1685	alphonse_henri_lorraine	Monsieur le Prince d’Harcourt.
merveilles17_imp_GalantsMaures_1685	louis_rohan	Monsieur de Rohan.
merveilles17_imp_GalantsMaures_1685	pierre_listenois	Monsieur de Listenay.
merveilles17_imp_GalantsMaures_1685	francois_alincourt	Monsieur le Marquis d’Alincourt.
merveilles17_imp_GalantsMaures_1685	louis_artagnan	Monsieur d’Artagnan.
merveilles17_imp_GalantsMaures_1685	paul_kerouartz	Monsieur de Querouel
merveilles17_imp_GalantsMaures_1685	louis_cominges_ii	Monsieur de Vervins.
merveilles17_imp_GalantsMaures_1685	francois_roucy	Monsieur de Roussy.
merveilles17_imp_GalantsMaures_1685	carlo_frabose	Monsieur de Palavicin.
merveilles17_imp_GalantsMaures_1685	n_brassac	Monsieur de Brassac.
merveilles17_imp_GalantsMaures_1685	charles_coatelles	Monsieur Coedelete.
merveilles17_imp_GalantsMaures_1685	louis_mailly	Monsieur de Mailly.
merveilles17_imp_GalantsMaures_1685	sebastien_iv_molac	Monsieur de Molac.
merveilles17_imp_GalantsMaures_1685	louis_villequier	Monsieur de Villequier.
merveilles17_imp_GalantsMaures_1685	charles_blanzac	Monsieur de Blansac.
merveilles17_imp_GalantsMaures_1685	henri_montchevreuil	Monsieur de Monchevreüil.
merveilles17_imp_GalantsMaures_1685	adolphe_soyecourt	Monsieur le Chevalier de Soyecourt.
merveilles17_imp_GalantsMaures_1685	joachim_bouzols	Monsieur de Bouzole.
merveilles17_imp_GalantsMaures_1685	louis_vieuxbourg	Monsieur de Vieux-Bourg.
merveilles17_imp_GalantsMaures_1685	henri_vibraye	Monsieur de Vibraye.
merveilles17_imp_GalantsMaures_1685	antoine_colbert	Monsieur le Bailly Colbert.
merveilles17_imp_GalantsMaures_1685	louis_bellefonds	Monsieur de Bellefonds.
merveilles17_imp_GalantsMaures_1685	jean_caylus	Monsieur de Quelus.
merveilles17_imp_GalantsMaures_1685	jean_tilladet	Monsieur de Tilladet.
merveilles17_imp_GalantsMaures_1685	louis_gondrin	Monsieur de Gondrin.
merveilles17_imp_GalantsMaures_1685	francois_hautefort	Monsieur le Comte d’Hautefort.
merveilles17_imp_GalantsMaures_1685	louis_grand_dauphin	Monseigneur le Dauphin
merveilles17_imp_GalantsMaures_1685	saint_aignan	Monsieur le Duc de S. Aignan
merveilles17_imp_GalantsMaures_1685	jean_louis_fiesque	Monsieur le Comte de Fiesque
merveilles17_imp_GalantsMaures_1685	louisxiv	Sa Majesté
merveilles17_imp_GalantsMaures_1685		Monsieur le Duc de S. Aignan
merveilles17_imp_GalantsMaures_1685	louis_grand_dauphin	Monseigneur le Dauphin
merveilles17_imp_GalantsMaures_1685		ce Duc
merveilles17_imp_GalantsMaures_1685		DU ROY
merveilles17_imp_amoursdballard1664	benserade	Isaac de Benserade (1613-1691)
merveilles17_imp_amoursdballard1664	perigny	Octave Périgny (1625-1670)
merveilles17_imp_amoursdballard1664	lully	Jean-Baptiste Lully (1632-1687)
merveilles17_imp_amoursdballard1664	louisxiv	ROY
merveilles17_imp_amoursdballard1664	louisxiv	sa Majesté
merveilles17_imp_amoursdballard1664	ballard	ROBERT BALLARD
merveilles17_imp_amoursdballard1664	louisxiv	Roy
merveilles17_imp_amoursdballard1664	louisxiv	Roy
merveilles17_imp_amoursdballard1664	floridor	Sieur Floridor
merveilles17_imp_amoursdballard1664	mlle_des_oeillets	Madlle. des Oeillets
merveilles17_imp_amoursdballard1664	mlle_d_ennebault	Madlle. de Montfleury
merveilles17_imp_amoursdballard1664	descouteaux	Descousteaux
merveilles17_imp_amoursdballard1664	alais	Alais
merveilles17_imp_amoursdballard1664	charlot	Charlot
merveilles17_imp_amoursdballard1664	la_pierre	la Pierre
merveilles17_imp_amoursdballard1664	le_peintre	le Peintre
merveilles17_imp_amoursdballard1664	huguenet	Huguenet
merveilles17_imp_amoursdballard1664	le_roux_aine	le Roux l’aisné
merveilles17_imp_amoursdballard1664	besson	Besson
merveilles17_imp_amoursdballard1664	martin_hottere	Martin Opterre
merveilles17_imp_amoursdballard1664	roulle	Roullé
merveilles17_imp_amoursdballard1664	la_riviere	la Riuiere
merveilles17_imp_amoursdballard1664	heuge	Heugé
merveilles17_imp_amoursdballard1664	jean_hottere	Iean Opterre
merveilles17_imp_amoursdballard1664	magny	Magny
merveilles17_imp_amoursdballard1664	piesche	Piesche
merveilles17_imp_amoursdballard1664	marchand	Marchand
merveilles17_imp_amoursdballard1664	la_caisse	Laquaisse
merveilles17_imp_amoursdballard1664	guerin	Guerin
merveilles17_imp_amoursdballard1664	destouches	Destouches
merveilles17_imp_amoursdballard1664	nicolas_hottere	Nicolas Opterre
merveilles17_imp_amoursdballard1664	la_fontaine	la Fontaine
merveilles17_imp_amoursdballard1664	brouard	Brouard
merveilles17_imp_amoursdballard1664	cabou	Cabou
merveilles17_imp_amoursdballard1664	moliere	Molliere
merveilles17_imp_amoursdballard1664	laleu	Laleu
merveilles17_imp_amoursdballard1664	dolivet	Doliuet
merveilles17_imp_amoursdballard1664	le_chantre	le Chantre
merveilles17_imp_amoursdballard1664	desbrosses	Des-brosses
merveilles17_imp_amoursdballard1664	desonnets	Desonets
merveilles17_imp_amoursdballard1664	de_gan	de Gan
merveilles17_imp_amoursdballard1664	saint_aignan	Le Duc de Saint-Aignan
merveilles17_imp_amoursdballard1664	mlle_de_verpre	Mademoiselle de Verpré
merveilles17_imp_amoursdballard1664	verpre	Verpré
merveilles17_imp_amoursdballard1664	bruneau	Bruneau
merveilles17_imp_amoursdballard1664	raynal	Raynal
merveilles17_imp_amoursdballard1664	des_airs_l_aine	Des-Airs
merveilles17_imp_amoursdballard1664	souville	Souuille
merveilles17_imp_amoursdballard1664	de_lorges	Lorges
merveilles17_imp_amoursdballard1664	balthazar	Balthasar
merveilles17_imp_amoursdballard1664	des_airs_le_second	Des-Airs le jeune
merveilles17_imp_amoursdballard1664	saint_aignan	Duc de Saint Aignan
merveilles17_imp_amoursdballard1664	louisxiv	LOVYS quatorziesme
merveilles17_imp_amoursdballard1664	simon_blondel	Monsieur Blondel
merveilles17_imp_amoursdballard1664	hilaire_dupuis	Mademoiselle Hylaire
merveilles17_imp_amoursdballard1664	la_caisse	Laquaisse
merveilles17_imp_amoursdballard1664	marchand	Marchand
merveilles17_imp_amoursdballard1664	la_fontaine	la Fontaine
merveilles17_imp_amoursdballard1664	saint_andre	S. André
merveilles17_imp_amoursdballard1664	le_chantre	Le Chantre
merveilles17_imp_amoursdballard1664	desbrosses	Des-brosses
merveilles17_imp_amoursdballard1664	magny	Magny
merveilles17_imp_amoursdballard1664	le_grais	le Grais
merveilles17_imp_amoursdballard1664	le_roux_cadet	Le Roux le Cadet
merveilles17_imp_amoursdballard1664	le_peintre	le Peintre
merveilles17_imp_amoursdballard1664	besson	Besson
merveilles17_imp_amoursdballard1664	magny	Magny
merveilles17_imp_amoursdballard1664	charlot	Charlot
merveilles17_imp_amoursdballard1664	alais	Allais
merveilles17_imp_amoursdballard1664	heuge	Heugé
merveilles17_imp_amoursdballard1664	marie_therese	LA REYNE
merveilles17_imp_amoursdballard1664	olympe_mancini_soissons	Madame la Comtesse
merveilles17_imp_amoursdballard1664	mlle_de_nemours	Mademoiselle de Nemours
merveilles17_imp_amoursdballard1664	mme_de_sully	la Duchesse de Sully
merveilles17_imp_amoursdballard1664	lansac_crequi	la Duchesse de Crequy
merveilles17_imp_amoursdballard1664	anne_rohan_montbazon	la Duchesse de Luynes
merveilles17_imp_amoursdballard1664	madeleine_charlotte_albert_ailly	Madame de Foix
merveilles17_imp_amoursdballard1664	julie_montausier	Mademoiselle de Montausier
merveilles17_imp_amoursdballard1664	louise_marie_la_grange_arquien	Mademoiselle d’Arquien
merveilles17_imp_amoursdballard1664	marie_therese	REYNE
merveilles17_imp_amoursdballard1664	olympe_mancini_soissons	Comtesse de Soissons
merveilles17_imp_amoursdballard1664	mlle_de_nemours	Mademoiselle de Nemours
merveilles17_imp_amoursdballard1664	mme_de_sully	Duchesse de Sully
merveilles17_imp_amoursdballard1664	lansac_crequi	Duchesse de Crequy
merveilles17_imp_amoursdballard1664	anne_rohan_montbazon	Duchesse de Luynes
merveilles17_imp_amoursdballard1664	madeleine_charlotte_albert_ailly	Madame de Foix
merveilles17_imp_amoursdballard1664	julie_montausier	Mademoiselle de Montausier
merveilles17_imp_amoursdballard1664	louise_marie_la_grange_arquien	Mademoiselle d’Arquien
merveilles17_imp_amoursdballard1664	hj_bourbon_conde	Monsieur le Duc
merveilles17_imp_amoursdballard1664	maximilien_iv_pierre_sully	le Duc de Sully
merveilles17_imp_amoursdballard1664	louis_marie_aumont_rochebaron	Villequier
merveilles17_imp_amoursdballard1664	nicolas_neufville_villeroy	Villeroy
merveilles17_imp_amoursdballard1664	du_pille_aine	du Pille
merveilles17_imp_amoursdballard1664	la_lanne	de la Lanne
merveilles17_imp_amoursdballard1664	hj_bourbon_conde	Monsieur le Duc
merveilles17_imp_amoursdballard1664	maximilien_iv_pierre_sully	Duc de Sully
merveilles17_imp_amoursdballard1664	louis_marie_aumont_rochebaron	Marquis de Villequier
merveilles17_imp_amoursdballard1664	nicolas_neufville_villeroy	Marquis de Villeroy
merveilles17_imp_amoursdballard1664	henri_de_lorraine	Le Comte d’Armagnac
merveilles17_imp_amoursdballard1664	henri_de_daillon	Le Comte du Lude
merveilles17_imp_amoursdballard1664	florimond_ier_brulart	le Marquis de Genlis
merveilles17_imp_amoursdballard1664	mollier	Mollier
merveilles17_imp_amoursdballard1664	d_heureux	d’Heureux
merveilles17_imp_amoursdballard1664	beauchamp	Beauchamp
merveilles17_imp_amoursdballard1664	de_lorges	le Sieur de Lorge
merveilles17_imp_amoursdballard1664	henri_de_lorraine	le Comte d’Armagnac
merveilles17_imp_amoursdballard1664	henri_de_daillon	le Comte du Lude
merveilles17_imp_amoursdballard1664	cm_de_belleforiere	le Marquis de Saucour
merveilles17_imp_amoursdballard1664	florimond_ier_brulart	le Marquis de Genlis
merveilles17_imp_amoursdballard1664	piesche	Piesche
merveilles17_imp_amoursdballard1664	descouteaux	Descousteaux
merveilles17_imp_amoursdballard1664	jean_hottere	les trois Hotterres
merveilles17_imp_amoursdballard1664	martin_hottere	les trois Hotterres
merveilles17_imp_amoursdballard1664	nicolas_hottere	les trois Hotterres
merveilles17_imp_amoursdballard1664	destouches	Destouches
merveilles17_imp_amoursdballard1664	besson	Besson
merveilles17_imp_amoursdballard1664	le_peintre	le Peintre
merveilles17_imp_amoursdballard1664	le_roux_aine	le Roux l’aisné
merveilles17_imp_amoursdballard1664	charlot	Charlot
merveilles17_imp_amoursdballard1664	heuge	Heugé
merveilles17_imp_amoursdballard1664	la_riviere	la Riuiere
merveilles17_imp_amoursdballard1664	roulle	Roullé
merveilles17_imp_amoursdballard1664	huguenet	Huguenet
merveilles17_imp_amoursdballard1664	le_grais	le Grais
merveilles17_imp_amoursdballard1664	marchand	Marchand
merveilles17_imp_amoursdballard1664	la_caisse	Laquaisse
merveilles17_imp_amoursdballard1664	la_fontaine	la Fontaine
merveilles17_imp_amoursdballard1664	louisxiv	LE ROY
merveilles17_imp_amoursdballard1664	rassan	Le Marquis de Rassan
merveilles17_imp_amoursdballard1664	raynal	le Sieur Raynal
merveilles17_imp_amoursdballard1664	louisxiv	LE ROY
merveilles17_imp_amoursdballard1664	saint_aignan	Duc de Saint Aignan
merveilles17_imp_amoursdballard1664	beauchamp	M. Beauchamp
merveilles17_imp_amoursdballard1664	saint_aignan	le Duc de Saint Aignan
merveilles17_imp_amoursdballard1664	marie_francoise_d_aumale	Mademoiselle d’Aumalle
merveilles17_imp_amoursdballard1664	mme_de_villequier	Madame de Villequier
merveilles17_imp_amoursdballard1664	marie_brancas	Brancas
merveilles17_imp_amoursdballard1664	louise_rouxel_grancey	Grancé
merveilles17_imp_amoursdballard1664	marie_charlotte_gramont	Castelnau
merveilles17_imp_amoursdballard1664	anne_de_la_mothe_houdancourt	la Mothe,
merveilles17_imp_amoursdballard1664	mlle_d_ardennes	Dardennes
merveilles17_imp_amoursdballard1664	mlle_de_cologon	Cologeon
merveilles17_imp_amoursdballard1664	mlle_de_pons	Pons
merveilles17_imp_amoursdballard1664	marie_francoise_d_aumale	Mademoiselle d’Aumalle
merveilles17_imp_amoursdballard1664	mme_de_villequier	Madame de Villequier
merveilles17_imp_amoursdballard1664	marie_brancas	Mademoiselle de Brancas
merveilles17_imp_amoursdballard1664	louise_rouxel_grancey	Mademoiselle de Grancé
merveilles17_imp_amoursdballard1664	marie_charlotte_gramont	Mademoiselle de Castelnau
merveilles17_imp_amoursdballard1664	anne_de_la_mothe_houdancourt	Mademoiselle de la Mothe
merveilles17_imp_amoursdballard1664	mlle_d_ardennes	Mademoiselle Dardennes
merveilles17_imp_amoursdballard1664	mlle_de_cologon	Mademoiselle de Cologeon
merveilles17_imp_amoursdballard1664	mlle_de_pons	Mademoiselle de Pons
merveilles17_imp_amoursdballard1664	anna_bergerotti	Seignora Anna
merveilles17_imp_amoursdballard1664	comte_gonore	Le Comte de Gonore
merveilles17_imp_amoursdballard1664	petit_beaumont	le petit Beaumont
merveilles17_imp_amoursdballard1664	paul	Le petit Paul
merveilles17_imp_amoursdballard1664	des_airs_fils1	le petit des-Airs
merveilles17_imp_amoursdballard1664	favier	le petit Fauier
merveilles17_imp_amoursdballard1664	de_lorges	de Lorge
merveilles17_imp_amoursdballard1664	mlles_chateau_assier	Chasteau d’Assier
merveilles17_imp_amoursdballard1664	mlle_montlaur	Montlaur
merveilles17_imp_amoursdballard1664	mlle_cambray	Cambray
merveilles17_imp_amoursdballard1664	mlle_de_la_vallee	de la Vallée
merveilles17_imp_amoursdballard1664	mlle_de_ribera	de Ribera
merveilles17_imp_amoursdballard1664	cm_de_belleforiere	Le Marquis de Saucourt
merveilles17_imp_amoursdballard1664	bontemps	Monsieur Bontemps
merveilles17_imp_amoursdballard1664	manceau	Manseau
merveilles17_imp_amoursdballard1664	mercier	Mercier
merveilles17_imp_amoursdballard1664	du_pron	du Pron
merveilles17_imp_amoursdballard1664	noblet	Noblet
merveilles17_imp_amoursdballard1664	cm_de_belleforiere	Le Marquis de Saucourt
merveilles17_imp_amoursdballard1664	philippe_orleans	MONSIEVR
merveilles17_imp_amoursdballard1664	nicolas_neufville_villeroy	Marquis de Villeroy
merveilles17_imp_amoursdballard1664	rassan	de Rassan
merveilles17_imp_amoursdballard1664	la_lanne	de la Lanne
merveilles17_imp_amoursdballard1664	du_pille_aine	du Pille
merveilles17_imp_amoursdballard1664	marie_lorraine_elbeuf	Mademoiselle Delbeuf
merveilles17_imp_amoursdballard1664	madame_montespan	Madame de Montespan
merveilles17_imp_amoursdballard1664	mme_de_vibray	Madame de Vibray
merveilles17_imp_amoursdballard1664	francoise_de_sevigne_grignan	Mademoiselle de Seuigny
merveilles17_imp_amoursdballard1664	philippe_orleans	MONSIEVR
merveilles17_imp_amoursdballard1664	nicolas_neufville_villeroy	le Marquis de Villeroy
merveilles17_imp_amoursdballard1664	rassan	le Marquis de Rassan
merveilles17_imp_amoursdballard1664	marie_lorraine_elbeuf	Mademoiselle Delbeuf
merveilles17_imp_amoursdballard1664	madame_montespan	Madame de Montespan
merveilles17_imp_amoursdballard1664	mme_de_vibray	Madame de Vibray
merveilles17_imp_amoursdballard1664	francoise_de_sevigne_grignan	Mademoiselle de Seuigny
merveilles17_imp_amoursdballard1664	henri_ii_de_guise	Le Duc de Guise
merveilles17_imp_amoursdballard1664	d_heureux	d’Heureux
merveilles17_imp_amoursdballard1664	beauchamp	Beauchamp
merveilles17_imp_amoursdballard1664	chicanneau	Chicanneau
merveilles17_imp_amoursdballard1664	de_lorges	Lorge
merveilles17_imp_amoursdballard1664	de_gan	Gan
merveilles17_imp_amoursdballard1664	des_airs_le_second	Des-Airs le cadet
merveilles17_imp_amoursdballard1664	souville	Monsieur de Souuille
merveilles17_imp_amoursdballard1664	raynal	Messieurs Raynal
merveilles17_imp_amoursdballard1664	la_marre	de la Marre
merveilles17_imp_amoursdballard1664	paysan	Paysan
merveilles17_imp_amoursdballard1664	le_chantre	le Chantre
merveilles17_imp_amoursdballard1664	des_airs_fils1	Des-Airs. 3me
merveilles17_imp_amoursdballard1664	du_feu	du Feu
merveilles17_imp_amoursdballard1664	henri_ii_de_guise	le Duc de Guise
merveilles17_imp_amoursdballard1664	cercamanan	Mademoiselle de Cercamanan
merveilles17_imp_amoursdballard1664	lully	Monsieur Lully
merveilles17_imp_amoursdballard1664	paysan	Paysan
merveilles17_imp_amoursdballard1664	balthazar	Balthasar
merveilles17_imp_amoursdballard1664	brouard	Brouard
merveilles17_imp_amoursdballard1664	noblet	Noblet
merveilles17_imp_amoursdballard1664	la_pierre	la Pierre
merveilles17_imp_amoursdballard1664	saint_andre	S. André
merveilles17_imp_amoursdballard1664	desbrosses	Des-brosses
merveilles17_imp_amoursdballard1664	lully	Monsieur de Lully
merveilles17_imp_artsballard1663	benserade	Isaac de Benserade (1613-1691)
merveilles17_imp_artsballard1663		Sa Majesté
merveilles17_imp_artsballard1663		Robert Ballard
merveilles17_imp_artsballard1663		Roy
merveilles17_imp_artsballard1663		Sa Majesté
merveilles17_imp_artsballard1663		Mademoiselle Hylaire
merveilles17_imp_artsballard1663		Mademoiselle
merveilles17_imp_artsballard1663		de Saint Christophe
merveilles17_imp_artsballard1663		LE ROY
merveilles17_imp_artsballard1663		Le Marquis de Rassan
merveilles17_imp_artsballard1663		Sieurs Raynal
merveilles17_imp_artsballard1663		Noblet
merveilles17_imp_artsballard1663		la Pierre
merveilles17_imp_artsballard1663		MADAME
merveilles17_imp_artsballard1663		Mademoiselle de Mortemart
merveilles17_imp_artsballard1663		Mademoiselle de
merveilles17_imp_artsballard1663		Saint Simon
merveilles17_imp_artsballard1663		Mademoiselle de la valliere
merveilles17_imp_artsballard1663		Mademoiselle de Seuigny
merveilles17_imp_artsballard1663		LE ROY
merveilles17_imp_artsballard1663		MADAME
merveilles17_imp_artsballard1663		Mademoiselle de Mortemart
merveilles17_imp_artsballard1663		Mademoiselle de Saint Simon
merveilles17_imp_artsballard1663		Mademoiselle de la Valliere
merveilles17_imp_artsballard1663		Mademoiselle de Seuigny
merveilles17_imp_artsballard1663		Marquis de Rassan
merveilles17_imp_artsballard1663		Mademoiselle de Cercamanan
merveilles17_imp_artsballard1663		Comte de S. Aignan
merveilles17_imp_artsballard1663		Messieurs d’Heureux
merveilles17_imp_artsballard1663		Beauchamp
merveilles17_imp_artsballard1663		Saint André
merveilles17_imp_artsballard1663		Desbrosse
merveilles17_imp_artsballard1663		Comte de S. Aignan
merveilles17_imp_artsballard1663		Mademoiselle Hylaire
merveilles17_imp_artsballard1663		Comte d’Armagnac
merveilles17_imp_artsballard1663		Marquis de Genlis
merveilles17_imp_artsballard1663		Monsieur Coquet
merveilles17_imp_artsballard1663		Monsieur l’Anglois
merveilles17_imp_artsballard1663		Comte d’Armagnac
merveilles17_imp_artsballard1663		Comte de Sery
merveilles17_imp_artsballard1663		Messieurs de Beaumont
merveilles17_imp_artsballard1663		’Estival
merveilles17_imp_artsballard1663		Sieurs de Lorges
merveilles17_imp_artsballard1663		le Chantre
merveilles17_imp_artsballard1663		le Comte
merveilles17_imp_artsballard1663		Desbrosses
merveilles17_imp_artsballard1663		Monsieur Molier
merveilles17_imp_artsballard1663		Sieurs des Airs le cadet
merveilles17_imp_artsballard1663		Païsan
merveilles17_imp_artsballard1663		Desonets
merveilles17_imp_artsballard1663		Mademoiselle de la Barre
merveilles17_imp_artsballard1663		Monsieur le Duc
merveilles17_imp_artsballard1663		Duc de Beaufort
merveilles17_imp_artsballard1663		Marquis de Villeroy
merveilles17_imp_artsballard1663		de Mirepoix
merveilles17_imp_artsballard1663		Monsieur Bontemps
merveilles17_imp_artsballard1663		Monsieur
merveilles17_imp_artsballard1663		Langlois
merveilles17_imp_artsballard1663		Sieur de S. André
merveilles17_imp_artsballard1663		Monsieur le Duc
merveilles17_imp_artsballard1663		Duc de Beaufort
merveilles17_imp_artsballard1663		Marquis de Villeroy
merveilles17_imp_artsballard1663		Marquis de Mirepoix
merveilles17_imp_artsballard1663		Monsieur de la Grille
merveilles17_imp_artsballard1663		Monsieur de Lully
merveilles17_imp_artsballard1663		Sieurs la Vigne
merveilles17_imp_artsballard1663		Besson
merveilles17_imp_artsballard1663		Magny
merveilles17_imp_artsballard1663		Barry
merveilles17_imp_artsballard1663		Monsieur Geoffroy
merveilles17_imp_artsballard1663		Sieurs Raynal
merveilles17_imp_artsballard1663		Bonard
merveilles17_imp_artsballard1663		le
merveilles17_imp_artsballard1663		Conte
merveilles17_imp_artsballard1663		Païsan
merveilles17_imp_artsballard1663		la Pierre
merveilles17_imp_artsballard1663		Noblet
merveilles17_imp_artsballard1663		Laleu
merveilles17_imp_artsballard1663		Monsieur de Lully
merveilles17_imp_artsballard1663		Mademoiselle Hilaire
merveilles17_imp_artsballard1663		Monsieur Don
merveilles17_imp_artsballard1663		Madame
merveilles17_imp_artsballard1663		Mademoiselle de Mortemart
merveilles17_imp_artsballard1663		Mademoi-
merveilles17_imp_artsballard1663		selle de S. Simon
merveilles17_imp_artsballard1663		Mademoiselle de la Valliere
merveilles17_imp_artsballard1663		Mademoiselle de Seuigny
merveilles17_imp_artsballard1663		Madame
merveilles17_imp_artsballard1663		Mademoiselle de Mortemart
merveilles17_imp_artsballard1663		Mademoiselle de S. Simon
merveilles17_imp_artsballard1663		Mademoiselle de la Valliere
merveilles17_imp_artsballard1663		Mademoiselle de Seuigny
merveilles17_imp_artsballard1663		Comte de
merveilles17_imp_artsballard1663		Saint Aignan
merveilles17_imp_artsballard1663		Monsieur de Sou-
merveilles17_imp_artsballard1663		uille
merveilles17_imp_artsballard1663		Sieur
merveilles17_imp_artsballard1663		Raynal
merveilles17_imp_artsballard1663		Sieur des Airs l’aisné
merveilles17_imp_artsballard1663		Sieur de Lorges
merveilles17_imp_artsballard1663		Sieur des Airs le cadet
merveilles17_imp_artsballard1663		Comte de S. Aignan
merveilles17_imp_bussyrabutin1664_1	bussy_rabutin	de Rabutin Roger, comte de Bussy, dit Bussy-Rabutin (1618-1693).
merveilles17_imp_bussyrabutin1664_1	louisxiv	le Roy
merveilles17_imp_bussyrabutin1664_1	louisxiv	le Roy
merveilles17_imp_ctb-perrault1670	charles_perrault	Perrault Charles (1628-1703)
merveilles17_imp_ctb-perrault1670	chauveau	Chauveau François (1613-1676)
merveilles17_imp_ctb-perrault1670	henri_gissey	Gissey Henri (1621-1673)
merveilles17_imp_ctb-perrault1670	gilles_rousselet	Rousselet Gilles (1610-1686)
merveilles17_imp_ctb-perrault1670	isilvestre	Silvestre Israël (1621-1691)
merveilles17_imp_ctb-perrault1670	sebastien_mabre_cramoisy	Imprimerie royale
merveilles17_imp_ctb-perrault1670	louisxiv	LE ROY
merveilles17_imp_ctb-perrault1670	louisxiv	Le Roy
merveilles17_imp_ctb-perrault1670	gilles_rousselet	AEgid. Rousselet
merveilles17_imp_ctb-perrault1670	chauveau	F. Chauveau
merveilles17_imp_ctb-perrault1670	louis_grand_dauphin	MONSEIGNEVR LE DAVPHIN
merveilles17_imp_ctb-perrault1670	chauveau	F. C.
merveilles17_imp_ctb-perrault1670	louis_grand_dauphin	MONSEIGEVR
merveilles17_imp_ctb-perrault1670	louisxiv	le Roy
merveilles17_imp_ctb-perrault1670	louisxiv	Sa Majesté
merveilles17_imp_ctb-perrault1670	louisxiv	ce grand Monarque
merveilles17_imp_ctb-perrault1670	louisxiv	LOVIS XIIII
merveilles17_imp_ctb-perrault1670	charles_perrault	PERRAVLT
merveilles17_imp_ctb-perrault1670	chauveau	F. Chauveau
merveilles17_imp_ctb-perrault1670	louisxiv	LE ROY
merveilles17_imp_ctb-perrault1670	chauveau	F. C.
merveilles17_imp_ctb-perrault1670	louisxiv	nôtre grand Monarque
merveilles17_imp_ctb-perrault1670	louisxiv	Sa Majesté
merveilles17_imp_ctb-perrault1670	antoine_iii_de_gramont	le Mareschal Duc de Gramont
merveilles17_imp_ctb-perrault1670	louisxiv	Sa Majesté
merveilles17_imp_ctb-perrault1670	louis_grand_dauphin	Monseigneur le Dauphin
merveilles17_imp_ctb-perrault1670	louisxiv	Sa Majesté
merveilles17_imp_ctb-perrault1670	louisxiv	Sa Majesté
merveilles17_imp_ctb-perrault1670	philippe_orleans	Monsieur
merveilles17_imp_ctb-perrault1670	louis_ii_bourbon_conde	le Prince de Condé
merveilles17_imp_ctb-perrault1670	hj_bourbon_conde	le Duc d’Anguien
merveilles17_imp_ctb-perrault1670	henri_ii_de_guise	le Duc de Guise
merveilles17_imp_ctb-perrault1670	louisxiv	Sa Majesté
merveilles17_imp_ctb-perrault1670	louisxiii	LOVIS XIII
merveilles17_imp_ctb-perrault1670	louisxiv	Roy
merveilles17_imp_ctb-perrault1670	marie_therese	Reynes
merveilles17_imp_ctb-perrault1670	anne_d_autriche	Reynes
merveilles17_imp_ctb-perrault1670	marie_therese	les Reynes
merveilles17_imp_ctb-perrault1670	anne_d_autriche	les Reynes
merveilles17_imp_ctb-perrault1670	vigarani	sieur Vigarani
merveilles17_imp_ctb-perrault1670	antoine_iii_de_gramont	Mareschal de Camp General
merveilles17_imp_ctb-perrault1670	louisxiv	Sa Majesté
merveilles17_imp_ctb-perrault1670	louisxiv	Le Roy
merveilles17_imp_ctb-perrault1670	louisxiv	le Roy
merveilles17_imp_ctb-perrault1670	marie_therese	les Reynes
merveilles17_imp_ctb-perrault1670	anne_d_autriche	les Reynes
merveilles17_imp_ctb-perrault1670	henriette_marie_de_france	la Reyne d’Angleterre
merveilles17_imp_ctb-perrault1670	henriette_anne_angleterre	Madame
merveilles17_imp_ctb-perrault1670	anne_marie_louise_henriette_orleans	Mademoiselle
merveilles17_imp_ctb-perrault1670	marie_therese	leurs Majestez
merveilles17_imp_ctb-perrault1670	anne_d_autriche	leurs Majestez
merveilles17_imp_ctb-perrault1670	francois_hannibal_ii_estrees	les Mareschaux d’Etrée
merveilles17_imp_ctb-perrault1670	cesar_choiseul_plessis	du Plessis
merveilles17_imp_ctb-perrault1670	nicolas_neufville_villeroy	de Villeroy
merveilles17_imp_ctb-perrault1670	antoine_d_aumont	d’Aumont
merveilles17_imp_ctb-perrault1670	louisxiv	Sa Majesté
merveilles17_imp_ctb-perrault1670	chauveau	F. Chauveau
merveilles17_imp_ctb-perrault1670	chauveau	F. C.
merveilles17_imp_ctb-perrault1670	marie_therese	les Reynes
merveilles17_imp_ctb-perrault1670	anne_d_autriche	les Reynes
merveilles17_imp_ctb-perrault1670	vigarani	sieur Vigarani
merveilles17_imp_ctb-perrault1670	anne_de_noailles	Le Comte de Noailles
merveilles17_imp_ctb-perrault1670	romecourt	les Sieurs de Romecourt
merveilles17_imp_ctb-perrault1670	jacques_philippe_girard_charnasse	de Charmacé
merveilles17_imp_ctb-perrault1670	francois_rene_crespin_bec_vardes	Le Marquis de Vardes
merveilles17_imp_ctb-perrault1670	philippe_orleans	Monsieur
merveilles17_imp_ctb-perrault1670	francois_henri_montmorency_luxembourg	le Duc de Luxembourg
merveilles17_imp_ctb-perrault1670	hj_bourbon_conde	Monsieur le Prince
merveilles17_imp_ctb-perrault1670	marche_coquet	General Coquet
merveilles17_imp_ctb-perrault1670	hj_bourbon_conde	Mr le Duc
merveilles17_imp_ctb-perrault1670	francois_hannibal_ii_estrees	Comte d’Etrées
merveilles17_imp_ctb-perrault1670	philibert_de_gramont	Le Chevalier de Gramont
merveilles17_imp_ctb-perrault1670	henri_ii_de_guise	Mr le Duc de Guise
merveilles17_imp_ctb-perrault1670	louisxiv	Roy
merveilles17_imp_ctb-perrault1670	marie_therese	des Reynes
merveilles17_imp_ctb-perrault1670	anne_d_autriche	des Reynes
merveilles17_imp_ctb-perrault1670	louisxiv	le Roy
merveilles17_imp_ctb-perrault1670	marie_therese	des Reynes
merveilles17_imp_ctb-perrault1670	anne_d_autriche	des Reynes
merveilles17_imp_ctb-perrault1670	louisxiv	Roy
merveilles17_imp_ctb-perrault1670	massignai	le sieur de Massignai
merveilles17_imp_ctb-perrault1670	louisxiv	Roy
merveilles17_imp_ctb-perrault1670	philippe_sicault_la_noue	le sieur la Noüe
merveilles17_imp_ctb-perrault1670	givry	le sieur de Givry
merveilles17_imp_ctb-perrault1670	louisxiv	Roy
merveilles17_imp_ctb-perrault1670	brenonville	les sieurs de Brenonville
merveilles17_imp_ctb-perrault1670	vantelet	de Vantelet
merveilles17_imp_ctb-perrault1670	anne_de_noailles	Le Comte de Noailles
merveilles17_imp_ctb-perrault1670	louisxiv	le Roy
merveilles17_imp_ctb-perrault1670	louisxiv	le Roy
merveilles17_imp_ctb-perrault1670	louisxiv	Roy
merveilles17_imp_ctb-perrault1670	louisxiv	Sa Majesté
merveilles17_imp_ctb-perrault1670	salin	les sieurs Salin
merveilles17_imp_ctb-perrault1670	taillouet	Tailloüet
merveilles17_imp_ctb-perrault1670	vidaud	Vidaud
merveilles17_imp_ctb-perrault1670	beaumont	Beaumont
merveilles17_imp_ctb-perrault1670	lv_rochechouart_mortemart_vivonne	les Comttes de Vivonne
merveilles17_imp_ctb-perrault1670	saint_aignan	de S. Aygnan
merveilles17_imp_ctb-perrault1670	philippe_ii_montault_benac_navailles	le Duc de Navailles
merveilles17_imp_ctb-perrault1670	henri_de_lorraine	les Comtes d’Armagnac
merveilles17_imp_ctb-perrault1670	henri_de_daillon	du Lude
merveilles17_imp_ctb-perrault1670	antoine_iv_de_gramont	de Louvigny
merveilles17_imp_ctb-perrault1670	francois_iii_d_aubusson	de la Feüillade
merveilles17_imp_ctb-perrault1670	louisxiv	sa Majesté
merveilles17_imp_ctb-perrault1670	louis_marie_aumont_rochebaron	les Marquis de Villequier
merveilles17_imp_ctb-perrault1670	jb_amador_vignerot_plessis	de Richelieu
merveilles17_imp_ctb-perrault1670	jh_durfort	le Comte de Duras
merveilles17_imp_ctb-perrault1670	louisxiv	sa Majesté
merveilles17_imp_ctb-perrault1670	henri_de_lorraine	les Comtes d’Armagnac
merveilles17_imp_ctb-perrault1670	saint_aignan	de S. Aygnan
merveilles17_imp_ctb-perrault1670	louviers	le sieur de Louviers
merveilles17_imp_ctb-perrault1670	louisxiv	Roy
merveilles17_imp_ctb-perrault1670	louisxiv	sa Majesté
merveilles17_imp_ctb-perrault1670	marie_therese	des Reynes
merveilles17_imp_ctb-perrault1670	anne_d_autriche	des Reynes
merveilles17_imp_ctb-perrault1670	louisxiv	sa Majesté
merveilles17_imp_ctb-perrault1670	philippe_orleans	Monsieur
merveilles17_imp_ctb-perrault1670	desbordes	Le sieur Desbordes
merveilles17_imp_ctb-perrault1670	philippe_orleans	Monsieur
merveilles17_imp_ctb-perrault1670	gassion	les sieurs Gassion
merveilles17_imp_ctb-perrault1670	jacob_blanquet_la_haye	Blanquet
merveilles17_imp_ctb-perrault1670	philippe_orleans	Monsieur
merveilles17_imp_ctb-perrault1670	philippe_orleans	Il
merveilles17_imp_ctb-perrault1670	nicolas_neufville_villeroy	le Marquis de Villeroy
merveilles17_imp_ctb-perrault1670	cesar_choiseul_plessis	le Comte du Plessis
merveilles17_imp_ctb-perrault1670	bernardin_gigault_bellefonds	le Marquis de Bellefons
merveilles17_imp_ctb-perrault1670	louis_de_rohan	le Chevalier de Rohan
merveilles17_imp_ctb-perrault1670	fm_lorraine	le Comte de l’Isle-bonne
merveilles17_imp_ctb-perrault1670	francois_vii_de_la_rochefoucauld	le Prince de Marsillac
merveilles17_imp_ctb-perrault1670	jb_gaston_foix_candale	les Comtes de Foix
merveilles17_imp_ctb-perrault1670	charles_fontaine_martel	de Clerc
merveilles17_imp_ctb-perrault1670	vaillac	de Vaillac
merveilles17_imp_ctb-perrault1670	henri_illiers_balzac_entragues	le Marquis d’Illiers
merveilles17_imp_ctb-perrault1670	louis_ii_bourbon_conde	Monsieur le Prince
merveilles17_imp_ctb-perrault1670	francois_henri_montmorency_luxembourg	Le Duc de Luxembourg
merveilles17_imp_ctb-perrault1670	louis_ii_bourbon_conde	Mr le Prince
merveilles17_imp_ctb-perrault1670	francois_henri_montmorency_luxembourg	le
merveilles17_imp_ctb-perrault1670	francois_beauvilliers	le Comte de Sery
merveilles17_imp_ctb-perrault1670	cm_de_belleforiere	le Marquis de Soyecourt
merveilles17_imp_ctb-perrault1670	francois_bonne_crequi	le Comte de Sault
merveilles17_imp_ctb-perrault1670	gm_tour_d_auvergne	le Duc de Boüillon
merveilles17_imp_ctb-perrault1670	charmasel	le Marquis de Charmesel
merveilles17_imp_ctb-perrault1670	gamache	de Gamache
merveilles17_imp_ctb-perrault1670	hippolyte_bethune	le Chevalier de Bethune
merveilles17_imp_ctb-perrault1670	antonin_nompar_caumont	les Marquis de Peguilin
merveilles17_imp_ctb-perrault1670	armand_du_cambout	de Coaslin
merveilles17_imp_ctb-perrault1670	francois_beauvilliers	le Comte de Sery
merveilles17_imp_ctb-perrault1670	francois_henri_montmorency_luxembourg	Duc de Luxembourg
merveilles17_imp_ctb-perrault1670	hj_bourbon_conde	Monsieur le Duc
merveilles17_imp_ctb-perrault1670	hj_bourbon_conde	Monsieur le Duc
merveilles17_imp_ctb-perrault1670	hj_bourbon_conde	Il
merveilles17_imp_ctb-perrault1670	alphonse_crequy	Marquis de Canaples
merveilles17_imp_ctb-perrault1670	cesar_auguste_choiseul_plessis	Chevalier du Plessis
merveilles17_imp_ctb-perrault1670	florimond_ier_brulart	Marquis de Ianlis
merveilles17_imp_ctb-perrault1670	guillaume_guitaut	Comte de Guitaut
merveilles17_imp_ctb-perrault1670	monpesat	Marquis de Monpezat
merveilles17_imp_ctb-perrault1670	philippe_julien_mancini	Duc de Nevers
merveilles17_imp_ctb-perrault1670	frederic_charles_roye	Comte de Roye
merveilles17_imp_ctb-perrault1670	maximilien_iv_pierre_bethune	Duc de Sully
merveilles17_imp_ctb-perrault1670	alexandre_halluyn	sieur Doüailly
merveilles17_imp_ctb-perrault1670	hj_bourbon_conde	Mr le Duc
merveilles17_imp_ctb-perrault1670	louis_de_crevant	Marquis d’Humiere
merveilles17_imp_ctb-perrault1670	henri_ii_de_guise	Mr le Duc de Guise
merveilles17_imp_ctb-perrault1670	henri_ii_de_guise	Monsieur le Duc de Guise
merveilles17_imp_ctb-perrault1670	henri_ii_de_guise	Ses
merveilles17_imp_ctb-perrault1670	alphonse_louis_lorraine	le Chevaliers d’Harcourt
merveilles17_imp_ctb-perrault1670	henri_louis_aloigny	les Marquis de Rochefort
merveilles17_imp_ctb-perrault1670	georges_ysore_hervault	Plumartin
merveilles17_imp_ctb-perrault1670	la_chastre	la Chastre
merveilles17_imp_ctb-perrault1670	charles_nicolas_crequi	Ragny
merveilles17_imp_ctb-perrault1670	gaston_levis_loumagne	Mirepoix
merveilles17_imp_ctb-perrault1670	louis_comminges_vervins	Vervins
merveilles17_imp_ctb-perrault1670	francois_iii_harcourt	Beuvron
merveilles17_imp_ctb-perrault1670	louis_harcourt	Tury
merveilles17_imp_ctb-perrault1670	henri_albert_cosse_brissac	le Duc de Brissac
merveilles17_imp_ctb-perrault1670	marie_therese	les Reynes
merveilles17_imp_ctb-perrault1670	anne_d_autriche	les Reynes
merveilles17_imp_ctb-perrault1670	philippe_orleans	Monsieur
merveilles17_imp_ctb-perrault1670	louis_ii_bourbon_conde	Monsieur le Prince
merveilles17_imp_ctb-perrault1670	hj_bourbon_conde	Monsieur le Duc
merveilles17_imp_ctb-perrault1670	henri_ii_de_guise	Monsieur le Duc de Guise
merveilles17_imp_ctb-perrault1670	philippe_orleans	Monsieur
merveilles17_imp_ctb-perrault1670	louisxiv	Roy
merveilles17_imp_ctb-perrault1670	henri_gissey	sieur Gissey
merveilles17_imp_ctb-perrault1670	louisxiv	Roy
merveilles17_imp_ctb-perrault1670	louisxiv	Roy
merveilles17_imp_ctb-perrault1670	philippe_orleans	Monsieur
merveilles17_imp_ctb-perrault1670	louis_ii_bourbon_conde	Prince de Condé
merveilles17_imp_ctb-perrault1670	isilvestre	Israel Silvestre
merveilles17_imp_ctb-perrault1670	hj_bourbon_conde	Duc d'Anguien
merveilles17_imp_ctb-perrault1670	henri_ii_de_guise	Duc de Guize
merveilles17_imp_ctb-perrault1670	louisxiv	Roy
merveilles17_imp_ctb-perrault1670	louisxiv	Roy
merveilles17_imp_ctb-perrault1670	louisxiv	Roy
merveilles17_imp_ctb-perrault1670	louisxiv	Roy
merveilles17_imp_ctb-perrault1670	louisxiv	Roy
merveilles17_imp_ctb-perrault1670	louisxiv	Roy
merveilles17_imp_ctb-perrault1670	louisxiv	Roy
merveilles17_imp_ctb-perrault1670	louisxiv	Le Roy
merveilles17_imp_ctb-perrault1670	louisxiv	Roy
merveilles17_imp_ctb-perrault1670	philippe_orleans	Monsieur
merveilles17_imp_ctb-perrault1670	philippe_orleans	Monsieur
merveilles17_imp_ctb-perrault1670	philippe_orleans	Monsieur
merveilles17_imp_ctb-perrault1670	philippe_orleans	Monsieur
merveilles17_imp_ctb-perrault1670	philippe_orleans	Monsieur
merveilles17_imp_ctb-perrault1670	louis_ii_bourbon_conde	Prince de Condé
merveilles17_imp_ctb-perrault1670	louis_ii_bourbon_conde	Prince de Condé
merveilles17_imp_ctb-perrault1670	louis_ii_bourbon_conde	Prince de Condé
merveilles17_imp_ctb-perrault1670	louis_ii_bourbon_conde	Le Prince de Condé
merveilles17_imp_ctb-perrault1670	louis_ii_bourbon_conde	Prince de Condé
merveilles17_imp_ctb-perrault1670	hj_bourbon_conde	Duc d'Anguien
merveilles17_imp_ctb-perrault1670	hj_bourbon_conde	Duc d'Anguien
merveilles17_imp_ctb-perrault1670	hj_bourbon_conde	Duc d'Anguien
merveilles17_imp_ctb-perrault1670	hj_bourbon_conde	Le Duc d'Anguien
merveilles17_imp_ctb-perrault1670	hj_bourbon_conde	Duc d'Anguien
merveilles17_imp_ctb-perrault1670	henri_ii_de_guise	Duc de Guize
merveilles17_imp_ctb-perrault1670	henri_ii_de_guise	Duc de Guize
merveilles17_imp_ctb-perrault1670	henri_ii_de_guise	Duc de Guize
merveilles17_imp_ctb-perrault1670	henri_ii_de_guise	Le Duc de Guize
merveilles17_imp_ctb-perrault1670	henri_ii_de_guise	Duc de Guize
merveilles17_imp_ctb-perrault1670	marie_therese	Reynes
merveilles17_imp_ctb-perrault1670	anne_d_autriche	Reynes
merveilles17_imp_ctb-perrault1670	louisxiv	Roy
merveilles17_imp_ctb-perrault1670	louisxiv	Le ROY
merveilles17_imp_ctb-perrault1670	philippe_orleans	Monsieur
merveilles17_imp_ctb-perrault1670	philippe_orleans	Monsieur
merveilles17_imp_ctb-perrault1670	louis_ii_bourbon_conde	Prince de Condé
merveilles17_imp_ctb-perrault1670	louis_ii_bourbon_conde	le Prince de Conde
merveilles17_imp_ctb-perrault1670	hj_bourbon_conde	Duc d'Anguien
merveilles17_imp_ctb-perrault1670	hj_bourbon_conde	le Duc d'Anguien
merveilles17_imp_ctb-perrault1670	henri_ii_de_guise	Duc de Guize
merveilles17_imp_ctb-perrault1670	henri_ii_de_guise	le Duc de Guize
merveilles17_imp_ctb-perrault1670	isilvestre	Israel Siluestre
merveilles17_imp_ctb-perrault1670	marie_therese	Reynes
merveilles17_imp_ctb-perrault1670	anne_d_autriche	Reynes
merveilles17_imp_ctb-perrault1670	louisxiv	Roy
merveilles17_imp_ctb-perrault1670	louisxiv	Le ROY
merveilles17_imp_ctb-perrault1670	philippe_orleans	Monsieur
merveilles17_imp_ctb-perrault1670	philippe_orleans	Monsieur
merveilles17_imp_ctb-perrault1670	louis_ii_bourbon_conde	Prince de Condé
merveilles17_imp_ctb-perrault1670	louis_ii_bourbon_conde	Le Prince de Condé
merveilles17_imp_ctb-perrault1670	hj_bourbon_conde	Duc d'Anguien
merveilles17_imp_ctb-perrault1670	hj_bourbon_conde	Le Duc d'Anguien
merveilles17_imp_ctb-perrault1670	henri_ii_de_guise	Duc de Guise
merveilles17_imp_ctb-perrault1670	henri_ii_de_guise	Le Duc de Guise
merveilles17_imp_ctb-perrault1670	isilvestre	Israel Siluestre
merveilles17_imp_ctb-perrault1670	louisxiv	Roy
merveilles17_imp_ctb-perrault1670	louisxiv	Roy
merveilles17_imp_ctb-perrault1670	louisxiv	Le ROY
merveilles17_imp_ctb-perrault1670	philippe_orleans	Monsieur
merveilles17_imp_ctb-perrault1670	philippe_orleans	Monsieur
merveilles17_imp_ctb-perrault1670	louis_ii_bourbon_conde	Prince de Condé
merveilles17_imp_ctb-perrault1670	louis_ii_bourbon_conde	Le Prince de Condé
merveilles17_imp_ctb-perrault1670	hj_bourbon_conde	Duc d'Anguien
merveilles17_imp_ctb-perrault1670	hj_bourbon_conde	Le Duc d'Anguien
merveilles17_imp_ctb-perrault1670	henri_ii_de_guise	Duc de Guize
merveilles17_imp_ctb-perrault1670	henri_ii_de_guise	Le Duc de Guize
merveilles17_imp_ctb-perrault1670	isilvestre	Israel Siluestre
merveilles17_imp_ctb-perrault1670	antoine_iii_de_gramont	M.chal de Gramont
merveilles17_imp_ctb-perrault1670	antoine_iii_de_gramont	MARESCHAL DE GRAMONT
merveilles17_imp_ctb-perrault1670	chauveau	F. Chauveau
merveilles17_imp_ctb-perrault1670	louisxiv	LE Roy
merveilles17_imp_ctb-perrault1670	louisxiv	Le Roy
merveilles17_imp_ctb-perrault1670	louisxiv	ROY
merveilles17_imp_ctb-perrault1670	louisxiv	Roy
merveilles17_imp_ctb-perrault1670	lv_rochechouart_mortemart_vivonne	Le Comte de Vivonne
merveilles17_imp_ctb-perrault1670	lv_rochechouart_mortemart_vivonne	COMTE DE VIVONNE
merveilles17_imp_ctb-perrault1670	louisxiv	Sa Majesté
merveilles17_imp_ctb-perrault1670	saint_aignan	Comte de Saint-Aygnan
merveilles17_imp_ctb-perrault1670	saint_aignan	COMTE DE SAINT-AGNAN
merveilles17_imp_ctb-perrault1670	philippe_ii_montault_benac_navailles	Duc de Navaille
merveilles17_imp_ctb-perrault1670	philippe_ii_montault_benac_navailles	COMTE DE NAVAILLES
merveilles17_imp_ctb-perrault1670	louisxiv	Roy
merveilles17_imp_ctb-perrault1670	henri_de_lorraine	Comte Darmagnac
merveilles17_imp_ctb-perrault1670	henri_de_lorraine	COMTE D’ARMAGNAC
merveilles17_imp_ctb-perrault1670	henri_de_daillon	Comte de Lude
merveilles17_imp_ctb-perrault1670	henri_de_daillon	COMTE DE LVDE
merveilles17_imp_ctb-perrault1670	louisxiv	sa Majesté
merveilles17_imp_ctb-perrault1670	antoine_iv_de_gramont	Comte de Louuigny
merveilles17_imp_ctb-perrault1670	antoine_iv_de_gramont	COMTE DE LOVVIGNY
merveilles17_imp_ctb-perrault1670	francois_iii_d_aubusson	Comte de la feuillade
merveilles17_imp_ctb-perrault1670	francois_iii_d_aubusson	COMTE DE LA FEVILLADE
merveilles17_imp_ctb-perrault1670	louis_marie_aumont_rochebaron	Marquis de Villequier
merveilles17_imp_ctb-perrault1670	louis_marie_aumont_rochebaron	MARQUIS DE VILLEQVIER
merveilles17_imp_ctb-perrault1670	jb_amador_vignerot_plessis	Marquis de Richelieu
merveilles17_imp_ctb-perrault1670	jb_amador_vignerot_plessis	MARQVIS DE RICHELIEV
merveilles17_imp_ctb-perrault1670	jh_durfort	Comte de Duras
merveilles17_imp_ctb-perrault1670	jh_durfort	COMTE DE DVRAS
merveilles17_imp_ctb-perrault1670	chauveau	F. C.
merveilles17_imp_ctb-perrault1670	philippe_orleans	Monsieur
merveilles17_imp_ctb-perrault1670	philippe_orleans	MONSIEVR
merveilles17_imp_ctb-perrault1670	philippe_orleans	Monsieur
merveilles17_imp_ctb-perrault1670	philippe_orleans	MONSIEVR
merveilles17_imp_ctb-perrault1670	philippe_orleans	Monsieur
merveilles17_imp_ctb-perrault1670	louisxiv	Roy
merveilles17_imp_ctb-perrault1670	louisxiv	sa Majesté
merveilles17_imp_ctb-perrault1670	nicolas_neufville_villeroy	Le Marquis de Villeroy
merveilles17_imp_ctb-perrault1670	nicolas_neufville_villeroy	MARQVIS DE VILLEROY
merveilles17_imp_ctb-perrault1670	cesar_choiseul_plessis	Le Comte du Plaissy
merveilles17_imp_ctb-perrault1670	cesar_choiseul_plessis	COMTE DV PLESSIS
merveilles17_imp_ctb-perrault1670	bernardin_gigault_bellefonds	Le Marquis de Bellefon
merveilles17_imp_ctb-perrault1670	bernardin_gigault_bellefonds	MARQVIS DE BELLEFOND
merveilles17_imp_ctb-perrault1670	louis_de_rohan	Le Chevallier de Rohan
merveilles17_imp_ctb-perrault1670	louis_de_rohan	CHEVALIER DE ROHAN
merveilles17_imp_ctb-perrault1670	fm_lorraine	Le Comte L'Illebonne
merveilles17_imp_ctb-perrault1670	fm_lorraine	COMTE L’ISLEBONNE
merveilles17_imp_ctb-perrault1670	louisxiv	sa Majesté
merveilles17_imp_ctb-perrault1670	francois_vii_de_la_rochefoucauld	Le Prince de Marcillac
merveilles17_imp_ctb-perrault1670	francois_vii_de_la_rochefoucauld	PRINCE DE MARSILLAC
merveilles17_imp_ctb-perrault1670	jb_gaston_foix_candale	Le Comte de Foix
merveilles17_imp_ctb-perrault1670	jb_gaston_foix_candale	COMTE DE FOIX
merveilles17_imp_ctb-perrault1670	charles_fontaine_martel	Le Comte de Clerc
merveilles17_imp_ctb-perrault1670	charles_fontaine_martel	COMTE DE CLERE
merveilles17_imp_ctb-perrault1670	vaillac	Le Comte de Vaillac
merveilles17_imp_ctb-perrault1670	vaillac	COMTE DE VAILLAC
merveilles17_imp_ctb-perrault1670	d_illiers	Le Comte dilliers
merveilles17_imp_ctb-perrault1670	d_illiers	COMTE D’ILLIERS
merveilles17_imp_ctb-perrault1670	chauveau	F. C.
merveilles17_imp_ctb-perrault1670	louis_ii_bourbon_conde	Le Prince de Condé
merveilles17_imp_ctb-perrault1670	louis_ii_bourbon_conde	PRINCE DE CONDE
merveilles17_imp_ctb-perrault1670	louis_ii_bourbon_conde	Le Prince de Conde
merveilles17_imp_ctb-perrault1670	louis_ii_bourbon_conde	PRINCE DE CONDÉ
merveilles17_imp_ctb-perrault1670	louis_ii_bourbon_conde	le Prince
merveilles17_imp_ctb-perrault1670	louisxiv	Roy
merveilles17_imp_ctb-perrault1670	louisxiv	sa Majesté
merveilles17_imp_ctb-perrault1670	francois_beauvilliers	Le Comte de Sery
merveilles17_imp_ctb-perrault1670	francois_beauvilliers	COMTE DE SERY
merveilles17_imp_ctb-perrault1670	cm_de_belleforiere	Le Marquis de Soyecour
merveilles17_imp_ctb-perrault1670	cm_de_belleforiere	MARQUIS DE SOYECOURT
merveilles17_imp_ctb-perrault1670	cm_de_belleforiere	Maistre de la Garderobe
merveilles17_imp_ctb-perrault1670	francois_bonne_crequi	Le Comte de Sault
merveilles17_imp_ctb-perrault1670	francois_bonne_crequi	COMTE DE SAVLT
merveilles17_imp_ctb-perrault1670	gm_tour_d_auvergne	Le Duc de Boullion
merveilles17_imp_ctb-perrault1670	gm_tour_d_auvergne	DVC DE BOVILLON
merveilles17_imp_ctb-perrault1670	louisxiv	son Prince
merveilles17_imp_ctb-perrault1670	charmasel	Le Marquis de Charmasel
merveilles17_imp_ctb-perrault1670	charmasel	MARQVIS DE CHARMASEL
merveilles17_imp_ctb-perrault1670	gamache	Le Marquis de Gamache
merveilles17_imp_ctb-perrault1670	gamache	MARQVIS DE GAMACHE
merveilles17_imp_ctb-perrault1670	hippolyte_bethune	Le Chevallier de Bethune
merveilles17_imp_ctb-perrault1670	hippolyte_bethune	CHEVALIER DE BETHVNE
merveilles17_imp_ctb-perrault1670	louisxiv	Roy
merveilles17_imp_ctb-perrault1670	antonin_nompar_caumont	Le Marquis de Peguillen
merveilles17_imp_ctb-perrault1670	antonin_nompar_caumont	MARQVIS DE PEGVILIN
merveilles17_imp_ctb-perrault1670	armand_du_cambout	Le Marquis de Coalin
merveilles17_imp_ctb-perrault1670	armand_du_cambout	MARQVIS DE COASLIN
merveilles17_imp_ctb-perrault1670	francois_henri_montmorency_luxembourg	Le Duc de Luxembour
merveilles17_imp_ctb-perrault1670	francois_henri_montmorency_luxembourg	DVC LVXEMBOVRG
merveilles17_imp_ctb-perrault1670	chauveau	F. C.
merveilles17_imp_ctb-perrault1670	hj_bourbon_conde	Le Duc d'Anguien
merveilles17_imp_ctb-perrault1670	hj_bourbon_conde	DVC D’ANGVIEN
merveilles17_imp_ctb-perrault1670	hj_bourbon_conde	Le Duc d'Anguin
merveilles17_imp_ctb-perrault1670	hj_bourbon_conde	DVC D’ANGVIEN
merveilles17_imp_ctb-perrault1670	hj_bourbon_conde	le Prince
merveilles17_imp_ctb-perrault1670	louisxiv	Roy
merveilles17_imp_ctb-perrault1670	alphonse_crequy	Le Marquis de Canaple
merveilles17_imp_ctb-perrault1670	alphonse_crequy	MARQVIS DE CANAPLES
merveilles17_imp_ctb-perrault1670	cesar_auguste_choiseul_plessis	Le Chevallier du Plessys
merveilles17_imp_ctb-perrault1670	cesar_auguste_choiseul_plessis	COMTE DV PLESSIS
merveilles17_imp_ctb-perrault1670	florimond_ier_brulart	Le Marquis de Jenlis
merveilles17_imp_ctb-perrault1670	florimond_ier_brulart	MARQVIS DE GENLIS
merveilles17_imp_ctb-perrault1670	guillaume_guitaut	Le Comte de Guitaut
merveilles17_imp_ctb-perrault1670	guillaume_guitaut	COMTE DE GVITAVT
merveilles17_imp_ctb-perrault1670	louisxiv	son Prince
merveilles17_imp_ctb-perrault1670	monpesat	Le Marquis de Monpesat
merveilles17_imp_ctb-perrault1670	monpesat	MARQVIS DE MONPESAT
merveilles17_imp_ctb-perrault1670	philippe_julien_mancini	Le Duc de Nevers
merveilles17_imp_ctb-perrault1670	philippe_julien_mancini	DVC DE NEVERS
merveilles17_imp_ctb-perrault1670	louisxiv	sa Majesté
merveilles17_imp_ctb-perrault1670	frederic_charles_roye	Le Comte de Roye
merveilles17_imp_ctb-perrault1670	frederic_charles_roye	COMTE DE ROYE
merveilles17_imp_ctb-perrault1670	louisxiv	son Maître
merveilles17_imp_ctb-perrault1670	louis_de_crevant	Le Marquis d'humier
merveilles17_imp_ctb-perrault1670	louis_de_crevant	MARQVIS D’HVMIERES
merveilles17_imp_ctb-perrault1670	maximilien_iv_pierre_bethune	Le Duc de Sully
merveilles17_imp_ctb-perrault1670	maximilien_iv_pierre_bethune	DVC SVLLY
merveilles17_imp_ctb-perrault1670	louisxiv	son Prince
merveilles17_imp_ctb-perrault1670	alexandre_halluyn	Le Marquis de Oüailly
merveilles17_imp_ctb-perrault1670	alexandre_halluyn	MARQVIS D’OVAILLY
merveilles17_imp_ctb-perrault1670	chauveau	F. C.
merveilles17_imp_ctb-perrault1670	henri_ii_de_guise	Le Duc de Guise
merveilles17_imp_ctb-perrault1670	henri_ii_de_guise	DVC DE GVYSE
merveilles17_imp_ctb-perrault1670	henri_ii_de_guise	Le Duc de Guise
merveilles17_imp_ctb-perrault1670	henri_ii_de_guise	DVC DE GVYSE
merveilles17_imp_ctb-perrault1670	alphonse_louis_lorraine	Le Chevallier d'harcour
merveilles17_imp_ctb-perrault1670	alphonse_louis_lorraine	CHEVALIER D’HARCOURT
merveilles17_imp_ctb-perrault1670	louisxiv	Roy
merveilles17_imp_ctb-perrault1670	henri_louis_aloigny	Le Marquis de Rochefort
merveilles17_imp_ctb-perrault1670	henri_louis_aloigny	MARQVIS DE ROCHEFORT
merveilles17_imp_ctb-perrault1670	louisxiv	son Prince
merveilles17_imp_ctb-perrault1670	georges_ysore_hervault	Le Marquis de Plumartin
merveilles17_imp_ctb-perrault1670	georges_ysore_hervault	MARQVIS DE PLVMARTIN
merveilles17_imp_ctb-perrault1670	la_chastre	Le Marquis de la Chatre
merveilles17_imp_ctb-perrault1670	la_chastre	MARQVIS DE LA CHASTRE
merveilles17_imp_ctb-perrault1670	charles_nicolas_crequi	Le Marquis de Ragny
merveilles17_imp_ctb-perrault1670	charles_nicolas_crequi	MARQVIS DE RAGNY
merveilles17_imp_ctb-perrault1670	gaston_levis_loumagne	Le Marquis de Mirpoix
merveilles17_imp_ctb-perrault1670	gaston_levis_loumagne	MARQVIS DE MIREPOIX
merveilles17_imp_ctb-perrault1670	louis_comminges_vervins	Le Marquis de Veruins
merveilles17_imp_ctb-perrault1670	louis_comminges_vervins	MARQVIS DE VERVINS
merveilles17_imp_ctb-perrault1670	louisxiv	son Prince
merveilles17_imp_ctb-perrault1670	louis_comminges_vervins	premier Maître d’Hôtel du Roy
merveilles17_imp_ctb-perrault1670	louisxiv	S.M
merveilles17_imp_ctb-perrault1670	francois_iii_harcourt	Le Marquis de Beuuron
merveilles17_imp_ctb-perrault1670	francois_iii_harcourt	MARQVIS DE BEVVRON
merveilles17_imp_ctb-perrault1670	louis_harcourt	Le Marquis de Tury
merveilles17_imp_ctb-perrault1670	louis_harcourt	MARQVIS DE TVRY
merveilles17_imp_ctb-perrault1670	henri_albert_cosse_brissac	Le Duc de Brissac
merveilles17_imp_ctb-perrault1670	henri_albert_cosse_brissac	DVC DE BRISSAC
merveilles17_imp_ctb-perrault1670	louisxiv	sa Majesté
merveilles17_imp_ctb-perrault1670	chauveau	F. Chauveau
merveilles17_imp_ctb-perrault1670	vigarani	sieur de Vigarani
merveilles17_imp_ctb-perrault1670	louisxiv	Roy
merveilles17_imp_ctb-perrault1670	antoine_iii_de_gramont	ANE Duc de Gramont
merveilles17_imp_ctb-perrault1670	louisxiv	LE ROY
merveilles17_imp_ctb-perrault1670	lv_rochechouart_mortemart_vivonne	Vivonne
merveilles17_imp_ctb-perrault1670	saint_aignan	S. Aygnan
merveilles17_imp_ctb-perrault1670	philippe_ii_montault_benac_navailles	Navailles
merveilles17_imp_ctb-perrault1670	henri_de_lorraine	Armagnac
merveilles17_imp_ctb-perrault1670	henri_de_daillon	Du Lude
merveilles17_imp_ctb-perrault1670	antoine_iv_de_gramont	Lonvigny
merveilles17_imp_ctb-perrault1670	francois_iii_d_aubusson	La Feüillade
merveilles17_imp_ctb-perrault1670	louisxiv	LE ROY
merveilles17_imp_ctb-perrault1670	louis_marie_aumont_rochebaron	Villequier
merveilles17_imp_ctb-perrault1670	henri_de_lorraine	Armagnac
merveilles17_imp_ctb-perrault1670	jb_amador_vignerot_plessis	Richelieu
merveilles17_imp_ctb-perrault1670	saint_aignan	S. Aygnan
merveilles17_imp_ctb-perrault1670	jh_durfort	Duras
merveilles17_imp_ctb-perrault1670	philippe_orleans	MONSIEVR
merveilles17_imp_ctb-perrault1670	nicolas_neufville_villeroy	Villeroy
merveilles17_imp_ctb-perrault1670	cesar_choiseul_plessis	Comte du Plessys
merveilles17_imp_ctb-perrault1670	bernardin_gigault_bellefonds	Bellefons
merveilles17_imp_ctb-perrault1670	louis_de_rohan	Rohan
merveilles17_imp_ctb-perrault1670	fm_lorraine	Lislebonne
merveilles17_imp_ctb-perrault1670	francois_vii_de_la_rochefoucauld	Marsillac
merveilles17_imp_ctb-perrault1670	jb_gaston_foix_candale	Foix
merveilles17_imp_ctb-perrault1670	charles_fontaine_martel	Clere
merveilles17_imp_ctb-perrault1670	vaillac	Vaillac
merveilles17_imp_ctb-perrault1670	d_illiers	Isliers
merveilles17_imp_ctb-perrault1670	louis_ii_bourbon_conde	Mr LE PRINCE
merveilles17_imp_ctb-perrault1670	francois_beauvilliers	Sery
merveilles17_imp_ctb-perrault1670	cm_de_belleforiere	Soyecourt
merveilles17_imp_ctb-perrault1670	francois_bonne_crequi	Sault
merveilles17_imp_ctb-perrault1670	gm_tour_d_auvergne	Boüillon
merveilles17_imp_ctb-perrault1670	charmasel	Charmasel
merveilles17_imp_ctb-perrault1670	gamache	Gamache
merveilles17_imp_ctb-perrault1670	hippolyte_bethune	Bethune
merveilles17_imp_ctb-perrault1670	antonin_nompar_caumont	Peguilin
merveilles17_imp_ctb-perrault1670	armand_du_cambout	Coaslin
merveilles17_imp_ctb-perrault1670	francois_beauvilliers	Sery
merveilles17_imp_ctb-perrault1670	francois_henri_montmorency_luxembourg	Luxembourg
merveilles17_imp_ctb-perrault1670	hj_bourbon_conde	Mr LE DVC
merveilles17_imp_ctb-perrault1670	alphonse_crequy	Canaple
merveilles17_imp_ctb-perrault1670	cesar_auguste_choiseul_plessis	Cher du Plessys
merveilles17_imp_ctb-perrault1670	florimond_ier_brulart	Ianlis
merveilles17_imp_ctb-perrault1670	guillaume_guitaut	Guittau
merveilles17_imp_ctb-perrault1670	monpesat	Monpesat
merveilles17_imp_ctb-perrault1670	philippe_julien_mancini	Nevers
merveilles17_imp_ctb-perrault1670	frederic_charles_roye	Roye
merveilles17_imp_ctb-perrault1670	hj_bourbon_conde	Mr le Duc
merveilles17_imp_ctb-perrault1670	louis_de_crevant	Humiere
merveilles17_imp_ctb-perrault1670	maximilien_iv_pierre_bethune	Süilly
merveilles17_imp_ctb-perrault1670	alexandre_halluyn	Oüailly
merveilles17_imp_ctb-perrault1670	henri_ii_de_guise	Mr le D. de Guise
merveilles17_imp_ctb-perrault1670	alphonse_louis_lorraine	Cher d’Harcourt
merveilles17_imp_ctb-perrault1670	henri_louis_aloigny	Rochefort
merveilles17_imp_ctb-perrault1670	georges_ysore_hervault	Plumartin
merveilles17_imp_ctb-perrault1670	la_chastre	La Chastre
merveilles17_imp_ctb-perrault1670	charles_nicolas_crequi	Ragny
merveilles17_imp_ctb-perrault1670	gaston_levis_loumagne	Mirepoix
merveilles17_imp_ctb-perrault1670	louis_comminges_vervins	Vervin
merveilles17_imp_ctb-perrault1670	francois_iii_harcourt	Beuvron
merveilles17_imp_ctb-perrault1670	louis_harcourt	Turry
merveilles17_imp_ctb-perrault1670	henri_albert_cosse_brissac	Brissac
merveilles17_imp_ctb-perrault1670	antoine_iii_de_gramont	ANE Duc de Gramont.
merveilles17_imp_ctb-perrault1670	chauveau	F. Chauveau
merveilles17_imp_ctb-perrault1670	chauveau	F. Chaveau
merveilles17_imp_ctb-perrault1670	antoine_iii_de_gramont	Mareschal de Camp general
merveilles17_imp_ctb-perrault1670	henri_ii_de_guise	Duc de Guise
merveilles17_imp_ctb-perrault1670	henri_ii_de_guise	le Duc de Guise
merveilles17_imp_ctb-perrault1670	louisxiv	Sa Majesté
merveilles17_imp_ctb-perrault1670	bernardin_gigault_bellefonds	Marquis de Bellefons
merveilles17_imp_ctb-perrault1670	philippe_orleans	Monsieur
merveilles17_imp_ctb-perrault1670	marie_therese	la Reyne
merveilles17_imp_ctb-perrault1670	louisxiv	plus accomply Monarque de la Terre
merveilles17_imp_ctb-perrault1670	chauveau	F. Chauveau
merveilles17_imp_ctb-perrault1670	chauveau	F. C.
merveilles17_imp_ctb-perrault1670	louisxiv	LE Roy
merveilles17_imp_ctb-perrault1670	louisxiv	Sa Majesté
merveilles17_imp_ctb-perrault1670	marie_therese	les Reynes
merveilles17_imp_ctb-perrault1670	anne_d_autriche	les Reynes
merveilles17_imp_ctb-perrault1670	louisxiv	Le Roy
merveilles17_imp_ctb-perrault1670	francois_bonne_crequi	Le Comte de Sault
merveilles17_imp_ctb-perrault1670	hj_bourbon_conde	Prince de Condé
merveilles17_imp_ctb-perrault1670	anne_d_autriche	la Reyne Mere
merveilles17_imp_ctb-perrault1670	sebastien_mabre_cramoisy	SEBASTIEN MABRE-CRAMOISY
merveilles17_imp_ctb-perrault1670	chauveau	F. Chauveau
merveilles17_imp_ctb-perrault1670	louisxiv	LVDOVICI XIV
merveilles17_imp_ctb-perrault1670	chauveau	F. C. fe.
merveilles17_imp_ctb-perrault1670	louisxiv	LODOICE
merveilles17_imp_ctb-perrault1670	louisxiv	LODOICE
merveilles17_imp_ctb-perrault1670	louisxiv	LODOICE
merveilles17_imp_ctb-perrault1670	louisxiv	LODOICVS
merveilles17_imp_ctb-perrault1670	bernardin_gigault_bellefonds	Bellefons
merveilles17_imp_ctb-perrault1670	louisxiv	LODOICVS
merveilles17_imp_ctb-perrault1670	francois_bonne_crequi	Comte de Sault
merveilles17_imp_dv-felibien1676	andre_felibien	Félibien André (1619-1695)
merveilles17_imp_dv-felibien1676	chauveau	Chauveau François (1613-1676)
merveilles17_imp_dv-felibien1676	lepautre	Lepautre Jean (1618-1682)
merveilles17_imp_dv-felibien1676	leclerc_sebastien	Leclerc Sébastien (1637-1714)
merveilles17_imp_dv-felibien1676	sebastien_mabre_cramoisy	Imprimerie royale
merveilles17_imp_dv-felibien1676	sebastien_mabre_cramoisy	Sébastien Mabre-Cramoisy
merveilles17_imp_dv-felibien1676	chauveau	F. Chauueau
merveilles17_imp_dv-felibien1676	louisxiv	LE ROY
merveilles17_imp_dv-felibien1676	louisxiv	Sa MAJESTÉ
merveilles17_imp_dv-felibien1676	louisxiv	le Roy
merveilles17_imp_dv-felibien1676	louisxiv	Le ROY
merveilles17_imp_dv-felibien1676	louisxiv	le ROY
merveilles17_imp_dv-felibien1676	louisxiv	Le ROY
merveilles17_imp_dv-felibien1676	philippe_quinault	sieur Quinaut
merveilles17_imp_dv-felibien1676	lully	sieur de Lully
merveilles17_imp_dv-felibien1676	louisxiv	leurs Majestez
merveilles17_imp_dv-felibien1676	marie_therese	leurs Majestez
merveilles17_imp_dv-felibien1676	louisxiv	le ROY
merveilles17_imp_dv-felibien1676	louisxiv	Le ROY
merveilles17_imp_dv-felibien1676	louisxiv	Sa MAJESTÉ
merveilles17_imp_dv-felibien1676	louisxiv	le ROY
merveilles17_imp_dv-felibien1676	leclerc_sebastien	Le Clerc
merveilles17_imp_dv-felibien1676	louisxiv	le ROY
merveilles17_imp_dv-felibien1676	louisxiv	Sa MAJESTÉ
merveilles17_imp_dv-felibien1676	louisxiv	le ROY
merveilles17_imp_dv-felibien1676	moliere	sieur Moliére
merveilles17_imp_dv-felibien1676	louisxiv	leurs MAJESTEZ
merveilles17_imp_dv-felibien1676	marie_therese	leurs MAJESTEZ
merveilles17_imp_dv-felibien1676	moliere	son Autheur
merveilles17_imp_dv-felibien1676	louisxiv	le ROY
merveilles17_imp_dv-felibien1676	louisxiv	leurs MAJESTEZ
merveilles17_imp_dv-felibien1676	marie_therese	leurs MAJESTEZ
merveilles17_imp_dv-felibien1676	louisxiv	leurs MAJESTEZ
merveilles17_imp_dv-felibien1676	marie_therese	leurs MAJESTEZ
merveilles17_imp_dv-felibien1676	lully	sieur de Lully
merveilles17_imp_dv-felibien1676	louisxiv	leurs MAJESTEZ
merveilles17_imp_dv-felibien1676	marie_therese	leurs MAJESTEZ
merveilles17_imp_dv-felibien1676	louisxiv	leurs MAJESTEZ
merveilles17_imp_dv-felibien1676	marie_therese	leurs MAJESTEZ
merveilles17_imp_dv-felibien1676	vigarani	Le sieur Vigarani
merveilles17_imp_dv-felibien1676	louisxiv	leurs MAJESTEZ
merveilles17_imp_dv-felibien1676	marie_therese	leurs MAJESTEZ
merveilles17_imp_dv-felibien1676	louisxiv	le ROY
merveilles17_imp_dv-felibien1676	louisxiv	le ROY
merveilles17_imp_dv-felibien1676	leclerc_sebastien	le Clerc
merveilles17_imp_dv-felibien1676	louisxiv	leurs MAJESTEZ
merveilles17_imp_dv-felibien1676	marie_therese	leurs MAJESTEZ
merveilles17_imp_dv-felibien1676	louisxiv	ROY
merveilles17_imp_dv-felibien1676	louisxiv	leurs MAJESTEZ
merveilles17_imp_dv-felibien1676	marie_therese	leurs MAJESTEZ
merveilles17_imp_dv-felibien1676	louisxiv	le ROY
merveilles17_imp_dv-felibien1676	racine	sieur Racine
merveilles17_imp_dv-felibien1676	racine	cét Autheur
merveilles17_imp_dv-felibien1676	louisxiv	leurs MAJESTEZ
merveilles17_imp_dv-felibien1676	marie_therese	leurs MAJESTEZ
merveilles17_imp_dv-felibien1676	louisxiv	le ROY
merveilles17_imp_dv-felibien1676	louisxiv	ROY
merveilles17_imp_dv-felibien1676	louisxiv	SA MAJESTÉ
merveilles17_imp_dv-felibien1676	louisxiv	le ROY
merveilles17_imp_dv-felibien1676	charles_le_brun	le sieur le Brun
merveilles17_imp_dv-felibien1676	leclerc_sebastien	Le Clerc
merveilles17_imp_dv-felibien1676	vigarani	le sieur Vigarani
merveilles17_imp_dv-felibien1676	louisxiv	le ROY
merveilles17_imp_dv-felibien1676	louisxiv	Sa MAJESTÉ
merveilles17_imp_dv-felibien1676	louisxiv	Leurs MAJESTEZ
merveilles17_imp_dv-felibien1676	marie_therese	Leurs MAJESTEZ
merveilles17_imp_dv-felibien1676	louisxiv	le ROY
merveilles17_imp_dv-felibien1676	louisxiv	leurs MAJESTEZ
merveilles17_imp_dv-felibien1676	marie_therese	leurs MAJESTEZ
merveilles17_imp_dv-felibien1676	louisxiv	ROY
merveilles17_imp_dv-felibien1676	louisxiv	leurs MAJESTEZ
merveilles17_imp_dv-felibien1676	marie_therese	leurs MAJESTEZ
merveilles17_imp_dv-felibien1676	louisxiv	le ROY
merveilles17_imp_dv-felibien1676	louisxiv	SA MAJESTÉ
merveilles17_imp_dv-felibien1676	louisxiv	le ROY
merveilles17_imp_dv-felibien1676	louisxiv	Sa MAJESTÉ
merveilles17_imp_dv-felibien1676	andre_felibien	FELIBIEN
merveilles17_imp_dv-felibien1676	sebastien_mabre_cramoisy	SEBASTIEN MABRE-CRAMOISY
merveilles17_imp_gazette16640216	renaudot	Renaudot, Théophraste (1586-1653).
merveilles17_imp_gazette16640216	louisxiv	Roy
merveilles17_imp_gazette16640216	anne_d_autriche	Reyne Mére
merveilles17_imp_gazette16640216	henriette_anne_angleterre	Madame
merveilles17_imp_gazette16640216	hj_bourbon_conde	le Prince
merveilles17_imp_gazette16640216	maille_breze_conde	la Princesse de Condé
merveilles17_imp_gazette16640216	anne_baviere_conde	la Duchesse d’Engüyen
merveilles17_imp_gazette16640216	louisxiv	Roy
merveilles17_imp_gazette16640216	saint_aignan	Duc de Saint Agnan
merveilles17_imp_gazette16640216	olympe_mancini_soissons	Comtesse de Soissons
merveilles17_imp_gazette16640216	marie_therese	Reyne
merveilles17_imp_gazette16640216	hj_bourbon_conde	Duc d’Enguyen
merveilles17_imp_gazette16640216	maximilien_iv_pierre_sully	Duc de Sully
merveilles17_imp_gazette16640216	louis_marie_aumont_rochebaron	Marquis de Villequier
merveilles17_imp_gazette16640216	magny	de Villeroy
merveilles17_imp_gazette16640216	henri_de_lorraine	Comte d’Armagnac
merveilles17_imp_gazette16640216	henri_de_daillon	Comte du Lude
merveilles17_imp_gazette16640216	cm_de_belleforiere	Marquis de Saucourt
merveilles17_imp_gazette16640216	florimond_ier_brulart	de Genlis
merveilles17_imp_gazette16640216	louisxiv	Roy
merveilles17_imp_gazette16640216	philippe_orleans	Monsieur
merveilles17_imp_gazette16640216	henri_ii_de_guise	Duc de Guyse
merveilles17_imp_gazette16640510	renaudot	Renaudot, Théophraste (1586-1653).
merveilles17_imp_gazette16640510	louisxiv	Leurs Majestez
merveilles17_imp_gazette16640510	marie_therese	Leurs Majestez
merveilles17_imp_gazette16640510	anne_d_autriche	Leurs Majestez
merveilles17_imp_gazette16640510	louisxiv	le Roy
merveilles17_imp_gazette16640510	jf_de_labaume	Marquis de la Valliére
merveilles17_imp_gazette16640510	anne_d_autriche	la Reyne Mére
merveilles17_imp_gazette16640510	louisxiv	Leurs Majestez
merveilles17_imp_gazette16640510	marie_therese	Leurs Majestez
merveilles17_imp_gazette16640510	anne_d_autriche	Leurs Majestez
merveilles17_imp_gazette16640528	renaudot	Renaudot, Théophraste (1586-1653).
merveilles17_imp_gazette16640528	louisxiv	Grand Monarque
merveilles17_imp_gazette16640528	saint_aignan	Duc de S. Agnan
merveilles17_imp_gazette16640528	marie_therese	la Reyne
merveilles17_imp_gazette16640528	saint_aignan	Duc de Saint Agnan
merveilles17_imp_gazette16640528	marie_therese	les Reynes
merveilles17_imp_gazette16640528	anne_d_autriche	les Reynes
merveilles17_imp_gazette16640528	marie_therese	Leurs Majestez
merveilles17_imp_gazette16640528	anne_d_autriche	Leurs Majestez
merveilles17_imp_gazette16640528	louisxiv	Leurs Majestez
merveilles17_imp_gazette16640528	louisxiv	le Roy
merveilles17_imp_gazette16640528	louisxiv	Sa Majesté
merveilles17_imp_gazette16640528	saint_aignan	Duc de S. Agnan
merveilles17_imp_gazette16640528	louisxiv	vn Roy
merveilles17_imp_gazette16640528	louisxiv	Sa Majesté
merveilles17_imp_gazette16640528	anne_de_noailles	Duc de Noailles
merveilles17_imp_gazette16640528	henri_ii_de_guise	Duc de Guyse
merveilles17_imp_gazette16640528	henri_de_lorraine	Comte d’ Armagnac
merveilles17_imp_gazette16640528	jb_gaston_foix_candale	Ducs de Foix
merveilles17_imp_gazette16640528	armand_du_cambout	de Coaslin
merveilles17_imp_gazette16640528	henri_de_daillon	Comte de Lude
merveilles17_imp_gazette16640528	francois_vii_de_la_rochefoucauld	Prince de Marillac
merveilles17_imp_gazette16640528	antoine_d_aumont	Marquis de Villequier
merveilles17_imp_gazette16640528	cm_de_belleforiere	Marquis de Soyecourt
merveilles17_imp_gazette16640528	louis_crevant	Marquis d’Humiéres
merveilles17_imp_gazette16640528	jf_de_labaume	Marquis de la Valliére
merveilles17_imp_gazette16640528	hj_bourbon_conde	Duc d’Enguyen
merveilles17_imp_gazette16640528	marie_therese	les Reynes
merveilles17_imp_gazette16640528	anne_d_autriche	les Reynes
merveilles17_imp_gazette16640528	marie_therese	la Reyne
merveilles17_imp_gazette16640528	louisxiv	Roy 
merveilles17_imp_gazette16640528	louisxiv	Roy
merveilles17_imp_gazette16640528	saint_aignan	Ducs de S. Agnan
merveilles17_imp_gazette16640528	anne_de_noailles	de Noailles
merveilles17_imp_gazette16640528	jf_de_labaume	Marquis de la Valliere
merveilles17_imp_gazette16640528	louisxiv	Leurs Majestez
merveilles17_imp_gazette16640528	marie_therese	Leurs Majestez
merveilles17_imp_gazette16640528	anne_d_autriche	Leurs Majestez
merveilles17_imp_gazette16640528	marie_therese	la Reyne
merveilles17_imp_gazette16640528	louisxiv	Leurs Majestez
merveilles17_imp_gazette16640528	marie_therese	Leurs Majestez
merveilles17_imp_gazette16640528	anne_d_autriche	Leurs Majestez
merveilles17_imp_gazette16640528	louisxiv	Leurs Majestez
merveilles17_imp_gazette16640528	marie_therese	Leurs Majestez
merveilles17_imp_gazette16640528	anne_d_autriche	Leurs Majestez
merveilles17_imp_gazette16640528	louisxiv	Leurs Majestez
merveilles17_imp_gazette16640528	marie_therese	Leurs Majestez
merveilles17_imp_gazette16640528	anne_d_autriche	Leurs Majestez
merveilles17_imp_gazette16640528	philippe_orleans	Monsieur
merveilles17_imp_gazette16640528	henriette_anne_angleterre	Madame
merveilles17_imp_gazette16640528	lully	Sieur Baptiste
merveilles17_imp_gazette16640528	louisxiv	Le Roy
merveilles17_imp_gazette16640528	marie_therese	les Reynes
merveilles17_imp_gazette16640528	anne_d_autriche	les Reynes
merveilles17_imp_gazette16640528	louisxiv	Leurs Majestez
merveilles17_imp_gazette16640528	marie_therese	Leurs Majestez
merveilles17_imp_gazette16640528	anne_d_autriche	Leurs Majestez
merveilles17_imp_gazette16640528	louisxiv	Leurs Majestez
merveilles17_imp_gazette16640528	marie_therese	Leurs Majestez
merveilles17_imp_gazette16640528	anne_d_autriche	Leurs Majestez
merveilles17_imp_gazette16640528	louisxiv	Leurs Majestez
merveilles17_imp_gazette16640528	marie_therese	Leurs Majestez
merveilles17_imp_gazette16640528	anne_d_autriche	Leurs Majestez
merveilles17_imp_gazette16640528	anne_d_autriche	Reyne Mére
merveilles17_imp_gazette16640528	vigarani	Sieur Vigarani
merveilles17_imp_gazette16640528	louisxiv	Monarque
merveilles17_imp_gazette16800807	renaudot	Renaudot, Théophraste (1586-1653).
merveilles17_imp_gazette16800807	louisxiv	Le Roy
merveilles17_imp_gazette16800807	marie_therese	la Reyne
merveilles17_imp_gazette16800807	louis_grand_dauphin	Monseigneur le Dauphin
merveilles17_imp_gazette16800807	marie_anne_baviere	Madame la Dauphine
merveilles17_imp_gazette16800807	louisxiv	Sa Majesté
merveilles17_imp_gazette16800807	anne-jules_de_noailles	Duc de Noailles
merveilles17_imp_gazette16800807	marie_anne_baviere	Leurs Majestez
merveilles17_imp_gazette16800807	louis_grand_dauphin	Leurs Majestez
merveilles17_imp_gazette16800807	marie_therese	Leurs Majestez
merveilles17_imp_gazette16800807	louisxiv	Leurs Majestez
merveilles17_imp_gazette16800807	philippe_orleans	Monsieur
merveilles17_imp_gazette16800807	elisabeth-charlotte_baviere	Madame
merveilles17_imp_gazette16800807	forbin-janson	L'Evesque & Comte de Beauvais Pair de France
merveilles17_imp_gazette16800807	elisabeth-charlotte_baviere	Leurs Majestez
merveilles17_imp_gazette16800807	philippe_orleans	Leurs Majestez
merveilles17_imp_gazette16800807	marie_anne_baviere	Leurs Majestez
merveilles17_imp_gazette16800807	louis_grand_dauphin	Leurs Majestez
merveilles17_imp_gazette16800807	marie_therese	Leurs Majestez
merveilles17_imp_gazette16800807	louisxiv	Leurs Majestez
merveilles17_imp_gazette16800807	louis_bethune	Le Duc de Charost Lieutenant de Roy
merveilles17_imp_gazette16800807	louisxiv	le Roy
merveilles17_imp_gazette16800807	louis_grand_dauphin	Monseigneur le Dauphin
merveilles17_imp_gazette16800807	louis_bethune	Duc de Charost
merveilles17_imp_gazette16800807	louisxiv	le Roy
merveilles17_imp_gazette16800807	marie_therese	la Reyne
merveilles17_imp_gazette16800807	henri_elbeuf	le Duc d'Elbeuf
merveilles17_imp_gazette16800807	louis_marie_aumont_rochebaron	Duc d'Aumont
merveilles17_imp_gazette16800807	elisabeth-charlotte_baviere	Leurs Majestez
merveilles17_imp_gazette16800807	philippe_orleans	Leurs Majestez
merveilles17_imp_gazette16800807	marie_anne_baviere	Leurs Majestez
merveilles17_imp_gazette16800807	louis_grand_dauphin	Leurs Majestez
merveilles17_imp_gazette16800807	marie_therese	Leurs Majestez
merveilles17_imp_gazette16800807	louisxiv	Leurs Majestez
merveilles17_imp_gazette16800807	louisxiv	le Roy
merveilles17_imp_gazette16800807	elisabeth-charlotte_baviere	Leurs Majestez
merveilles17_imp_gazette16800807	philippe_orleans	Leurs Majestez
merveilles17_imp_gazette16800807	marie_anne_baviere	Leurs Majestez
merveilles17_imp_gazette16800807	louis_grand_dauphin	Leurs Majestez
merveilles17_imp_gazette16800807	marie_therese	Leurs Majestez
merveilles17_imp_gazette16800807	louisxiv	Leurs Majestez
merveilles17_imp_gazette16800807	louisxiv	le Roy
merveilles17_imp_gazette16800807	louis_grand_dauphin	Monseigneur le Dauphin
merveilles17_imp_gazette16800807	louisxiv	Sa Majesté
merveilles17_imp_gazette16800807	seignelay_colbert	Marquis de Seignelay
merveilles17_imp_gazette16800807	combe	sieur de Combe
merveilles17_imp_gazette16800807	louisxiv	Le Roy
merveilles17_imp_gazette16800807	louisxiv	Sa Majesté
merveilles17_imp_gazette16800807	louisxiv	Le Roy
merveilles17_imp_gazette16800807	louisxiv	Sa Majesté
merveilles17_imp_gazette16800807	marie_therese	la Reyne
merveilles17_imp_gazette16800807	marie_anne_baviere	Madame la Dauphine
merveilles17_imp_gazette16800807	philippe_orleans	Monsieur
merveilles17_imp_gazette16800807	elisabeth-charlotte_baviere	Madame
merveilles17_imp_gazette16800807	louis_grand_dauphin	Monseigneur le Dauphin
merveilles17_imp_gazette16800807	louisxiv	le Roy
merveilles17_imp_gazette16800807	louisxiv	le Roy
merveilles17_imp_gazette16800807	elisabeth-charlotte_baviere	Leurs Majestez
merveilles17_imp_gazette16800807	philippe_orleans	Leurs Majestez
merveilles17_imp_gazette16800807	marie_anne_baviere	Leurs Majestez
merveilles17_imp_gazette16800807	louis_grand_dauphin	Leurs Majestez
merveilles17_imp_gazette16800807	marie_therese	Leurs Majestez
merveilles17_imp_gazette16800807	louisxiv	Leurs Majestez
merveilles17_imp_gazette16800807	louisxiv	Le Roy
merveilles17_imp_gazette16800807	louisxiv	le Roy
merveilles17_imp_gazette16800807	louis_grand_dauphin	Monseigneur le Dauphin
merveilles17_imp_gazette16800807	louisxiv	Sa Majesté
merveilles17_imp_gazette16800807	louisxiv	le Roy
merveilles17_imp_gazette16800807	de_sourdis	Chevalier de Sourdis
merveilles17_imp_gazette16800807	louisxiv	Sa Majesté
merveilles17_imp_gazette16800807	marie_therese	La Reyne
merveilles17_imp_gazette16800807	marie_anne_baviere	Madame la Dauphine
merveilles17_imp_gazette16800807	louisxiv	Roy
merveilles17_imp_gazette16800807	louis_grand_dauphin	Monseigneur le Dauphin
merveilles17_imp_gazette16800807	elisabeth-charlotte_baviere	Leurs Majestez
merveilles17_imp_gazette16800807	philippe_orleans	Leurs Majestez
merveilles17_imp_gazette16800807	marie_anne_baviere	Leurs Majestez
merveilles17_imp_gazette16800807	louis_grand_dauphin	Leurs Majestez
merveilles17_imp_gazette16800807	marie_therese	Leurs Majestez
merveilles17_imp_gazette16800807	louisxiv	Leurs Majestez
merveilles17_imp_gazette16800807	louisxiv	Le Roy
merveilles17_imp_gazette16800807	louis_grand_dauphin	Monseigneur le Dauphin
merveilles17_imp_gazette16800807	godefroi_d_estrades	Maréchal d'Estrades
merveilles17_imp_gazette16800807	elisabeth-charlotte_baviere	Leurs Majestez
merveilles17_imp_gazette16800807	philippe_orleans	Leurs Majestez
merveilles17_imp_gazette16800807	marie_anne_baviere	Leurs Majestez
merveilles17_imp_gazette16800807	louis_grand_dauphin	Leurs Majestez
merveilles17_imp_gazette16800807	marie_therese	Leurs Majestez
merveilles17_imp_gazette16800807	louisxiv	Leurs Majestez
merveilles17_imp_gazette16800807	louisxiv	Le Roy
merveilles17_imp_gazette16800807	louisxiv	Sa Majesté
merveilles17_imp_gazette16800807	lhery_chevalier	Chevalier de Léry
merveilles17_imp_gazette16800807	louisxiv	le Roy
merveilles17_imp_gazette16800807	louisxiv	Le Roy
merveilles17_imp_gazette16800807	louisxiv	Sa Majesté
merveilles17_imp_gazette16800807	marie_therese	La Reyne
merveilles17_imp_gazette16800807	marie_anne_baviere	Madame la Dauphine
merveilles17_imp_gazette16800807	philippe_orleans	Monsieur
merveilles17_imp_gazette16800807	elisabeth-charlotte_baviere	Madame
merveilles17_imp_gazette16800807	louisxiv	le Roy
merveilles17_imp_gazette16800807	louisxiv	Sa Majesté
merveilles17_imp_gazette16800807	tromp_maarten	Amiral Tromp
merveilles17_imp_gazette16800807	louisxiv	Le Roy
merveilles17_imp_gazette16800807	louisxiv	Le Roy
merveilles17_imp_gazette16800807	louisxiv	Le Roy
merveilles17_imp_gazette16800807	louisxiv	Sa Majesté
merveilles17_imp_gazette16800807	louisxiv	Le Roy
merveilles17_imp_gazette16800807	lhery_chevalier	Chevalier de Léri
merveilles17_imp_gazette16800807	louis_grand_dauphin	Monseigneur le Dauphin
merveilles17_imp_gazette16800807	louisxiv	Le Roy
merveilles17_imp_gazette16800807	pannetier	sieur Pannetier
merveilles17_imp_gazette16800807	albert	sieur Albert Capitaine de frégate
merveilles17_imp_gazette16800807	marie_therese	La Reyne
merveilles17_imp_gazette16800807	marie_anne_baviere	Madame la Dauphine
merveilles17_imp_gazette16800807	elisabeth-charlotte_baviere	Leurs Majestez
merveilles17_imp_gazette16800807	philippe_orleans	Leurs Majestez
merveilles17_imp_gazette16800807	marie_anne_baviere	Leurs Majestez
merveilles17_imp_gazette16800807	louis_grand_dauphin	Leurs Majestez
merveilles17_imp_gazette16800807	marie_therese	Leurs Majestez
merveilles17_imp_gazette16800807	louisxiv	Leurs Majestez
merveilles17_imp_gazette16800807	louisxiv	Le Roy
merveilles17_imp_gazette16800807	louis_grand_dauphin	Monseigneur le Dauphin
merveilles17_imp_gazette16800807	louisxiv	Le Roy
merveilles17_imp_gazette16800807	de_casaux	sieur de Casaux
merveilles17_imp_gazette16800807	louisxiv	Sa Majesté
merveilles17_imp_gazette16800807	louis_grand_dauphin	Monseigneur le Dauphin
merveilles17_imp_gazette16800807	elisabeth-charlotte_baviere	Leurs Majestez
merveilles17_imp_gazette16800807	philippe_orleans	Leurs Majestez
merveilles17_imp_gazette16800807	marie_anne_baviere	Leurs Majestez
merveilles17_imp_gazette16800807	louis_grand_dauphin	Leurs Majestez
merveilles17_imp_gazette16800807	marie_therese	Leurs Majestez
merveilles17_imp_gazette16800807	louisxiv	Leurs Majestez
merveilles17_imp_gazette16800807	louis_crevant	Maréchal de Humiéres
merveilles17_imp_gazette16800807	le_hardy_la_trousse	Marquis de la Trousse
merveilles17_imp_gazette16800807	louisxiv	Sa Majesté
merveilles17_imp_gazette16800807	elisabeth-charlotte_baviere	Leurs Majestez
merveilles17_imp_gazette16800807	philippe_orleans	Leurs Majestez
merveilles17_imp_gazette16800807	marie_anne_baviere	Leurs Majestez
merveilles17_imp_gazette16800807	louis_grand_dauphin	Leurs Majestez
merveilles17_imp_gazette16800807	marie_therese	Leurs Majestez
merveilles17_imp_gazette16800807	louisxiv	Leurs Majestez
merveilles17_imp_gazette16800807	Faramond	Pharamond
merveilles17_imp_gazette16800807	louisxiv	Sa Majesté
merveilles17_imp_gazette16800807	elisabeth-charlotte_baviere	Leurs Majestez
merveilles17_imp_gazette16800807	philippe_orleans	Leurs Majestez
merveilles17_imp_gazette16800807	marie_anne_baviere	Leurs Majestez
merveilles17_imp_gazette16800807	louis_grand_dauphin	Leurs Majestez
merveilles17_imp_gazette16800807	marie_therese	Leurs Majestez
merveilles17_imp_gazette16800807	louisxiv	Leurs Majestez
merveilles17_imp_gazette16800807	louisxiv	le Roy
merveilles17_imp_gazette16800807	louis_grand_dauphin	Monseigneur le Dauphin
merveilles17_imp_gazette16800807	elisabeth-charlotte_baviere	Leurs Majestez
merveilles17_imp_gazette16800807	philippe_orleans	Leurs Majestez
merveilles17_imp_gazette16800807	marie_anne_baviere	Leurs Majestez
merveilles17_imp_gazette16800807	louis_grand_dauphin	Leurs Majestez
merveilles17_imp_gazette16800807	marie_therese	Leurs Majestez
merveilles17_imp_gazette16800807	louisxiv	Leurs Majestez
merveilles17_imp_gazette16800807	louisxiv	Le Roy
merveilles17_imp_gazette16800807	louis_grand_dauphin	Monseigneur le Dauphin
merveilles17_imp_gazette16800807	louisxiv	Le Roy
merveilles17_imp_gazette16800807	elisabeth-charlotte_baviere	Leurs Majestez
merveilles17_imp_gazette16800807	philippe_orleans	Leurs Majestez
merveilles17_imp_gazette16800807	marie_anne_baviere	Leurs Majestez
merveilles17_imp_gazette16800807	louis_grand_dauphin	Leurs Majestez
merveilles17_imp_gazette16800807	marie_therese	Leurs Majestez
merveilles17_imp_gazette16800807	louisxiv	Leurs Majestez
merveilles17_imp_gazette16800807	louis_grand_dauphin	Monseigneur le Dauphin
merveilles17_imp_gazette16800807	nicolas_chalon_du_ble	Marquis d'Huxelles
merveilles17_imp_gazette16800807	louisxiv	le Roy
merveilles17_imp_gazette16800807	louisxiv	Sa Majesté
merveilles17_imp_gazette16800807	louis_grand_dauphin	Monseigneur le Dauphin
merveilles17_imp_gazette16800807	louisxiv	Le Roy
merveilles17_imp_gazette16800807	henri_de_daillon	Duc du Lude
merveilles17_imp_gazette16800807	bardi_magalotti	Comte Bardi-Magalotti
merveilles17_imp_gazette16800807	chatre_humieres	la Maréchale de Humiéres
merveilles17_imp_gazette16800807	marie_therese	la Reyne
merveilles17_imp_gazette16800807	marie_anne_baviere	Madame la Dauphine
merveilles17_imp_gazette16800807	elisabeth-charlotte_baviere	Madame
merveilles17_imp_gazette16800807	louisxiv	le Roy
merveilles17_imp_gazette16800808	renaudot	Renaudot, Théophraste (1586-1653).
merveilles17_imp_gazette16800808	elisabeth-charlotte_baviere	Leurs Majestez
merveilles17_imp_gazette16800808	philippe_orleans	Leurs Majestez
merveilles17_imp_gazette16800808	marie_anne_baviere	Leurs Majestez
merveilles17_imp_gazette16800808	louis_grand_dauphin	Leurs Majestez
merveilles17_imp_gazette16800808	marie_therese	Leurs Majestez
merveilles17_imp_gazette16800808	louisxiv	Leurs Majestez
merveilles17_imp_gazette16800808	louisxiv	le Roy
merveilles17_imp_gazette16800808	louisxiv	Roy
merveilles17_imp_gazette16800808	louisxiv	le Roy
merveilles17_imp_gazette16800808	louisxiv	Sa Majesté
merveilles17_imp_gazette16800808	louis_grand_dauphin	Monseigneur le Dauphin
merveilles17_imp_gazette16800808	marie_therese	La Reyne
merveilles17_imp_gazette16800808	marie_anne_baviere	Madame la Dauphine
merveilles17_imp_gazette16800808		Madame
merveilles17_imp_gazette16800808	louisxiv	Sa Majesté
merveilles17_imp_gazette16800808	louisxiv	Le Roy
merveilles17_imp_gazette16800808	elisabeth-charlotte_baviere	Leurs Majestez
merveilles17_imp_gazette16800808	philippe_orleans	Leurs Majestez
merveilles17_imp_gazette16800808	marie_anne_baviere	Leurs Majestez
merveilles17_imp_gazette16800808	louis_grand_dauphin	Leurs Majestez
merveilles17_imp_gazette16800808	marie_therese	Leurs Majestez
merveilles17_imp_gazette16800808	louisxiv	Leurs Majestez
merveilles17_imp_gazette16800808	pannetier	sieur Panetier
merveilles17_imp_gazette16800808	louisxiv	Le Roy
merveilles17_imp_gazette16800808	louis_grand_dauphin	Monseigneur le Dauphin
merveilles17_imp_gazette16800808	philippe_orleans	Monsieur
merveilles17_imp_gazette16800808	louisxiv	Sa Majesté
merveilles17_imp_gazette16800808	pannetier	Panetier
merveilles17_imp_gazette16800808	elisabeth-charlotte_baviere	Leurs Majestez
merveilles17_imp_gazette16800808	philippe_orleans	Leurs Majestez
merveilles17_imp_gazette16800808	marie_anne_baviere	Leurs Majestez
merveilles17_imp_gazette16800808	louis_grand_dauphin	Leurs Majestez
merveilles17_imp_gazette16800808	marie_therese	Leurs Majestez
merveilles17_imp_gazette16800808	louisxiv	Leurs Majestez
merveilles17_imp_gazette16800808	louisxiv	Sa Majesté
merveilles17_imp_gazette16800808	marie_therese	La Reyne
merveilles17_imp_gazette16800808	marie_anne_baviere	Madame la Dauphine
merveilles17_imp_gazette16800808	elisabeth-charlotte_baviere	Madame
merveilles17_imp_gazette16800808	louisxiv	Majesté
merveilles17_imp_gazette16800808	selingue	le sieur de Sélingue
merveilles17_imp_gazette16800808	elisabeth-charlotte_baviere	Leurs Majestez
merveilles17_imp_gazette16800808	philippe_orleans	Leurs Majestez
merveilles17_imp_gazette16800808	marie_anne_baviere	Leurs Majestez
merveilles17_imp_gazette16800808	louis_grand_dauphin	Leurs Majestez
merveilles17_imp_gazette16800808	marie_therese	Leurs Majestez
merveilles17_imp_gazette16800808	louisxiv	Leurs Majestez
merveilles17_imp_gazette16800808	louisxiv	le Roy
merveilles17_imp_gazette16800808	elisabeth-charlotte_baviere	Leurs Majestez
merveilles17_imp_gazette16800808	philippe_orleans	Leurs Majestez
merveilles17_imp_gazette16800808	marie_anne_baviere	Leurs Majestez
merveilles17_imp_gazette16800808	louis_grand_dauphin	Leurs Majestez
merveilles17_imp_gazette16800808	marie_therese	Leurs Majestez
merveilles17_imp_gazette16800808	louisxiv	Leurs Majestez
merveilles17_imp_gazette16800808	louisxiv	Le Roy
merveilles17_imp_gazette16800808	louis_grand_dauphin	Monseigneur le Dauphin
merveilles17_imp_gazette16800808	chatre_humieres	la Maréchale de Humiéres
merveilles17_imp_gazette16800808	marie_therese	la Reyne
merveilles17_imp_gazette16800808	marie_anne_baviere	Madame la Dauphine
merveilles17_imp_gazette16800808	elisabeth-charlotte_baviere	Madame
merveilles17_imp_gazette16800808	elisabeth-charlotte_baviere	Leurs Majestez
merveilles17_imp_gazette16800808	philippe_orleans	Leurs Majestez
merveilles17_imp_gazette16800808	marie_anne_baviere	Leurs Majestez
merveilles17_imp_gazette16800808	louis_grand_dauphin	Leurs Majestez
merveilles17_imp_gazette16800808	marie_therese	Leurs Majestez
merveilles17_imp_gazette16800808	louisxiv	Leurs Majestez
merveilles17_imp_gazette16800808	louisxiv	le Roy
merveilles17_imp_gazette16800808	louisxiv	Sa Majesté
merveilles17_imp_gazette16800808	monbron	sieur de Monbron
merveilles17_imp_gazette16800808	elisabeth-charlotte_baviere	Leurs Majestez
merveilles17_imp_gazette16800808	philippe_orleans	Leurs Majestez
merveilles17_imp_gazette16800808	marie_anne_baviere	Leurs Majestez
merveilles17_imp_gazette16800808	louis_grand_dauphin	Leurs Majestez
merveilles17_imp_gazette16800808	marie_therese	Leurs Majestez
merveilles17_imp_gazette16800808	louisxiv	Leurs Majestez
merveilles17_imp_gazette16800808	louisxiv	le Roy
merveilles17_imp_gazette16800808	louisxiv	Sa Majesté
merveilles17_imp_gazette16800808	louisxiv	Le Roy
merveilles17_imp_gazette16800808	louisxiv	Sa Majesté
merveilles17_imp_gazette16800808	dumetz	le sieur Dumetz
merveilles17_imp_gdv-felibien1668	andre_felibien	FÉLIBIEN André
merveilles17_imp_gdv-felibien1668	louisxiv	LE Roy
merveilles17_imp_gdv-felibien1668	louisxiv	Prince
merveilles17_imp_gdv-felibien1668	louisxiv	sa Majesté
merveilles17_imp_gdv-felibien1668	blanchefort_crequy	le Duc de Crequy
merveilles17_imp_gdv-felibien1668	bernardin_gigault_bellefonds	le Mareschal de Bellefond
merveilles17_imp_gdv-felibien1668	louisxiv	Roy
merveilles17_imp_gdv-felibien1668	colbert	Monsieur Colbert
merveilles17_imp_gdv-felibien1668	vigarani	Le sieur Vigarani
merveilles17_imp_gdv-felibien1668	henri_gissey	le sieur Gissey
merveilles17_imp_gdv-felibien1668	louis_le_vau	le sieur le Vau
merveilles17_imp_gdv-felibien1668	louisxiv	Roy
merveilles17_imp_gdv-felibien1668	louisxiv	le Roy
merveilles17_imp_gdv-felibien1668	marie_therese	la Reine
merveilles17_imp_gdv-felibien1668	louis_grand_dauphin	Monseigneur le Dauphin
merveilles17_imp_gdv-felibien1668	philippe_orleans	Monsieur
merveilles17_imp_gdv-felibien1668	henriette_anne_angleterre	Madame
merveilles17_imp_gdv-felibien1668	louisxiv	Roy
merveilles17_imp_gdv-felibien1668	louisxiv	le Roy
merveilles17_imp_gdv-felibien1668	marquis_de_gesvres	Marquis de Gesvres
merveilles17_imp_gdv-felibien1668	marie_therese	la Reine
merveilles17_imp_gdv-felibien1668	louisxiv	Majestez
merveilles17_imp_gdv-felibien1668	marie_therese	Majestez
merveilles17_imp_gdv-felibien1668	louisxiv	Leur Majestez
merveilles17_imp_gdv-felibien1668	marie_therese	Leur Majestez
merveilles17_imp_gdv-felibien1668	andre_le_notre	Le Jardinier
merveilles17_imp_gdv-felibien1668	louisxiv	Roy
merveilles17_imp_gdv-felibien1668	louisxiv	Monarque
merveilles17_imp_gdv-felibien1668	louisxiv	Majestez
merveilles17_imp_gdv-felibien1668	marie_therese	Majestez
merveilles17_imp_gdv-felibien1668	louisxiv	le Roy
merveilles17_imp_gdv-felibien1668	louisxiv	le Roy
merveilles17_imp_gdv-felibien1668	marie_therese	la Reine
merveilles17_imp_gdv-felibien1668	vigarani	sieur Vigarani
merveilles17_imp_gdv-felibien1668	sieur_du_mets	le sieur du Mets
merveilles17_imp_gdv-felibien1668	louisxiv	sa Majesté
merveilles17_imp_gdv-felibien1668	louisxiv	Elle
merveilles17_imp_gdv-felibien1668	louisxiv	leurs Majestez
merveilles17_imp_gdv-felibien1668	marie_therese	leurs Majestez
merveilles17_imp_gdv-felibien1668	bernardin_gigault_bellefonds	le Mareschal de Bellefond
merveilles17_imp_gdv-felibien1668	de_launay	le sieur de Launay
merveilles17_imp_gdv-felibien1668	louisxiv	Roy
merveilles17_imp_gdv-felibien1668	beauchamp	Beauchamp
merveilles17_imp_gdv-felibien1668	andre_hubert	André
merveilles17_imp_gdv-felibien1668	la_pierre	La Pierre
merveilles17_imp_gdv-felibien1668	favier	Favier
merveilles17_imp_gdv-felibien1668	descouteaux	Descouteaux
merveilles17_imp_gdv-felibien1668	philbert	Philibert
merveilles17_imp_gdv-felibien1668	jean_hottere	Jean
merveilles17_imp_gdv-felibien1668	martin_hottere	Martin Hottere
merveilles17_imp_gdv-felibien1668	hilaire_dupuis	Mlle Hylaire
merveilles17_imp_gdv-felibien1668	mlle_de_froteaux	Mlle de Froteaux
merveilles17_imp_gdv-felibien1668	simon_blondel	Blondel
merveilles17_imp_gdv-felibien1668	jean_gaye	Gaye
merveilles17_imp_gdv-felibien1668	moliere	Moliere
merveilles17_imp_gdv-felibien1668	jouan	Joüan
merveilles17_imp_gdv-felibien1668	beauchamp	Beauchamp
merveilles17_imp_gdv-felibien1668	chicanneau	Chicanneau
merveilles17_imp_gdv-felibien1668	favier	Favier
merveilles17_imp_gdv-felibien1668	noblet	Noblet
merveilles17_imp_gdv-felibien1668	mayeu	Mayeu
merveilles17_imp_gdv-felibien1668	chicanneau	Chicanneau
merveilles17_imp_gdv-felibien1668	saint_andre	S. André
merveilles17_imp_gdv-felibien1668	la_pierre	La Pierre
merveilles17_imp_gdv-felibien1668	favier	Favier
merveilles17_imp_gdv-felibien1668	bonard	Bonard
merveilles17_imp_gdv-felibien1668	arnald	Arnald
merveilles17_imp_gdv-felibien1668	noblet	Noblet
merveilles17_imp_gdv-felibien1668	foignard	Foignard
merveilles17_imp_gdv-felibien1668	estival	D’Estival
merveilles17_imp_gdv-felibien1668	gingan	Gingan
merveilles17_imp_gdv-felibien1668	le_gros	Le Gros
merveilles17_imp_gdv-felibien1668	beauchamp	Beauchamp
merveilles17_imp_gdv-felibien1668	dolivet	Dolivet
merveilles17_imp_gdv-felibien1668	chicanneau	Chicanneau
merveilles17_imp_gdv-felibien1668	mayeu	Mayeu
merveilles17_imp_gdv-felibien1668	paysan	Paysan
merveilles17_imp_gdv-felibien1668	manceau	Manceau
merveilles17_imp_gdv-felibien1668	le_roy	Le Roy
merveilles17_imp_gdv-felibien1668	pesan	Pesan
merveilles17_imp_gdv-felibien1668	lully	Lully
merveilles17_imp_gdv-felibien1668	louisxiv	le Roy
merveilles17_imp_gdv-felibien1668	louisxiv	Roy
merveilles17_imp_gdv-felibien1668	louisxiv	Roy
merveilles17_imp_gdv-felibien1668	louisxiv	sa Majesté
merveilles17_imp_gdv-felibien1668	philippe_orleans	Monsieur
merveilles17_imp_gdv-felibien1668	louisxiv	sa Majesté
merveilles17_imp_gdv-felibien1668	mesdemoiselles_d_angouleme	Mesdemoiselles d’Angoulesmes
merveilles17_imp_gdv-felibien1668	aubry_de_courcy	Me Aubry de Courcy
merveilles17_imp_gdv-felibien1668	madame_de_saint_arbre	Me de Saint Arbre
merveilles17_imp_gdv-felibien1668	madame_de_broglio	Me de Broglio
merveilles17_imp_gdv-felibien1668	marie_de_bailleul	Me de Bailleul
merveilles17_imp_gdv-felibien1668	madame_de_bonnelle	Me de Bonnelle
merveilles17_imp_gdv-felibien1668	suzanne_bignon	Me Bignon
merveilles17_imp_gdv-felibien1668	madame_de_bordeaux	Me de Bordeaux
merveilles17_imp_gdv-felibien1668	mademoiselle_borelle	Mlle Borelle
merveilles17_imp_gdv-felibien1668	elisabeth_de_brissac	Me de Brissac
merveilles17_imp_gdv-felibien1668	marie_angelique_de_coulange	Me de Coulange
merveilles17_imp_gdv-felibien1668	marechale_de_clerembaut	Me la Mareschale de Clerembaut
merveilles17_imp_gdv-felibien1668	marechale_de_castelnau	Me la Mareschale de Castelnau
merveilles17_imp_gdv-felibien1668	sybille_de_comminge	Me de Comminge
merveilles17_imp_gdv-felibien1668	marquise_de_castelnau	Me la Marquise de Castelnau
merveilles17_imp_gdv-felibien1668	marie_lorraine_elbeuf	Mlle d’Elbeuf
merveilles17_imp_gdv-felibien1668	madeleine_d_albret	Me la Mareschale d’Albret
merveilles17_imp_gdv-felibien1668	mlle_d_albret	Mlle sa fille
merveilles17_imp_gdv-felibien1668	gabrielle_d_estrees	Me la Mareschale d’Estrée
merveilles17_imp_gdv-felibien1668	marechale_de_la_ferte	Me la Mareschale de la Ferté
merveilles17_imp_gdv-felibien1668	madame_de_la_fayette	Me de la Fayette
merveilles17_imp_gdv-felibien1668	gilonne_d_harcourt	Me la Cõtesse de Fiesque
merveilles17_imp_gdv-felibien1668	madame_de_fontenay_hotman	Me de Fontenay Hotman
merveilles17_imp_gdv-felibien1668	madame_de_fieubet	Me de Fieubet
merveilles17_imp_gdv-felibien1668	marechale_de_grancey	Me la Mareschalle de Grancay
merveilles17_imp_gdv-felibien1668	mlles_de_grancey	Mlles ses deux filles
merveilles17_imp_gdv-felibien1668	madame_des_hameaux	Me des Hameaux
merveilles17_imp_gdv-felibien1668	marechale_de_l_hospital	Me la Mareschalle de l’Hospital
merveilles17_imp_gdv-felibien1668	lieutenante_civile	Me la Lientenãnte Civile
merveilles17_imp_gdv-felibien1668	comtesse_de_louvigny	Me la Comtesse de Louvigny
merveilles17_imp_gdv-felibien1668	mademoiselle_de_manicham	Mlle de Manicham
merveilles17_imp_gdv-felibien1668	madame_de_mekelbourg	Me de Mekelbourg
merveilles17_imp_gdv-felibien1668	grande_marechale	Me la grande Mareschalle
merveilles17_imp_gdv-felibien1668	madame_de_marre	Me de Marré
merveilles17_imp_gdv-felibien1668	marie_nemours	Me de Nemours
merveilles17_imp_gdv-felibien1668	anne_de_richelieu	Me de Richelieu
merveilles17_imp_gdv-felibien1668	duchesse_de_richemont	Me la Duchesse de Richemont
merveilles17_imp_gdv-felibien1668	mlle_de_tresme	Mlle de Tresme
merveilles17_imp_gdv-felibien1668	marie_tambonneau	Me Tambonneau
merveilles17_imp_gdv-felibien1668	madame_de_la_trousse	Me de la Trousse
merveilles17_imp_gdv-felibien1668	presidente_tubeuf	Me la Presidẽnte Tubeuf
merveilles17_imp_gdv-felibien1668	louise_la_valliere	Me la Duchesse de la Valierre
merveilles17_imp_gdv-felibien1668	guenievre_de_villacerf	Me de Vilacerf
merveilles17_imp_gdv-felibien1668	duchesse_de_virtemberg	Me la Duchesse de Virtemberg
merveilles17_imp_gdv-felibien1668	fille_virtemberg	Me sa fille
merveilles17_imp_gdv-felibien1668	madame_de_valavoire	Me de Valavoire
merveilles17_imp_gdv-felibien1668	bernardin_gigault_bellefonds	le Mareschal de Bellefond
merveilles17_imp_gdv-felibien1668	sieur_de_valentine	le Sieur de Valentiné
merveilles17_imp_gdv-felibien1668	louisxiv	Roy
merveilles17_imp_gdv-felibien1668	marie_therese	la Reine
merveilles17_imp_gdv-felibien1668	henriette_anne_angleterre	Madame
merveilles17_imp_gdv-felibien1668	anne_marie_louise_henriette_orleans	Mademoiselle
merveilles17_imp_gdv-felibien1668	maille_breze_conde	Madame la Princesse
merveilles17_imp_gdv-felibien1668	marie_bourbon_carignan	Madame la Princesse de Carignan 
merveilles17_imp_gdv-felibien1668	louis_grand_dauphin	Monseigneur le Dauphin
merveilles17_imp_gdv-felibien1668	louisxiv	Le Roy
merveilles17_imp_gdv-felibien1668	hj_bourbon_conde	Monsieur le Duc
merveilles17_imp_gdv-felibien1668	philippe_orleans	Monsieur
merveilles17_imp_gdv-felibien1668	sieur_de_valentine	le Sieur de Valentiné
merveilles17_imp_gdv-felibien1668	sieurs_grotteau	Les Sieurs Grotteau
merveilles17_imp_gdv-felibien1668	gaut	Gaut
merveilles17_imp_gdv-felibien1668	chamois	Chamois
merveilles17_imp_gdv-felibien1668	bernardin_gigault_bellefonds	Le Mareschal de Bellefond
merveilles17_imp_gdv-felibien1668	marie_therese	la Reine
merveilles17_imp_gdv-felibien1668	courtet	Le Sieur Courtet
merveilles17_imp_gdv-felibien1668	henriette_anne_angleterre	Madame
merveilles17_imp_gdv-felibien1668	sieur_de_la_grande	le Sieur de la Grande
merveilles17_imp_gdv-felibien1668	louisxiv	Roy
merveilles17_imp_gdv-felibien1668	marie_therese	la Reine
merveilles17_imp_gdv-felibien1668	philippe_orleans	Monsieur
merveilles17_imp_gdv-felibien1668	henriette_anne_angleterre	Madame
merveilles17_imp_gdv-felibien1668	louisxiv	Majestez
merveilles17_imp_gdv-felibien1668	marie_therese	Majestez
merveilles17_imp_gdv-felibien1668	olympe_mancini_soissons	Mad. la Comtesse de Soissons
merveilles17_imp_gdv-felibien1668	louise_savoie_bade	Mad. la Princesse de Bade
merveilles17_imp_gdv-felibien1668	lansac_crequi	Mad. la Duchesse de Crequy
merveilles17_imp_gdv-felibien1668	anne_de_la_mothe_houdancourt	Mad. la Marechalle de la Mothe
merveilles17_imp_gdv-felibien1668	julie_montausier	Mad. de Montausier
merveilles17_imp_gdv-felibien1668	marechale_de_bellefond	Mad. la Mareschalle de Bellefond
merveilles17_imp_gdv-felibien1668	chatre_humieres	Mad. la Marechalle d’Humieres
merveilles17_imp_gdv-felibien1668	beauvilliers_bethune	Madame de Bethune
merveilles17_imp_gdv-felibien1668	marechale_de_bellefond	Madame la Mareschalle de Bellefond
merveilles17_imp_gdv-felibien1668	louisxiv	Roy
merveilles17_imp_gdv-felibien1668	marie_therese	la Reine
merveilles17_imp_gdv-felibien1668	marie_therese	Reine
merveilles17_imp_gdv-felibien1668	louisxiv	Roy
merveilles17_imp_gdv-felibien1668	louisxiv	Le Roy
merveilles17_imp_gdv-felibien1668	louisxiv	le Roy
merveilles17_imp_gdv-felibien1668	denis_jolly	Le sieur Joly
merveilles17_imp_gdv-felibien1668	louisxiv	leurs Majestez
merveilles17_imp_gdv-felibien1668	marie_therese	leurs Majestez
merveilles17_imp_gdv-felibien1668	henri_gissey	Le sieur Gissey
merveilles17_imp_gdv-felibien1668	louisxiv	le Roy
merveilles17_imp_gdv-felibien1668	louisxiv	leurs Majestez
merveilles17_imp_gdv-felibien1668	marie_therese	leurs Majestez
merveilles17_imp_gdv-felibien1668	louisxiv	Elles
merveilles17_imp_gdv-felibien1668	marie_therese	Elles
merveilles17_imp_gdv-felibien1668	louisxiv	Leurs Majestez
merveilles17_imp_gdv-felibien1668	marie_therese	Leurs Majestez
merveilles17_imp_gdv-felibien1668	louis_grand_dauphin	Monseigneur le Dauphin
merveilles17_imp_gdv-felibien1668	louisxiv	le Roy
merveilles17_imp_gdv-felibien1668	louisxiv	Elle
merveilles17_imp_gdv-felibien1668	louisxiv	Prince
merveilles17_imp_gdv-felibien1668	louisxiv	sa Majesté
merveilles17_imp_gdv-felibien1668	louisxiv	elle
merveilles17_imp_loret16640202	loret	Loret Jean (1595 ?-1665).
merveilles17_imp_loret16640202	marie_therese	la Reine
merveilles17_imp_loret16640202	catherine_bellier	Dame de Beauvais
merveilles17_imp_loret16640202	anne_d_autriche	Reine Mére
merveilles17_imp_loret16640202	louisxiv	Roy
merveilles17_imp_loret16640202	therese_duparc	Du-Parc
merveilles17_imp_loret16640202	moliere	Moliére
merveilles17_imp_loret16640216	loret	Loret Jean (1595 ?-1665).
merveilles17_imp_loret16640216	marie_nemours	MADAME
merveilles17_imp_loret16640216	jacques_philippe_girard_charnasse	Commandant, Charnassé
merveilles17_imp_loret16640216	louisxiv	Louis
merveilles17_imp_loret16640216	louisxiv	Roy
merveilles17_imp_loret16640216	louisxiv	Roy
merveilles17_imp_loret16640216	floridor	Floridor
merveilles17_imp_loret16640216	mlle_des_oeillets	Mademoiselle Des-Oeillets
merveilles17_imp_loret16640216	mlle_d_ennebault	sieur Monfleury la Fille
merveilles17_imp_loret16640216	montfleury	Monfleury
merveilles17_imp_loret16640216	louisxiv	Monarque
merveilles17_imp_loret16640216	philippe_orleans	Monsieur d’Orleans
merveilles17_imp_loret16640216	marie_therese	La jeune Reine
merveilles17_imp_loret16640216	marie_therese	Sa Majesté
merveilles17_imp_loret16640216	olympe_mancini_soissons	aimable Princesse,
merveilles17_imp_loret16640216	olympe_mancini_soissons	Qui de Soissons est la Comtesse
merveilles17_imp_loret16640216	mlle_de_nemours	Mademoizelle de Nemours
merveilles17_imp_loret16640216	marie_francoise_d_aumale	Mademoiselle d’Aumale
merveilles17_imp_loret16640216	lansac_crequi	Dame de Créqui
merveilles17_imp_loret16640216	madeleine_charlotte_albert_ailly	Madame de Foix
merveilles17_imp_loret16640216	mme_de_sully	Sully
merveilles17_imp_loret16640216	anne_rohan_montbazon	de Luynes
merveilles17_imp_loret16640216	mme_de_villequier	Vilequier, Marquize
merveilles17_imp_loret16640216	madame_montespan	de Montespan
merveilles17_imp_loret16640216	mme_de_vibray	Dame de Vibray
merveilles17_imp_loret16640216	julie_montausier	Montauzier
merveilles17_imp_loret16640216	marie_brancas	Brancas
merveilles17_imp_loret16640216	louise_rouxel_grancey	Grancé
merveilles17_imp_loret16640216	marechale_de_castelnau	Castelnau
merveilles17_imp_loret16640216	anne_de_la_mothe_houdancourt	Mademoiselle de la Mothe
merveilles17_imp_loret16640216	mlle_d_ardennes	Dardennes
merveilles17_imp_loret16640216	louise_marie_la_grange_arquien	D’Arquien
merveilles17_imp_loret16640216	mlle_de_cologon	Cologon
merveilles17_imp_loret16640216	mlle_de_pons	De-Pons
merveilles17_imp_loret16640216	francoise_de_sevigne_grignan	Sévigny
merveilles17_imp_loret16640216	hilaire_dupuis	Mesdem. Hilaire
merveilles17_imp_loret16640216	cercamanan	Cercamanan
merveilles17_imp_loret16640216	anna_bergerotti	Anne Bergeroti
merveilles17_imp_loret16640216	ballard	Balard
merveilles17_imp_loret16640216	marie_nemours	Princesse de Nemours
merveilles17_imp_loret16640510	loret	Loret Jean (1595 ?-1665).
merveilles17_imp_loret16640510	marie_nemours	Princesse
merveilles17_imp_loret16640510	jf_de_labaume	La-Valliére
merveilles17_imp_loret16640510	anne_d_autriche	Reine-Mére
merveilles17_imp_loret16640510	moliere	Molière
merveilles17_imp_loret16640510	moliere	Autheur
merveilles17_imp_loret16640510	hilaire_dupuis	l’Hilaire
merveilles17_imp_loret16640510	mlle_de_la_barre	la Barre
merveilles17_imp_loret16640510	louisxiv	Porte-Couronne
merveilles17_imp_loret16640510	louisxiv	Monarque
merveilles17_imp_loret16640510	arioste	l’Arioste
merveilles17_imp_loret16640510	marie_nemours	Altesse
merveilles17_imp_loret16640517	loret	Loret Jean (1595 ?-1665).
merveilles17_imp_loret16640517	marie_nemours	Princesse
merveilles17_imp_loret16640517	louisxiv	Roy
merveilles17_imp_loret16640517	armand_du_cambout	Monseigneur le Duc de Coâlin
merveilles17_imp_loret16640517	marie_therese	illustre mains
merveilles17_imp_loret16640517	marie_nemours	ma Muze
merveilles17_imp_loret16640517	armand_du_cambout	Duc
merveilles17_imp_loret16640802	loret	Loret Jean (1595 ?-1665).
merveilles17_imp_loret16640802	marie_nemours	PRINCESSE
merveilles17_imp_loret16640802	louisxiv	Sa Majesté
merveilles17_imp_loret16640802	flavio_chigi	Monseigneur le Légat Chizy
merveilles17_imp_loret16640802	philippe_orleans	Monsieur
merveilles17_imp_loret16640802	flavio_chigi	Prince Romain
merveilles17_imp_loret16640802	louisxiv	Roy
merveilles17_imp_loret16640802	louisxiv	Roy
merveilles17_imp_loret16640802	marie_therese	Reines
merveilles17_imp_loret16640802	anne_d_autriche	Reines
merveilles17_imp_loret16640802	louis_grand_dauphin	Daufin de France
merveilles17_imp_loret16640802	louisxiv	Sire
merveilles17_imp_loret16640802	flavio_chigi	Légat
merveilles17_imp_loret16640802	moliere	Moliére
merveilles17_imp_loret16640802	lully	Lully
merveilles17_imp_loret16640802	lully	Lully
merveilles17_imp_loret16640802	moliere	L’autre
merveilles17_imp_loret16640802	flavio_chigi	noble Eminence
merveilles17_imp_loret16640802	hilaire_dupuis	Mademoizelle Hilaire
merveilles17_imp_loret16640802	mlle_de_la_barre	La-Barre
merveilles17_imp_loret16640802	marie_therese	les Reines
merveilles17_imp_loret16640802	anne_d_autriche	les Reines
merveilles17_imp_loret16640802	louisxiv	Sire
merveilles17_imp_loret16640802	corneille	Corneille
merveilles17_imp_loret16640802	flavio_chigi	Le Légat
merveilles17_imp_loret16640802	corneille	son Auteur
merveilles17_imp_loret16640802	corneille	sieur de Corneille
merveilles17_imp_loret16640802	flavio_chigi	Monsieur le Légat
merveilles17_imp_loret16640809	loret	Loret Jean (1595 ?-1665).
merveilles17_imp_loret16640809	flavio_chigi	le Légat
merveilles17_imp_loret16640809	marie_nemours	Princesse
merveilles17_imp_loret16640809	flavio_chigi	Eminent Prélat
merveilles17_imp_loret16640809	louisxiv	Roy
merveilles17_imp_loret16640809	louisxiv	Roy
merveilles17_imp_loret16640809	charles_albert_ailly	Monsieur de Chaune
merveilles17_imp_loret16640809	louisxiv	Sa Majesté
merveilles17_imp_loret16640809	flavio_chigi	Sadite Eminence
merveilles17_imp_loret16640809	louisxiv	Roy nôtre Sire
merveilles17_imp_loret16640809	flavio_chigi	Le Légat
merveilles17_imp_loret16640809	anne_d_autriche	la Reine-Mére
merveilles17_imp_loret16640809	flavio_chigi	Monseigneur Chizy
merveilles17_imp_loret16640809	flavio_chigi	Son Eminence
merveilles17_imp_loret16640809	flavio_chigi	Illustre Eminence
merveilles17_imp_loret16640809	louisxiv	Roy
merveilles17_imp_loret16640809	flavio_chigi	Légat
merveilles17_imp_loret16640809	flavio_chigi	Legat
merveilles17_imp_loret16640809	louisxiv	Grand Roy
merveilles17_imp_loret16640809	louisxiv	Souverain
merveilles17_imp_loret16640809	flavio_chigi	ce Prélat
merveilles17_imp_loret16640809	flavio_chigi	Prince Romain
merveilles17_imp_loret16640809	flavio_chigi	Seigneur Cardinal-Légat
merveilles17_imp_loret16640809	saint_amant	Monsieur de Saint-Amand
merveilles17_imp_loret16640809	jean_chapelain	Chapelain
merveilles17_imp_loret16640809	francois_malherbe	Malerbe
merveilles17_imp_loret16640809	jacques_davy_perron	Perron
merveilles17_imp_loret16640809	paul_scarron	Scarron
merveilles17_imp_loret16640809	vincent_voiture	Monsieur de Voiture
merveilles17_imp_loret16640809	marie_nemours	Princesse
merveilles17_imp_loret16640809	flavio_chigi	Monsieur Chizy
merveilles17_imp_mariagefballard1664_001	moliere	POQUELIN Jean-Baptiste, dit Molière (1622-1673)
merveilles17_imp_mariagefballard1664_001	louisxiv	ROY
merveilles17_imp_mariagefballard1664_001	louisxiv	sa Majesté
merveilles17_imp_mariagefballard1664_001	ballard	ROBERT BALLARD
merveilles17_imp_mariagefballard1664_001	moliere	Molier
merveilles17_imp_mariagefballard1664_001	la_thorilliere	La Thorilliere
merveilles17_imp_mariagefballard1664_001	therese_duparc	Madlle du Parc
merveilles17_imp_mariagefballard1664_001	louis_bejart	Bejart
merveilles17_imp_mariagefballard1664_001	la_grange	La Grange
merveilles17_imp_mariagefballard1664_001	madeleine_bejart	Madlle. Bejart
merveilles17_imp_mariagefballard1664_001	mlle_de_brie	Madlle. de Brie
merveilles17_imp_mariagefballard1664_001	brecourt	Brecourt
merveilles17_imp_mariagefballard1664_001	du_croisy	Du Croisy
merveilles17_imp_mariagefballard1664_001	hilaire_dupuis	Mademoiselle Hylaire
merveilles17_imp_mariagefballard1664_001	dolivet	Le Sieur Doliuet
merveilles17_imp_mariagefballard1664_001	saint_andre	Les Sieurs S. André
merveilles17_imp_mariagefballard1664_001	desbrosses	Desbrosses
merveilles17_imp_mariagefballard1664_001	de_lorges	Les Sieurs de Lorge
merveilles17_imp_mariagefballard1664_001	le_chantre	le Chantre
merveilles17_imp_mariagefballard1664_001	henri_de_lorraine	Comte d’Armagnac
merveilles17_imp_mariagefballard1664_001	d_heureux	Messieurs d’Heureux
merveilles17_imp_mariagefballard1664_001	beauchamp	Beauchamp
merveilles17_imp_mariagefballard1664_001	des_airs_le_second	des-Airs le jeune
merveilles17_imp_mariagefballard1664_001	louisxiv	LE ROY
merveilles17_imp_mariagefballard1664_001	nicolas_neufville_villeroy	Le Marquis de Villeroy
merveilles17_imp_mariagefballard1664_001	rassan	Le Marquis de Rassan
merveilles17_imp_mariagefballard1664_001	raynal	les Sieurs Raynal
merveilles17_imp_mariagefballard1664_001	noblet	Noblet
merveilles17_imp_mariagefballard1664_001	la_pierre	la Pierre
merveilles17_imp_mariagefballard1664_001	estival	Monsieur Destiual
merveilles17_imp_mariagefballard1664_001	beauchamp	Monsieur Beauchamp
merveilles17_imp_mariagefballard1664_001	d_heureux	Messieurs d’Heureux
merveilles17_imp_mariagefballard1664_001	de_lorges	de Lorge
merveilles17_imp_mariagefballard1664_001	des_airs_l_aine	des-Airs l’aisné
merveilles17_imp_mariagefballard1664_001	mercier	le Mercier
merveilles17_imp_mariagefballard1664_001	dolivet	M. Doliuet
merveilles17_imp_mariagefballard1664_001	anna_bergerotti	La Seignora Anna Bergerotti
merveilles17_imp_mariagefballard1664_001	bordigoni	Bordigoni
merveilles17_imp_mariagefballard1664_001	chiarini	Chiarini
merveilles17_imp_mariagefballard1664_001	Jon	Ion
merveilles17_imp_mariagefballard1664_001	agustin	Agustin
merveilles17_imp_mariagefballard1664_001	taillavaca	Taillauaca
merveilles17_imp_mariagefballard1664_001	angelo_michael	Angelo Michaël
merveilles17_imp_mariagefballard1664_001	du_pille_aine	Messieurs du Pille
merveilles17_imp_mariagefballard1664_001	tartas	Tartas
merveilles17_imp_mariagefballard1664_001	la_lanne	Messieurs de la Lanne
merveilles17_imp_mariagefballard1664_001	saint_andre	de S. André
merveilles17_imp_mariagefballard1664_001	lully	Monsieur Lully
merveilles17_imp_mariagefballard1664_001	balthazar	Les Sieurs Balthasard
merveilles17_imp_mariagefballard1664_001	vagnac	Vagnac
merveilles17_imp_mariagefballard1664_001	bonard	Bonnard
merveilles17_imp_mariagefballard1664_001	la_pierre	la Pierre
merveilles17_imp_mariagefballard1664_001	descouteaux	Descouteaux
merveilles17_imp_mariagefballard1664_001	louis_hottere	les trois Opterres frères
merveilles17_imp_mariagefballard1664_001	martin_hottere	les trois Opterres frères
merveilles17_imp_mariagefballard1664_001	nicolas_hottere	les trois Opterres frères
merveilles17_imp_mariagefballard1664_001	hj_bourbon_conde	Monsieur le Duc
merveilles17_imp_mariagefballard1664_001	saint_aignan	Monsieur le Duc de S. Aignan
merveilles17_imp_mariagefballard1664_001	beauchamp	Messieurs Beauchamp
merveilles17_imp_mariagefballard1664_001	raynal	Raynal
merveilles17_imp_ormessonmai1664	lefevre_ormesson	Lefèvre d’Ormesson Olivier (1616-1686).
merveilles17_imp_ormessonmai1664	mme_de_sevigne	Mme de Sévigné
merveilles17_imp_ormessonmai1664	louisxiv	roy
merveilles17_imp_ormessonmai1664	henri_ii_de_guise	MM. De Guise
merveilles17_imp_ormessonmai1664	charles_iii_lorraine_guise	d’Elbeuf
merveilles17_imp_pie-ballard1	benserade	Benserade Isaac de (1613-1691)
merveilles17_imp_pie-ballard1	moliere	Poquelin Jean-Baptiste dit Molière (1622-1673)
merveilles17_imp_pie-ballard1	lully	Lully Jean-Baptiste (1632-1687)
merveilles17_imp_pie-ballard1	ballard	Ballard Robert
merveilles17_imp_pie-ballard1	louisxiv	Roy
merveilles17_imp_pie-ballard1	ballard	ROBERT BALLARD
merveilles17_imp_pie-ballard1	louisxiv	Roy
merveilles17_imp_pie-ballard1	louisxiv	sa Majesté
merveilles17_imp_pie-ballard1	marie_therese	la Reyne
merveilles17_imp_pie-ballard1	louisxiv	sa Majesté
merveilles17_imp_pie-ballard1	desbardins	Monsieur Desbardins
merveilles17_imp_pie-ballard1	saint_aignan	Duc de Saint-Aignan
merveilles17_imp_pie-ballard1	saint_aignan	Duc de Saint-Aignan
merveilles17_imp_pie-ballard1	louisxiv	LE ROY
merveilles17_imp_pie-ballard1	louisxiv	LE ROY
merveilles17_imp_pie-ballard1	louisxiv	LE ROY
merveilles17_imp_pie-ballard1	anne_de_noailles	Duc de Noailles
merveilles17_imp_pie-ballard1	anne_de_noailles	Duc de Noailles
merveilles17_imp_pie-ballard1	henri_ii_de_guise	Le Duc de Guise
merveilles17_imp_pie-ballard1	henri_de_lorraine	le Comte d’Armagnac
merveilles17_imp_pie-ballard1	henri_ii_de_guise	Le Duc de Guise
merveilles17_imp_pie-ballard1	henri_ii_de_guise	Le Duc de Guise
merveilles17_imp_pie-ballard1	henri_de_lorraine	Le comte d’Armagnac
merveilles17_imp_pie-ballard1	henri_de_lorraine	Le Comte d’Armagnac
merveilles17_imp_pie-ballard1	jb_gaston_foix_candale	Les Ducs de Foix
merveilles17_imp_pie-ballard1	armand_du_cambout	de Coaslin
merveilles17_imp_pie-ballard1	jb_gaston_foix_candale	Le Duc de Foix
merveilles17_imp_pie-ballard1	jb_gaston_foix_candale	le Duc de Foix
merveilles17_imp_pie-ballard1	armand_du_cambout	Le Duc de Coaslin
merveilles17_imp_pie-ballard1	armand_du_cambout	Le Duc de Coaslin
merveilles17_imp_pie-ballard1	henri_de_daillon	Le Comte du Lude
merveilles17_imp_pie-ballard1	francois_vii_de_la_rochefoucauld	le Prince de Marsillac
merveilles17_imp_pie-ballard1	henri_de_daillon	Le Comte du Lude
merveilles17_imp_pie-ballard1	henri_de_daillon	Le Comte du Lude
merveilles17_imp_pie-ballard1	francois_vii_de_la_rochefoucauld	Le Prince de Marsillac
merveilles17_imp_pie-ballard1	francois_vii_de_la_rochefoucauld	Le Prince de Marsillac
merveilles17_imp_pie-ballard1	antoine_d_aumont	Les Marquis de Villequiert
merveilles17_imp_pie-ballard1	cm_de_belleforiere	de Soyecourt
merveilles17_imp_pie-ballard1	antoine_d_aumont	Le Marquis de Villequiert
merveilles17_imp_pie-ballard1	louisxiv	Roy
merveilles17_imp_pie-ballard1	antoine_d_aumont	Le Marquis de Villequiert
merveilles17_imp_pie-ballard1	cm_de_belleforiere	Le Marquis de Soyecourt
merveilles17_imp_pie-ballard1	louis_de_crevant	Les Marquis d’Humieres
merveilles17_imp_pie-ballard1	jf_de_labaume	de la Valliere
merveilles17_imp_pie-ballard1	louis_de_crevant	Le Marquis d’Humieres
merveilles17_imp_pie-ballard1	louis_de_crevant	Le Marquis d’Humieres
merveilles17_imp_pie-ballard1	jf_de_labaume	Le Marquis de la Valliere
merveilles17_imp_pie-ballard1	jf_de_labaume	Le Marquis de la Valliere
merveilles17_imp_pie-ballard1	hj_bourbon_conde	Monsieur le DVC
merveilles17_imp_pie-ballard1	hj_bourbon_conde	Monsieur le Duc
merveilles17_imp_pie-ballard1	marie_therese	les Reynes
merveilles17_imp_pie-ballard1	anne_d_autriche	les Reynes
merveilles17_imp_pie-ballard1	louisxiv	LOVIS
merveilles17_imp_pie-ballard1	marie_therese	Reyne
merveilles17_imp_pie-ballard1	louisxiv	Roy
merveilles17_imp_pie-ballard1	la_grange	La Grange
merveilles17_imp_pie-ballard1	millet	Millet
merveilles17_imp_pie-ballard1	mlle_de_brie	Madlle de Brie
merveilles17_imp_pie-ballard1	armande_bejart	Madlle Moliere
merveilles17_imp_pie-ballard1	andre_hubert	Hubert
merveilles17_imp_pie-ballard1	du_croisy	Du Croisy
merveilles17_imp_pie-ballard1	marie_therese	la Reyne
merveilles17_imp_pie-ballard1	marie_therese	REYNE
merveilles17_imp_pie-ballard1	louisxiv	LOVIS
merveilles17_imp_pie-ballard1	marie_therese	Princesse
merveilles17_imp_pie-ballard1	marie_therese	REYNE
merveilles17_imp_pie-ballard1	therese_duparc	Madlle du Parc
merveilles17_imp_pie-ballard1	gros_rene	Du Parc
merveilles17_imp_pie-ballard1	la_thorilliere	La Thorilliere
merveilles17_imp_pie-ballard1	louis_bejart	Bejart
merveilles17_imp_pie-ballard1	madeleine_bejart	Madlle. Bejart
merveilles17_imp_pie-ballard1	moliere	Moliere
merveilles17_imp_pie-ballard1	marche_coquet	Monsieurs de la Marque Coquet
merveilles17_imp_pie-ballard1	parfait_pere	Messieurs Parfait Père
merveilles17_imp_pie-ballard1	parfait_fils	Fils
merveilles17_imp_pie-ballard1	parfait_frere	Frere
merveilles17_imp_pie-ballard1	marie_therese	Reyne
merveilles17_imp_pie-ballard1	andre_hubert	Hubert
merveilles17_imp_pie-ballard1	mlle_de_brie	Mesdlles de Brie
merveilles17_imp_pie-ballard1	moliere	Moliere
merveilles17_imp_pie-ballard1	therese_duparc	du Parc
merveilles17_imp_pie-ballard1	madeleine_bejart	Madlle Bejart
merveilles17_imp_pie-ballard1	la_grange	La Grange
merveilles17_imp_pie-ballard1	du_croisy	Du Croysy
merveilles17_imp_pie-ballard1	louis_bejart	Bejart
merveilles17_imp_pie-ballard1	la_thorilliere	La Thorilliere
merveilles17_imp_pie-ballard1	moliere	Moliere
merveilles17_imp_pie-ballard1	hilaire_dupuis	Madlle Hilaire
merveilles17_imp_pie-ballard1	estival	Messieurs Estiual
merveilles17_imp_pie-ballard1	louis_don	Don
merveilles17_imp_pie-ballard1	simon_blondel	Blondel
merveilles17_imp_pie-ballard1	moliere	Molliere
merveilles17_imp_pie-ballard1	paysan	Les Sieurs Paysan
merveilles17_imp_pie-ballard1	chicanneau	Chicanneau
merveilles17_imp_pie-ballard1	noblet	Noblet
merveilles17_imp_pie-ballard1	pesan	Pesan
merveilles17_imp_pie-ballard1	bonard	Bonard
merveilles17_imp_pie-ballard1	la_pierre	La Pierre
merveilles17_imp_pie-ballard1	mercier	Les Sieurs Mercier
merveilles17_imp_pie-ballard1	vagnard	Vagnard
merveilles17_imp_pie-ballard1	paysan	Les Sieurs Paysan
merveilles17_imp_pie-ballard1	chicanneau	Chicanneau
merveilles17_imp_pie-ballard1	balthazar	Baltazard
merveilles17_imp_pie-ballard1	noblet	Noblet
merveilles17_imp_pie-ballard1	bonard	Bonard
merveilles17_imp_pie-ballard1	manceau	Mançeau
merveilles17_imp_pie-ballard1	magny	Magny
merveilles17_imp_pie-ballard1	la_pierre	La Pierre
merveilles17_imp_pie-ballard1	estival	M. Estiual
merveilles17_imp_pie-ballard1	le_gros	Messieurs Le Gros
merveilles17_imp_pie-ballard1	simon_blondel	Blondel
merveilles17_imp_pie-ballard1	mlle_de_la_barre	Madlle La Barre
merveilles17_imp_pie-ballard1	hilaire_dupuis	Madlle Hilaire
merveilles17_imp_pie-ballard1	louis_don	Messieurs Don
merveilles17_imp_pie-ballard1	estival	Estyual
merveilles17_imp_pie-ballard1	piesche	Les Sieurs Piesche
merveilles17_imp_pie-ballard1	descouteaux	Descousteaux
merveilles17_imp_pie-ballard1	destouches	Destouche
merveilles17_imp_pie-ballard1	martin_hottere	Martin Hottere
merveilles17_imp_pie-ballard1	louis_hottere	Louis Hottere
merveilles17_imp_pie-ballard1	jean_hottere	Iean Hottere
merveilles17_imp_pie-ballard1	nicolas_hottere	Nicolas Hottere
merveilles17_imp_pie-ballard1	louisxiv	le Roy
merveilles17_imp_pie-ballard1	paisible	Paisible
merveilles17_imp_pie-ballard1	marchand	Les Sieurs Marchand
merveilles17_imp_pie-ballard1	la_caisse	La Caisse
merveilles17_imp_pie-ballard1	besson	Besson
merveilles17_imp_pie-ballard1	magny	Magny
merveilles17_imp_pie-ballard1	charlot	Charlot
merveilles17_imp_pie-ballard1	alais	Alais
merveilles17_imp_pie-ballard1	huguenet	Huguenet
merveilles17_imp_pie-ballard1	la_fontaine	La Fontaine
merveilles17_imp_pie-ballard1	chicanneau	Les Sieurs Chicanneau
merveilles17_imp_pie-ballard1	du_pron	Du Pron
merveilles17_imp_pie-ballard1	noblet	Noblet
merveilles17_imp_pie-ballard1	la_pierre	La Pierre
merveilles17_imp_pie-ballard1	balthazar	Les Sieurs Baltasar
merveilles17_imp_pie-ballard1	magny	Magny
merveilles17_imp_pie-ballard1	arnald	Arnald
merveilles17_imp_pie-ballard1	bonard	Bonard
merveilles17_imp_pie-ballard1	anne_d_autriche	Reyne Mere
merveilles17_imp_pie-ballard1	louisxiv	Roy
merveilles17_imp_pie-ballard1	anne_d_autriche	Reyne
merveilles17_imp_pie-ballard1	anne_d_autriche	Reyne
merveilles17_imp_pie-ballard1	anne_d_autriche	Reyne
merveilles17_imp_pie-ballard1	therese_duparc	Madlle du Parc
merveilles17_imp_pie-ballard1	mlle_de_brie	Madlle de Brie
merveilles17_imp_pie-ballard1	armande_bejart	Madlle Moliere
merveilles17_imp_pie-ballard1	manceau	Les Sieurs Mançeau
merveilles17_imp_pie-ballard1	vagnard	Vagnard
merveilles17_imp_pie-ballard1	pesan	Pesan
merveilles17_imp_pie-ballard1	joubert	Ioubert
merveilles17_imp_pie-ballard1	des_airs_fils1	Les deux petits Des-Airs
merveilles17_imp_pie-ballard1	des_airs_fils2	Les deux petits Des-Airs
merveilles17_imp_pie-ballard1	vagnard_fils	Le petit Vagnard
merveilles17_imp_pie-ballard1	tutin_fils	Le petit Tutin
merveilles17_imp_pie-ballard1	d_heureux	Messieurs d’Heureux
merveilles17_imp_pie-ballard1	beauchamp	Beauchamp
merveilles17_imp_pie-ballard1	mollier	Molier
merveilles17_imp_pie-ballard1	la_marre	La Marre
merveilles17_imp_pie-ballard1	le_chantre	Les Sieurs Le Chantre
merveilles17_imp_pie-ballard1	de_gan	De Gan
merveilles17_imp_pie-ballard1	du_pron	Du Pron
merveilles17_imp_pie-ballard1	mercier	Mercier
merveilles17_imp_pie-ballard1	souville	Messieurs de Souuille
merveilles17_imp_pie-ballard1	raynal	Raynal
merveilles17_imp_pie-ballard1	des_airs_l_aine	Des-Airs l’aisné
merveilles17_imp_pie-ballard1	des_airs_le_second	Des-Airs le second
merveilles17_imp_pie-ballard1	de_lorges	De Lorge
merveilles17_imp_pie-ballard1	balthazar	Balthasard
merveilles17_imp_pie-ballard1	chicanneau	Les Sieurs Chicanneau
merveilles17_imp_pie-ballard1	noblet	Noblet
merveilles17_imp_pie-ballard1	arnald	Arnald
merveilles17_imp_pie-ballard1	desbrosses	Desbrosses
merveilles17_imp_pie-ballard1	desonnets	Desonets
merveilles17_imp_pie-ballard1	la_pierre	La Pierre
merveilles17_imp_pie-ballard1	saint_andre	Les Sieurs S. André
merveilles17_imp_pie-ballard1	magny	Magny
merveilles17_imp_pie-ballard1	tutin	Les Sieurs Tutin
merveilles17_imp_pie-ballard1	la_brodiere	La Brodiere
merveilles17_imp_pie-ballard1	pesan	Pesan
merveilles17_imp_pie-ballard1	bureau	Bureau
merveilles17_imp_pie-ballard1	therese_duparc	Madlle du Parc
merveilles17_imp_pie-ballard1	de_lorges	De Lotge
merveilles17_imp_pie-ballard1	beauchamp	M. Beauchamp
merveilles17_imp_pie-ballard1	d_heureux	Messieurs d’Heureux
merveilles17_imp_pie-ballard1	raynal	Raynal
merveilles17_imp_pie-ballard1	du_pron	Du Pron
merveilles17_imp_pie-ballard1	desbrosses	Desbrosses
merveilles17_imp_pie-ballard1	la_marre	Messieurs La Marre
merveilles17_imp_pie-ballard1	le_chantre	Le Chantre
merveilles17_imp_pie-ballard1	de_gan	De Gan
merveilles17_imp_pie-ballard1	mercier	Mercier
merveilles17_imp_pie-ballard1	desbardins	Mr Des-Bardins
merveilles17_imp_pie-ballard1	artagnan	Artagnan
merveilles17_imp_pie-ballard1	louisxiv	Roy
merveilles17_imp_pie-ballard1	gonvalin	Gonualin
merveilles17_imp_pie-ballard1	saint_aignan	Monsieur le Duc de S. Aignan
merveilles17_imp_pie-ballard1	ceton	Ceton
merveilles17_imp_pie-ballard1	anne_de_noailles	Monsieur le Duc de Noailles
merveilles17_imp_pie-ballard1	beaulieu	Beaulieu
merveilles17_imp_pie-ballard1	la_marche	La Marche
merveilles17_imp_pie-ballard1	orleans	Orleans
merveilles17_imp_pie-ballard1	la_fleur	La Fleur
merveilles17_imp_pie-ballard1	louis_desore	Louis Desore
merveilles17_imp_pie-ballard1	saint_jean	Saint-Iean
merveilles17_imp_pie-ballard1	saint_aignan	Monsieur le Duc de S. Aignan
merveilles17_imp_pie-ballard1	rhodes	Rhodes
merveilles17_imp_pie-ballard1	la_chapelle	La Chapelle
merveilles17_imp_pie-ballard1	du_pre	Du Pré
merveilles17_imp_pie-ballard1	la_salle	La Salle
merveilles17_imp_pie-ballard1	leger_trompette	Leger
merveilles17_imp_pie-ballard1	la_plaine	La Plaine
merveilles17_imp_pie-ballard1	champagne	Champagne
merveilles17_imp_pie-ballard1	beaulis	Beaulis
merveilles17_imp_pie-ballard1	beaupre	Beaupré
merveilles17_imp_pie-ballard1	jolicoeur	Iolicoeur
merveilles17_imp_pie-ballard1	louisxiv	LE ROY
merveilles17_imp_pie-ballard1	anne_de_noailles	Monsieur le Duc de Noailles
merveilles17_imp_pie-ballard1	hj_bourbon_conde	Monsieur le Duc
merveilles17_imp_pie-ballard1	henri_ii_de_guise	Monsieur le Duc de Guise
merveilles17_imp_pie-ballard1	henri_de_lorraine	Monsieur le Comte d’Armagnac
merveilles17_imp_pie-ballard1	jb_gaston_foix_candale	Monsieur le Duc de Foix
merveilles17_imp_pie-ballard1	armand_du_cambout	Monsieur le Duc de Coaslin
merveilles17_imp_pie-ballard1	henri_de_daillon	Monsieur le Comte du Lude
merveilles17_imp_pie-ballard1	cm_de_belleforiere	Monsieur le Marquis de Soyecourt
merveilles17_imp_pie-ballard1	louis_marie_aumont_rochebaron	Monsieur le Marquis de Villequiert
merveilles17_imp_pie-ballard1	louis_de_crevant	Monsieur le Marquis d’Humieres
merveilles17_imp_pie-ballard1	jf_de_labaume	Monsieur le Marquis de la Valliere
merveilles17_imp_pie-ballard1	la_grange	La Grange
merveilles17_imp_pie-ballard1	millet	Millet
merveilles17_imp_pie-ballard1	mlle_de_brie	Madlle de Brie
merveilles17_imp_pie-ballard1	armande_bejart	Madlle de Moliere
merveilles17_imp_pie-ballard1	andre_hubert	Hubert
merveilles17_imp_pie-ballard1	du_croisy	Du Croisy
merveilles17_imp_pie-ballard1	souville	Souuille
merveilles17_imp_pie-ballard1	paysan	Paysan
merveilles17_imp_pie-ballard1	la_marre	La Marre
merveilles17_imp_pie-ballard1	pesan	Pesan
merveilles17_imp_pie-ballard1	de_lorges	De Lorge
merveilles17_imp_pie-ballard1	de_gan	De Gan
merveilles17_imp_pie-ballard1	magny	Magny
merveilles17_imp_pie-ballard1	manceau	Mançeau
merveilles17_imp_pie-ballard1	joubert	Ioubert
merveilles17_imp_pie-ballard1	noblet	Noblet
merveilles17_imp_pie-ballard1	arnald	Arnald
merveilles17_imp_pie-ballard1	desonnets	Desonets
merveilles17_imp_pie-ballard1	beauchamp	Beauchamp
merveilles17_imp_pie-ballard1	d_heureux	D’Heureux
merveilles17_imp_pie-ballard1	raynal	Raynal
merveilles17_imp_pie-ballard1	des_airs_l_aine	Des-Airs l’aisné
merveilles17_imp_pie-ballard1	chicanneau	Chicanneau
merveilles17_imp_pie-ballard1	le_chantre	Le Chantre
merveilles17_imp_pie-ballard1	des_airs_le_second	Des-Airs le second
merveilles17_imp_pie-ballard1	du_pron	Du Pron
merveilles17_imp_pie-ballard1	mercier	Mercier
merveilles17_imp_pie-ballard1	balthazar	Balthazard
merveilles17_imp_pie-ballard1	saint_andre	S. André
merveilles17_imp_pie-ballard1	desbrosses	Des-Brosses
merveilles17_imp_pie-ballard1	blancas	Blancas
merveilles17_imp_pie-ballard1	hj_bourbon_conde	Monsieur le Duc
merveilles17_imp_pie-ballard1	d_arrac	D’arrac
merveilles17_imp_pie-ballard1	henri_ii_de_guise	Monsieur de Guise
merveilles17_imp_pie-ballard1	de_forgues	De Forgues
merveilles17_imp_pie-ballard1	henri_de_lorraine	Monsieur d’Armagnac
merveilles17_imp_pie-ballard1	mont_plaisir	Mont-plaisir
merveilles17_imp_pie-ballard1	jb_gaston_foix_candale	Monsieur le Duc de foix
merveilles17_imp_pie-ballard1	maslou	Maslou
merveilles17_imp_pie-ballard1	armand_du_cambout	Monsieur le Duc de Coaslin
merveilles17_imp_pie-ballard1	cambrou	Combrou
merveilles17_imp_pie-ballard1	henri_de_daillon	Monsieur le Comte du Lude
merveilles17_imp_pie-ballard1	la_borde	La Borde
merveilles17_imp_pie-ballard1	francois_vii_de_la_rochefoucauld	Monsieur de Marsillac
merveilles17_imp_pie-ballard1	hericour	Hericour
merveilles17_imp_pie-ballard1	cm_de_belleforiere	Monsieur de Soyecourt
merveilles17_imp_pie-ballard1	mespas	Mespas
merveilles17_imp_pie-ballard1	louis_marie_aumont_rochebaron	Monsieur de Villequiert
merveilles17_imp_pie-ballard1	rimberlieu	Rimberlieu
merveilles17_imp_pie-ballard1	louis_de_crevant	Monsieur d’Humieres
merveilles17_imp_pie-ballard1	saint_andre	S. André
merveilles17_imp_pie-ballard1	jf_de_labaume	Monsieur de la Valliere
merveilles17_imp_pie-ballard1	petit	Petit
merveilles17_imp_pie-ballard1	trouvain	Trouuain
merveilles17_imp_pie-ballard1	blaise	Blaise
merveilles17_imp_pie-ballard1	la_place	La Place
merveilles17_imp_pie-ballard1	basin_l_aine	Basin l’aisné
merveilles17_imp_pie-ballard1	basin_le_cadet	Basin le cadet
merveilles17_imp_pie-ballard1	jean_de_flandres	Iean de Flandres
merveilles17_imp_pie-ballard1	lionnois	Lionnois
merveilles17_imp_pie-ballard1	saint_paul	S. Paul
merveilles17_imp_pie-ballard1	paul	Paul
merveilles17_imp_pie-ballard1	giraut	Giraut
merveilles17_imp_pie-ballard1	maheu	Maheu
merveilles17_imp_pie-ballard1	tartaille	Tartaille
merveilles17_imp_pie-ballard1	rambure	Rambure
merveilles17_imp_pie-ballard1	dauphin	Dauphin
merveilles17_imp_pie-ballard1	antoine	Antoine
merveilles17_imp_pie-ballard1	jumel_menuisier	Iumel le Menuisier
merveilles17_imp_pie-ballard1	jumel_sculpteur	Iumel le Sculpteur
merveilles17_imp_pie-ballard1	therese_duparc	Madlle du Parc
merveilles17_imp_pie-ballard1	louis_lazure	L’Azure
merveilles17_imp_pie-ballard1	lienard	Lienard
merveilles17_imp_pie-ballard1	coyrin	Coyrin
merveilles17_imp_pie-ballard1	du_pille_aine	De Pille
merveilles17_imp_pie-ballard1	jennesson	Iennesson
merveilles17_imp_pie-ballard1	hurlot	Hurlot
merveilles17_imp_pie-ballard1	contaut	Contaut
merveilles17_imp_pie-ballard1	mongin	Mongin
merveilles17_imp_pie-ballard1	renaudin	Renaudin
merveilles17_imp_pie-ballard1	joannet	Ioannet
merveilles17_imp_pie-ballard1	pierrot	Pierrot
merveilles17_imp_pie-ballard1	le_noble	Le Noble
merveilles17_imp_pie-ballard1	gros_rene	Du Parc
merveilles17_imp_pie-ballard1	guichon	Guichon
merveilles17_imp_pie-ballard1	cleiret	Cleiret
merveilles17_imp_pie-ballard1	vendelle	Vendelle
merveilles17_imp_pie-ballard1	la_boire	La Boire
merveilles17_imp_pie-ballard1	roseau	Roseau
merveilles17_imp_pie-ballard1	la_rose	La Rose
merveilles17_imp_pie-ballard1	pernaut	Pernaut
merveilles17_imp_pie-ballard1	la_chapelle	La Chapelle
merveilles17_imp_pie-ballard1	di_pre	Du Pré
merveilles17_imp_pie-ballard1	courtille	Courtille
merveilles17_imp_pie-ballard1	la_fleur_valet	La Fleur
merveilles17_imp_pie-ballard1	arnauld	Arnauld
merveilles17_imp_pie-ballard1	la_thorilliere	La Thorilliere
merveilles17_imp_pie-ballard1	fontenelle	Fontenelle
merveilles17_imp_pie-ballard1	jemarie	Iemarie
merveilles17_imp_pie-ballard1	amiot	Amiot
merveilles17_imp_pie-ballard1	mettayer	Mettayer
merveilles17_imp_pie-ballard1	bourru	Bourru
merveilles17_imp_pie-ballard1	langlois_l_aine	Langlois l’aisné
merveilles17_imp_pie-ballard1	langlois_le_cadet	Langlois le cadet
merveilles17_imp_pie-ballard1	boulanger	Boulanger
merveilles17_imp_pie-ballard1	la_jeunesse	La Ieunesse
merveilles17_imp_pie-ballard1	lambelot	Lambelot
merveilles17_imp_pie-ballard1	butin	Butin
merveilles17_imp_pie-ballard1	le_lievre	Le Lieure
merveilles17_imp_pie-ballard1	louis_bejart	Bejart
merveilles17_imp_pie-ballard1	bigot	Bigot
merveilles17_imp_pie-ballard1	le_roy_gobelet	Le Roy
merveilles17_imp_pie-ballard1	andre	André
merveilles17_imp_pie-ballard1	laloin	Laloin
merveilles17_imp_pie-ballard1	breuet	Breuet
merveilles17_imp_pie-ballard1	palluau	Palluau
merveilles17_imp_pie-ballard1	verdelet	Verdelet
merveilles17_imp_pie-ballard1	morsique	Morisque
merveilles17_imp_pie-ballard1	montigny	Montigny
merveilles17_imp_pie-ballard1	le_cocq	Le Cocq
merveilles17_imp_pie-ballard1	chasteau_neuf	Chasteau neuf
merveilles17_imp_pie-ballard1	du_manoir	Du Manoir
merveilles17_imp_pie-ballard1	leger_violon	Leger
merveilles17_imp_pie-ballard1	favier	Fauier
merveilles17_imp_pie-ballard1	mazuel	Mazuel
merveilles17_imp_pie-ballard1	joubert	Ioubert
merveilles17_imp_pie-ballard1	chaudron	Chaudron
merveilles17_imp_pie-ballard1	du_pin	Du Pin
merveilles17_imp_pie-ballard1	bonard	Bonard
merveilles17_imp_pie-ballard1	artus	Artus
merveilles17_imp_pie-ballard1	la_croix	La Croix
merveilles17_imp_pie-ballard1	balus	Balus
merveilles17_imp_pie-ballard1	bruslard_dessus	Bruslard dessus
merveilles17_imp_pie-ballard1	bruslard_basse	Buslard basse
merveilles17_imp_pie-ballard1	des_matins	Des matins
merveilles17_imp_pie-ballard1	feugre	Feugré
merveilles17_imp_pie-ballard1	lespervier	Lesperuier
merveilles17_imp_pie-ballard1	des_noyers	Des Noyers
merveilles17_imp_pie-ballard1	varin	Varin
merveilles17_imp_pie-ballard1	camille	Camille
merveilles17_imp_pie-ballard1	brouard	Broüard
merveilles17_imp_pie-ballard1	la_pierre	La Pierre
merveilles17_imp_pie-ballard1	marchand	Marchand
merveilles17_imp_pie-ballard1	la_caisse	La Caisse
merveilles17_imp_pie-ballard1	magny	Magny
merveilles17_imp_pie-ballard1	charlot	Charlot
merveilles17_imp_pie-ballard1	martineau	Martineau
merveilles17_imp_pie-ballard1	le_roux_aine	Le Roux l’aisné
merveilles17_imp_pie-ballard1	le_roux_cadet	Le Roux le cadet
merveilles17_imp_pie-ballard1	brouart	Broüart
merveilles17_imp_pie-ballard1	barry	Bary
merveilles17_imp_pie-ballard1	roulle	Roullé
merveilles17_imp_pie-ballard1	le_grais	Le Grais
merveilles17_imp_pie-ballard1	heuge	Heugé
merveilles17_imp_pie-ballard1	la_riviere	La Riuiere
merveilles17_imp_pie-ballard1	piesche	Piesche
merveilles17_imp_pie-ballard1	descouteaux	Descousteaux
merveilles17_imp_pie-ballard1	martin_hottere	Martin Hottere
merveilles17_imp_pie-ballard1	jean_hottere	Iean Hottere
merveilles17_imp_pie-ballard1	louis_hottere	Louis Hottere
merveilles17_imp_pie-ballard1	nicolas_hottere	Nicolas Hottere
merveilles17_imp_pie-ballard1	le_roy	le Roy
merveilles17_imp_pie-ballard1	paisible	Paisible
merveilles17_imp_pie-ballard1	destouches	Destouches
merveilles17_imp_pie-ballard1	le_peintre	Le Peintre
merveilles17_imp_pie-ballard1	besson	Besson
merveilles17_imp_pie-ballard1	la_fontaine	La Fontaine
merveilles17_imp_pie-ballard1	alais	Alais
merveilles17_imp_pie-ballard1	huguenet	Huguenet
merveilles17_imp_pie-ballard1	guerin	Guenin
merveilles17_imp_pie-ballard1	moliere	Moliere
merveilles17_imp_pie-ballard1	madeleine_bejart	Madlle. Bejart
merveilles17_imp_pie-ballard1	baudouin	Baudoüin
merveilles17_imp_pie-ballard1	benoist	Benoist
merveilles17_imp_pie-ballard1	du_moustier	Du Moustier
merveilles17_imp_pie-ballard1	gaspard_harsent	Gaspard Harsent
merveilles17_imp_pie-ballard1	gaspard_de_mouet	Gaspard de Moüet
merveilles17_imp_pie-ballard1	irieux_magontier	Irieux Magontier
merveilles17_imp_pie-ballard1	jean_magontier	Iean Magontier
merveilles17_imp_pie-ballard1	magontier_garde_vaisselle	Magontier Garde Vaisselle
merveilles17_imp_pie-ballard1	castel	Catel
merveilles17_imp_pie-ballard1	francois_moussu	François Moussu
merveilles17_imp_pie-ballard1	jacques_moussu	Iacques Moussu
merveilles17_imp_pie-ballard1	turbau	Turbau
merveilles17_imp_pie-ballard1	faure	Faure
merveilles17_imp_pie-ballard1	bailly	Bailly
merveilles17_imp_pie-ballard1	jean_moran	Iean Moran
merveilles17_imp_pie-ballard1	antoine_moran	Antoine Moran
merveilles17_imp_pie-ballard1	claude_brochet	Claude Brochet
merveilles17_imp_pie-ballard1	dominique_brochet	Dominique Brochet
merveilles17_imp_pie-ballard1	bresler	Bresler
merveilles17_imp_pie-ballard1	elie	Elie
merveilles17_imp_pie-ballard1	pidou	Pidou
merveilles17_imp_pie-ballard1	robbe	Robbe
merveilles17_imp_pie-ballard1	tours_quintener	Tours-Quintener
merveilles17_imp_pie-ballard1	victor_herck	Victor Herck
merveilles17_imp_pie-ballard1	samufin	Samufin
merveilles17_imp_pie-ballard1	sudan	Sudan
merveilles17_imp_pie-ballard1	riemer	Riemer
merveilles17_imp_pie-ballard1	humberk	Humberk
merveilles17_imp_pie-ballard1	boquebec	Boquebec
merveilles17_imp_pie-ballard1	sandricourt	Sandricourt
merveilles17_imp_pie-ballard1	gassion	Gassion
merveilles17_imp_pie-ballard1	d_herouval	D’Herouual
merveilles17_imp_pie-ballard1	bruslevert	Brusleuert
merveilles17_imp_pie-ballard1	bitry	Bitry
merveilles17_imp_pie-ballard1	favigent	Fauigent
merveilles17_imp_pie-ballard1	colambert	Colambert
merveilles17_imp_pie-ballard1	loubie	Loubie
merveilles17_imp_pie-ballard1	sainte_maure	Ste. Maure
merveilles17_imp_pie-ballard1	despaux	Despaux
merveilles17_imp_pie-ballard1	la_couderelle	La Couderelle
merveilles17_imp_pie-ballard1	danucourt	Danucourt
merveilles17_imp_pie-ballard1	du_plessis	Du Plessis
merveilles17_imp_pie-ballard1	brion	Brion
merveilles17_imp_pie-ballard1	caliavet	Caliauet
merveilles17_imp_pie-ballard1	angerville	Angeruille
merveilles17_imp_pie-ballard1	patriere	Patriere
merveilles17_imp_pie-ballard1	mortier	Mortier
merveilles17_imp_pie-ballard1	francisque	Francisque
merveilles17_imp_pie-ballard1	du_pille_aine	Du Pille l’aisné
merveilles17_imp_pie-ballard1	du_pille_cadet	Du Pille le cadet
merveilles17_imp_pie-ballard1	bigot_fils	Bigot le fils
merveilles17_imp_pie-ballard1	de_briare	De Briare
merveilles17_imp_pie-ballard1	de_nier	De Nier
merveilles17_imp_pie-ballard1	sainte_fontaine_fils	Ste. Fontaine le fils
merveilles17_imp_pie-ballard1	marche_coquet	Messieurs les Controlleurs Generaux
merveilles17_imp_pie-ballard1	parfait_pere	Messieurs les Controlleurs Generaux
merveilles17_imp_pie-ballard1	parfait_fils	Messieurs les Controlleurs Generaux
merveilles17_imp_pie-ballard1	parfait_frere	Messieurs les Controlleurs Generaux
merveilles17_imp_pie-ballard1	marche_coquet	Monsieur de la Marche Coquet
merveilles17_imp_pie-ballard1	parfait_pere	Monsieur Parfait Père
merveilles17_imp_pie-ballard1	parfait_fils	Monsieur Parfait Fils
merveilles17_imp_pie-ballard1	parfait_frere	Monsieur Parfait Frere
merveilles17_imp_pie-ballard1	moliere	Moliere
merveilles17_imp_pie-ballard1	hilaire_dupuis	Madlle. Hilaire
merveilles17_imp_pie-ballard1	estival	Estual
merveilles17_imp_pie-ballard1	estival	Estual
merveilles17_imp_pie-ballard1	louis_don	Don
merveilles17_imp_pie-ballard1	louis_don	Don
merveilles17_imp_pie-ballard1	simon_blondel	Blondel
merveilles17_imp_pie-ballard1	simon_blondel	Blondel
merveilles17_imp_pie-ballard1	moliere	Molliere
merveilles17_imp_pie-ballard1	moliere	Molliere
merveilles17_imp_pie-ballard1	paysan	Paysan
merveilles17_imp_pie-ballard1	saint_andre	S André
merveilles17_imp_pie-ballard1	noblet	Noblet
merveilles17_imp_pie-ballard1	pesan	Pesan
merveilles17_imp_pie-ballard1	bonard	Bonard
merveilles17_imp_pie-ballard1	la_pierre	La Pierre
merveilles17_imp_pie-ballard1	mercier	Mercier
merveilles17_imp_pie-ballard1	vagnard	Vagnard
merveilles17_imp_pie-ballard1	paysan	Paysan
merveilles17_imp_pie-ballard1	balthazar	Baltazard
merveilles17_imp_pie-ballard1	noblet	Noblet
merveilles17_imp_pie-ballard1	bonard	Bonard
merveilles17_imp_pie-ballard1	chicanneau	Chicanneau
merveilles17_imp_pie-ballard1	manceau	Mançeau
merveilles17_imp_pie-ballard1	magny	Magny
merveilles17_imp_pie-ballard1	la_pierre	La Pierre
merveilles17_imp_pie-ballard1	estival	Estiual
merveilles17_imp_pie-ballard1	le_gros	Le Gros
merveilles17_imp_pie-ballard1	simon_blondel	Blondel
merveilles17_imp_pie-ballard1	mlle_de_la_barre	Madlle. La Barre
merveilles17_imp_pie-ballard1	hilaire_dupuis	Madlle. Hilaire
merveilles17_imp_pie-ballard1	louis_don	Don
merveilles17_imp_pie-ballard1	estival	Estyual
merveilles17_imp_pie-ballard1	piesche	Piesche
merveilles17_imp_pie-ballard1	descouteaux	Descouteaux
merveilles17_imp_pie-ballard1	destouches	Destouche
merveilles17_imp_pie-ballard1	martin_hottere	Marin Hottere
merveilles17_imp_pie-ballard1	louis_hottere	Louis Hottere
merveilles17_imp_pie-ballard1	jean_hottere	Iean Hottere
merveilles17_imp_pie-ballard1	nicolas_hottere	Nicolas Hottere
merveilles17_imp_pie-ballard1	le_roy	le Roy
merveilles17_imp_pie-ballard1	paisible	Paisible
merveilles17_imp_pie-ballard1	la_caisse	La Caisse
merveilles17_imp_pie-ballard1	besson	Besson
merveilles17_imp_pie-ballard1	magny	Magny
merveilles17_imp_pie-ballard1	charlot	Charlot
merveilles17_imp_pie-ballard1	alais	Alais
merveilles17_imp_pie-ballard1	huguenet	Huguenet
merveilles17_imp_pie-ballard1	la_fontaine	La Fontaine
merveilles17_imp_pie-ballard1	chicanneau	Chicanneau
merveilles17_imp_pie-ballard1	du_pron	Du Pron
merveilles17_imp_pie-ballard1	noblet	Noblet
merveilles17_imp_pie-ballard1	la_pierre	La Pierre
merveilles17_imp_pie-ballard1	balthazar	Baltasar
merveilles17_imp_pie-ballard1	magny	Magny
merveilles17_imp_pie-ballard1	arnald	Arnarld
merveilles17_imp_pie-ballard1	bonard	Bonard
merveilles17_imp_pie-ballard1	d_anglebert	D’Anglebert
merveilles17_imp_pie-ballard1	richard	Richard
merveilles17_imp_pie-ballard1	leonard_itier	Ittier
merveilles17_imp_pie-ballard1	la_barre_cadet	La Barre le Cadet
merveilles17_imp_pie-ballard1	tissu	Tissu
merveilles17_imp_pie-ballard1	le_moine	Le Moine
merveilles17_imp_pie-ballard1	du_manoir	Du Manoir
merveilles17_imp_pie-ballard1	leger_violon	Leger
merveilles17_imp_pie-ballard1	mazuel	Mazuel
merveilles17_imp_pie-ballard1	favier	Fauier
merveilles17_imp_pie-ballard1	chaudron	Chaudron
merveilles17_imp_pie-ballard1	bruslard_dessus	Bruslard dessus
merveilles17_imp_pie-ballard1	bruslard_basse	Bruslard basse
merveilles17_imp_pie-ballard1	brouard	Broüard
merveilles17_imp_pie-ballard1	joubert	Ioubert
merveilles17_imp_pie-ballard1	baslin	Baslin
merveilles17_imp_pie-ballard1	artus	Artus
merveilles17_imp_pie-ballard1	la_croix	La Croix
merveilles17_imp_pie-ballard1	des_matins	Des-matins
merveilles17_imp_pie-ballard1	feugre	Feugré
merveilles17_imp_pie-ballard1	du_pin	Du Pin
merveilles17_imp_pie-ballard1	lespervier	Lesperuier
merveilles17_imp_pie-ballard1	camille	Camille
merveilles17_imp_pie-ballard1	varin	Varin
merveilles17_imp_pie-ballard1	des_noyers	Des Noyers
merveilles17_imp_pie-ballard1	martineau	Martineau
merveilles17_imp_pie-ballard1	barry	Barry
merveilles17_imp_pie-ballard1	le_roux_aine	Le Roux l’aisné
merveilles17_imp_pie-ballard1	le_roux_cadet	Le Roux le cadet
merveilles17_imp_pie-ballard1	brouart	Broüart
merveilles17_imp_pie-ballard1	roulle	Roulé
merveilles17_imp_pie-ballard1	le_grais	Le Grais
merveilles17_imp_pie-ballard1	heuge	Heugé
merveilles17_imp_pie-ballard1	le_peintre	Le Peintre
merveilles17_imp_pie-ballard1	guerin	Guenin
merveilles17_imp_pie-ballard1	la_riviere	La Riuiere
merveilles17_imp_pie-ballard1	therese_duparc	Madlle. du Parc
merveilles17_imp_pie-ballard1	mlle_de_brie	Madlle. de Brie
merveilles17_imp_pie-ballard1	armande_bejart	Madlle. Moliere
merveilles17_imp_pie-ballard1	vagnard	Vagnard
merveilles17_imp_pie-ballard1	pesan	Pesan
merveilles17_imp_pie-ballard1	manceau	Mançeau
merveilles17_imp_pie-ballard1	joubert	Ioubert
merveilles17_imp_pie-ballard1	des_airs_fils1	Les deux petits Des-Airs
merveilles17_imp_pie-ballard1	des_airs_fils2	Les deux petits Des-Airs
merveilles17_imp_pie-ballard1	vagnard_fils	Le petit Vagnard
merveilles17_imp_pie-ballard1	tutin_fils	Le petit Tutin
merveilles17_imp_pie-ballard1	d_heureux	D’Heureux
merveilles17_imp_pie-ballard1	beauchamp	Beauchamp
merveilles17_imp_pie-ballard1	mollier	Molier
merveilles17_imp_pie-ballard1	la_marre	La Marre
merveilles17_imp_pie-ballard1	le_chantre	Le Chantre
merveilles17_imp_pie-ballard1	de_gan	De Gan
merveilles17_imp_pie-ballard1	du_pron	Du Pron
merveilles17_imp_pie-ballard1	mercier	Mercier
merveilles17_imp_pie-ballard1	souville	Souuille
merveilles17_imp_pie-ballard1	raynal	Raynal
merveilles17_imp_pie-ballard1	des_airs_l_aine	Des-Airs l’aisné
merveilles17_imp_pie-ballard1	des_airs_le_second	Des-Airs le second
merveilles17_imp_pie-ballard1	de_lorges	De Lorge
merveilles17_imp_pie-ballard1	balthazar	Balthasard
merveilles17_imp_pie-ballard1	chicanneau	Chicanneau
merveilles17_imp_pie-ballard1	noblet	Noblet
merveilles17_imp_pie-ballard1	arnald	Arnald
merveilles17_imp_pie-ballard1	desbrosses	Desbrosses
merveilles17_imp_pie-ballard1	desonnets	Desonets
merveilles17_imp_pie-ballard1	la_pierre	La Pierre
merveilles17_imp_pie-ballard1	tartas	Tartas
merveilles17_imp_pie-ballard1	saint_andre	S. André
merveilles17_imp_pie-ballard1	tutin	Tutin
merveilles17_imp_pie-ballard1	la_brodiere	La Brodiere
merveilles17_imp_pie-ballard1	pelau	Pelau
merveilles17_imp_pie-ballard1	bureau	Bureau
merveilles17_imp_pie-ballard1	therese_duparc	Madlle. du Parc
merveilles17_imp_pie-ballard1	de_lorges	De Lorge
merveilles17_imp_pie-ballard1	beauchamp	Beauchamp
merveilles17_imp_pie-ballard1	d_heureux	D’Heureux
merveilles17_imp_pie-ballard1	raynal	Raynal
merveilles17_imp_pie-ballard1	du_pron	Du Pron
merveilles17_imp_pie-ballard1	desbrosses	Desbrosses
merveilles17_imp_pie-ballard1	la_marre	La Marre
merveilles17_imp_pie-ballard1	le_chantre	Le Chantre
merveilles17_imp_pie-ballard1	de_gan	De Gan
merveilles17_imp_pie-ballard1	mercier	Mercier
merveilles17_imp_pie-ballard1	rhodes	Rhodes
merveilles17_imp_pie-ballard1	la_chapelle	La Chapelle
merveilles17_imp_pie-ballard1	du_pre	Du Pré
merveilles17_imp_pie-ballard1	la_salle	La Salle
merveilles17_imp_pie-ballard1	leger_trompette	Leger
merveilles17_imp_pie-ballard1	la_plaine	La Plaine
merveilles17_imp_pie-ballard1	champagne	Champagne
merveilles17_imp_pie-ballard1	la_fleur	La Fleur
merveilles17_imp_pie-ballard1	beaulieu	Beaulieu
merveilles17_imp_pie-ballard1	orleans	Orleans
merveilles17_imp_pie-ballard1	beaulis	Beaulis
merveilles17_imp_pie-ballard1	la_marche	La Marche
merveilles17_imp_pie-ballard1	beaupre	Beaupré
merveilles17_imp_pie-ballard1	jolicoeur	Iolicoeur
merveilles17_imp_pie-ballard1	louis_d_escre	Louis d’Escre
merveilles17_imp_pie-ballard1	saint_jean	Saint Iean
merveilles17_imp_pie-ballard1	du_manoir	Du Manoir
merveilles17_imp_pie-ballard1	leger_violon	Leger
merveilles17_imp_pie-ballard1	mazuel	Mazuel
merveilles17_imp_pie-ballard1	favier	Fauier
merveilles17_imp_pie-ballard1	joubert	Ioubert
merveilles17_imp_pie-ballard1	du_pin	Du Pin
merveilles17_imp_pie-ballard1	chaudron	Chaudron
merveilles17_imp_pie-ballard1	des_noyers	Des Noyers
merveilles17_imp_pie-ballard1	varin	Varin
merveilles17_imp_pie-ballard1	bruslard_dessus	Bruslard dessus
merveilles17_imp_pie-ballard1	bruslard_basse	Bruslard basse
merveilles17_imp_pie-ballard1	bonard	Bonard
merveilles17_imp_pie-ballard1	artus	Artus
merveilles17_imp_pie-ballard1	brouard	Broüard
merveilles17_imp_pie-ballard1	feugre	Feugré
merveilles17_imp_pie-ballard1	la_croix	La Croix
merveilles17_imp_pie-ballard1	balus	Balus
merveilles17_imp_pie-ballard1	des_matins	Des-matins
merveilles17_imp_pie-ballard1	lespervier	Lesperuier
merveilles17_imp_pie-ballard1	camille	Camille
merveilles17_imp_pie-ballard1	marchand	Marchand
merveilles17_imp_pie-ballard1	la_caisse	La Caisse
merveilles17_imp_pie-ballard1	magny	Magny
merveilles17_imp_pie-ballard1	charlot	Charlot
merveilles17_imp_pie-ballard1	martineau	Martineau
merveilles17_imp_pie-ballard1	barry	Barry
merveilles17_imp_pie-ballard1	le_roux_aine	Le Roux l’aisné
merveilles17_imp_pie-ballard1	le_roux_cadet	Le Roux le cadet
merveilles17_imp_pie-ballard1	brouart	Broüart
merveilles17_imp_pie-ballard1	roulle	Roullé
merveilles17_imp_pie-ballard1	le_grais	Le Grais
merveilles17_imp_pie-ballard1	heuge	Heugé
merveilles17_imp_pie-ballard1	le_peintre	Le Peintre
merveilles17_imp_pie-ballard1	la_riviere	La Riuiere
merveilles17_imp_pie-ballard1	besson	Besson
merveilles17_imp_pie-ballard1	alais	Alais
merveilles17_imp_pie-ballard1	la_fontaine	La Fontaine
merveilles17_imp_pie-ballard1	huguenet	Huguenet
merveilles17_imp_pie-ballard1	guerin	Guenin
merveilles17_imp_pie-ballard1	piesche	Piesche
merveilles17_imp_pie-ballard1	descouteaux	Descouteaux
merveilles17_imp_pie-ballard1	destouches	Destouches
merveilles17_imp_pie-ballard1	martin_hottere	Martin Hottere
merveilles17_imp_pie-ballard1	louis_hottere	Louis Hottere
merveilles17_imp_pie-ballard1	jean_hottere	Iean Hottere
merveilles17_imp_pie-ballard1	nicolas_hottere	Nicolas Hottere
merveilles17_imp_pie-ballard1	le_roy	le Roy
merveilles17_imp_pie-ballard1	paisible	Paisbile
merveilles17_imp_pie-ballard2	benserade	Benserade Isaac de (1613-1691)
merveilles17_imp_pie-ballard2	moliere	Poquelin Jean-Baptiste dit Molière (1622-1673)
merveilles17_imp_pie-ballard2	ballard	Ballard Robert
merveilles17_imp_pie-ballard2	louisxiv	LE ROY
merveilles17_imp_pie-ballard2	marie_therese	Reynes
merveilles17_imp_pie-ballard2	anne_d_autriche	Reynes
merveilles17_imp_pie-ballard2	louisxiv	sa Majesté
merveilles17_imp_pie-ballard2	louisxiv	le Roy
merveilles17_imp_pie-ballard2	louisxiv	sa Majesté
merveilles17_imp_pie-ballard2	louisxiv	Roy
merveilles17_imp_pie-ballard2	vigarani	Monsieur de Vigarini
merveilles17_imp_pie-ballard2	louisxiv	le Roy
merveilles17_imp_pie-ballard2	saint_aignan	Duc de S. Aignan
merveilles17_imp_pie-ballard2	arioste	Arioste
merveilles17_imp_pie-ballard2	louisxiv	sa Majesté
merveilles17_imp_pie-ballard2	desbardins	M. des Bardins
merveilles17_imp_pie-ballard2	artagnan	M. d’Artagnan
merveilles17_imp_pie-ballard2	louisxiv	sa Majesté
merveilles17_imp_pie-ballard2	perigny	President de Perigny
merveilles17_imp_pie-ballard2	saint_aignan	S. Aignan
merveilles17_imp_pie-ballard2	anne_de_noailles	Noailles
merveilles17_imp_pie-ballard2	saint_aignan	S. Aignan
merveilles17_imp_pie-ballard2	anne_de_noailles	Noailles
merveilles17_imp_pie-ballard2	saint_aignan	Le Duc de S. Aignan
merveilles17_imp_pie-ballard2	saint_aignan	le Duc de Saint-Aignan
merveilles17_imp_pie-ballard2	saint_aignan	le même
merveilles17_imp_pie-ballard2	louisxiv	LE ROY
merveilles17_imp_pie-ballard2	louisxiv	Sa Majesté
merveilles17_imp_pie-ballard2	louisxiv	LE ROY
merveilles17_imp_pie-ballard2	anne_de_noailles	Le Duc de Noailles
merveilles17_imp_pie-ballard2	anne_de_noailles	Le duc de Noailles
merveilles17_imp_pie-ballard2	henri_ii_de_guise	Duc de Guise
merveilles17_imp_pie-ballard2	henri_de_lorraine	Comte d’Armagnac
merveilles17_imp_pie-ballard2	henri_ii_de_guise	Duc de Guise
merveilles17_imp_pie-ballard2	henri_de_lorraine	Comte d’Armagnac
merveilles17_imp_pie-ballard2	jb_gaston_foix_candale	Duc de Foix
merveilles17_imp_pie-ballard2	armand_du_cambout	Le Duc de Coaslin
merveilles17_imp_pie-ballard2	henri_de_daillon	Comte du Lude
merveilles17_imp_pie-ballard2	francois_vii_de_la_rochefoucauld	Prince de Marsillac
merveilles17_imp_pie-ballard2	francois_vii_de_la_rochefoucauld	Prince de Marsillac
merveilles17_imp_pie-ballard2	antoine_d_aumont	Marquis de Villequier
merveilles17_imp_pie-ballard2	cm_de_belleforiere	Soyecourt
merveilles17_imp_pie-ballard2	antoine_d_aumont	Marquis de Villequier
merveilles17_imp_pie-ballard2	cm_de_belleforiere	Marquis de Soyecourt
merveilles17_imp_pie-ballard2	louis_de_crevant	Marquis d’Humieres
merveilles17_imp_pie-ballard2	jf_de_labaume	la Valliere
merveilles17_imp_pie-ballard2	louis_de_crevant	Marquis d’Humieres
merveilles17_imp_pie-ballard2	jf_de_labaume	la Valliere
merveilles17_imp_pie-ballard2	hj_bourbon_conde	Monsieur le DVC
merveilles17_imp_pie-ballard2	hj_bourbon_conde	Monsieur le Duc
merveilles17_imp_pie-ballard2	millet	Millet
merveilles17_imp_pie-ballard2	hj_bourbon_conde	Monsieur le Duc
merveilles17_imp_pie-ballard2	henri_ii_de_guise	Duc de Guise
merveilles17_imp_pie-ballard2	henri_de_lorraine	Le Comte d’Armagnac
merveilles17_imp_pie-ballard2	jb_gaston_foix_candale	Le Duc de Foix
merveilles17_imp_pie-ballard2	armand_du_cambout	Duc de Coaslin
merveilles17_imp_pie-ballard2	henri_de_daillon	Comte du Lude
merveilles17_imp_pie-ballard2	francois_vii_de_la_rochefoucauld	Prince de Marsillac
merveilles17_imp_pie-ballard2	antoine_d_aumont	Marquis de Villequier
merveilles17_imp_pie-ballard2	cm_de_belleforiere	Marquis de Soyecourt
merveilles17_imp_pie-ballard2	louis_de_crevant	Marquis d’Humieres
merveilles17_imp_pie-ballard2	jf_de_labaume	Marquis de la Valliere
merveilles17_imp_pie-ballard2	hj_bourbon_conde	Monsieur le Dvc
merveilles17_imp_pie-ballard2	marie_therese	les Reynes
merveilles17_imp_pie-ballard2	anne_d_autriche	les Reynes
merveilles17_imp_pie-ballard2	louisxiv	Le Roy
merveilles17_imp_pie-ballard2	hj_bourbon_conde	Monsieur le Duc
merveilles17_imp_pie-ballard2	louisxiv	Sa Majesté
merveilles17_imp_pie-ballard2	saint_aignan	S. Aignan
merveilles17_imp_pie-ballard2	anne_de_noailles	Noailles
merveilles17_imp_pie-ballard2	mlle_de_brie	Mlle. de Brie
merveilles17_imp_pie-ballard2	marie_therese	Reyne
merveilles17_imp_pie-ballard2	louisxiv	le Roy
merveilles17_imp_pie-ballard2	henri_ii_de_guise	Duc de Guise
merveilles17_imp_pie-ballard2	cm_de_belleforiere	Soyecourt
merveilles17_imp_pie-ballard2	jf_de_labaume	Valliere
merveilles17_imp_pie-ballard2	louisxiv	leurs Majestez
merveilles17_imp_pie-ballard2	marie_therese	leurs Majestez
merveilles17_imp_pie-ballard2	anne_d_autriche	leurs Majestez
merveilles17_imp_pie-ballard2	therese_duparc	Mlle. du Parc
merveilles17_imp_pie-ballard2	gros_rene	Sieur du Parc
merveilles17_imp_pie-ballard2	la_thorilliere	Sieur de la Thorilliere
merveilles17_imp_pie-ballard2	louis_bejart	Sieur Bejard
merveilles17_imp_pie-ballard2	marie_therese	la Reyne
merveilles17_imp_pie-ballard2	marie_therese	LA REYNE
merveilles17_imp_pie-ballard2	louisxiv	LOVIS
merveilles17_imp_pie-ballard2	marie_therese	Princesse
merveilles17_imp_pie-ballard2	marie_therese	A LA REYNE
merveilles17_imp_pie-ballard2	marche_coquet	Messieurs de la Marche
merveilles17_imp_pie-ballard2	marche_coquet	Messieurs de la Marche
merveilles17_imp_pie-ballard2	parfait_pere	Parfait Pere
merveilles17_imp_pie-ballard2	parfait_pere	Parfait Pere
merveilles17_imp_pie-ballard2	parfait_frere	Frere
merveilles17_imp_pie-ballard2	parfait_frere	Frere
merveilles17_imp_pie-ballard2	parfait_fils	Fils
merveilles17_imp_pie-ballard2	parfait_fils	Fils
merveilles17_imp_pie-ballard2	louisxiv	Leurs Majestez
merveilles17_imp_pie-ballard2	marie_therese	Leurs Majestez
merveilles17_imp_pie-ballard2	anne_d_autriche	Leurs Majestez
merveilles17_imp_pie-ballard2	anne_d_autriche	La Reyne Mere
merveilles17_imp_pie-ballard2	louisxiv	LE ROY
merveilles17_imp_pie-ballard2	elisabeth_orleans_alencon	Mademoiselle d’Alençon
merveilles17_imp_pie-ballard2	maille_breze_conde	Madame la Princesse.
merveilles17_imp_pie-ballard2	marie_lorraine_elbeuf	Mademoiselle d’Elbeuf.
merveilles17_imp_pie-ballard2	beauvilliers_bethune	Madame de Bethune.
merveilles17_imp_pie-ballard2	lansac_crequi	Madame la Duchesse de Crequy.
merveilles17_imp_pie-ballard2	philippe_orleans	MONSIEUR
merveilles17_imp_pie-ballard2	servien_saint_aignan	Madame la duchesse de S. Aignan.
merveilles17_imp_pie-ballard2	charron_du_plessis	Madame la Mareschalle Du Plessis.
merveilles17_imp_pie-ballard2	choiseul_etampes	Madame la Mareschalle d’Estampes.
merveilles17_imp_pie-ballard2	gourdon	Madame de Gourdon
merveilles17_imp_pie-ballard2	madame_montespan	Madame de Montespan.
merveilles17_imp_pie-ballard2	chatre_humieres	Madame d’Humieres.
merveilles17_imp_pie-ballard2	marie_brancas	Mademoiselle de Brancas
merveilles17_imp_pie-ballard2	marguerite_cambout_armagnac	Madame d’Armagnac.
merveilles17_imp_pie-ballard2	olympe_mancini_soissons	Madame la Comtesse de Soissons.
merveilles17_imp_pie-ballard2	louise_savoie_bade	Madame la Princesse de Bade.
merveilles17_imp_pie-ballard2	louise_rouxel_grancey	Mademoiselle de Grançay.
merveilles17_imp_pie-ballard2	anne_d_autriche	LA REYNE.
merveilles17_imp_pie-ballard2	marie_bourbon_carignan	Madame de Carignan.
merveilles17_imp_pie-ballard2	marie_bauffremont_fleix	Madame de Flaix.
merveilles17_imp_pie-ballard2	madeleine_charlotte_albert_ailly	Madame la Duchesse de Foix
merveilles17_imp_pie-ballard2	mme_de_brancas	Madame de Brancas
merveilles17_imp_pie-ballard2	angelique_baudean_froulay	Madame de Froulay.
merveilles17_imp_pie-ballard2	baudean_parabere_navailles	Madame la Duchesse de Nauailles.
merveilles17_imp_pie-ballard2	mlle_d_ardennes	Mademoiselle d’Ardennes
merveilles17_imp_pie-ballard2	mlle_de_cologon	Mademoiselle de Cologon
merveilles17_imp_pie-ballard2	mme_de_crussol	Madame de Crussol
merveilles17_imp_pie-ballard2	julie_montausier	Madame de Montauzier.
merveilles17_imp_pie-ballard2	henriette_anne_angleterre	MADAME
merveilles17_imp_pie-ballard2	benedicte_henriette_palatinat	Madame la Princesse Benedicte
merveilles17_imp_pie-ballard2	anne_baviere_conde	Madame la Duchesse.
merveilles17_imp_pie-ballard2	diane_budos_rouvroy	Madame de Rouuroy.
merveilles17_imp_pie-ballard2	anne_de_la_mothe_houdancourt	Mademoiselle de la Mothe.
merveilles17_imp_pie-ballard2	mme_de_marse	Madame de Marsé
merveilles17_imp_pie-ballard2	louise_la_valliere	Mademoiselle de la Valliere.
merveilles17_imp_pie-ballard2	madeleine_du_guast_d_artigny	Mademoiselle d’Artigny.
merveilles17_imp_pie-ballard2	mlle_du_bellay	Mademoiselle du Bellay
merveilles17_imp_pie-ballard2	mlle_de_dampierre	Mademoiselle de Dampierre
merveilles17_imp_pie-ballard2	mlle_de_fiennes	Mademoiselle de Fiennes
merveilles17_imp_pie-ballard2	louisxiv	leurs Majestez
merveilles17_imp_pie-ballard2	marie_therese	leurs Majestez
merveilles17_imp_pie-ballard2	anne_d_autriche	leurs Majestez
merveilles17_imp_pie-ballard2	louisxiv	Leurs Majestez
merveilles17_imp_pie-ballard2	marie_therese	Leurs Majestez
merveilles17_imp_pie-ballard2	anne_d_autriche	Leurs Majestez
merveilles17_imp_pie-ballard2	marie_therese	la Reyne
merveilles17_imp_pie-ballard2	louisxiv	Sa Majesté
merveilles17_imp_pie-ballard2	louisxiv	Le Roy
merveilles17_imp_pie-ballard2	hilaire_dupuis	Mademoiselle Hilaire
merveilles17_imp_pie-ballard2	moliere	le Sieur de Moliere
merveilles17_imp_pie-ballard2	estival	Sieurs Estiual
merveilles17_imp_pie-ballard2	louis_don	Don
merveilles17_imp_pie-ballard2	simon_blondel	Blondel
merveilles17_imp_pie-ballard2	paysan	Sieurs Paysan
merveilles17_imp_pie-ballard2	chicanneau	Chicanneau
merveilles17_imp_pie-ballard2	noblet	Noblet
merveilles17_imp_pie-ballard2	pesan	Pesan
merveilles17_imp_pie-ballard2	bonard	Bonard
merveilles17_imp_pie-ballard2	la_pierre	la Pierre
merveilles17_imp_pie-ballard2	armande_bejart	Mademoiselle de Moliere
merveilles17_imp_pie-ballard2	therese_duparc	Mademoiselle du Parc
merveilles17_imp_pie-ballard2	mlle_de_brie	Mademoiselle de Brie
merveilles17_imp_pie-ballard2	madeleine_bejart	Mademoiselle Bejart
merveilles17_imp_pie-ballard2	andre_hubert	Le Sieur Hubert
merveilles17_imp_pie-ballard2	la_grange	Le Sieur la Grange
merveilles17_imp_pie-ballard2	du_croisy	Le Sieur du Croisy
merveilles17_imp_pie-ballard2	louis_bejart	Le Sieur Bejart
merveilles17_imp_pie-ballard2	la_thorilliere	Le Sieur de La Thorilliere
merveilles17_imp_pie-ballard2	moliere	Le Sieur de Moliere
merveilles17_imp_pie-ballard2	marin_prevost	Le Sieur Preuost
merveilles17_imp_pie-ballard2	chicanneau	Chicanneau
merveilles17_imp_pie-ballard2	balthazar	Baltasard
merveilles17_imp_pie-ballard2	noblet	Noblet
merveilles17_imp_pie-ballard2	bonard	Bonard
merveilles17_imp_pie-ballard2	manceau	Mançeau
merveilles17_imp_pie-ballard2	magny	Magny
merveilles17_imp_pie-ballard2	la_pierre	la Pierre
merveilles17_imp_pie-ballard2	le_gros	le Gros
merveilles17_imp_pie-ballard2	estival	Estiual
merveilles17_imp_pie-ballard2	louis_don	Don
merveilles17_imp_pie-ballard2	simon_blondel	Blondel
merveilles17_imp_pie-ballard2	mlle_de_la_barre	Madlle. de la Barre
merveilles17_imp_pie-ballard2	hilaire_dupuis	Madlle. Hilaire
merveilles17_imp_pie-ballard2	d_anglebert	D’Anglebert
merveilles17_imp_pie-ballard2	richard	Richard
merveilles17_imp_pie-ballard2	leonard_itier	Itier
merveilles17_imp_pie-ballard2	la_barre_cadet	La Barre le cadet
merveilles17_imp_pie-ballard2	tissu	Tissu
merveilles17_imp_pie-ballard2	le_moine	le Moine
merveilles17_imp_pie-ballard2	chicanneau	Chicanneau
merveilles17_imp_pie-ballard2	du_pron	du Pron
merveilles17_imp_pie-ballard2	noblet	Noblet
merveilles17_imp_pie-ballard2	la_pierre	la Pierre
merveilles17_imp_pie-ballard2	balthazar	Baltazard
merveilles17_imp_pie-ballard2	magny	Magny
merveilles17_imp_pie-ballard2	arnald	Arnald
merveilles17_imp_pie-ballard2	bonard	Bonnard
merveilles17_imp_pie-ballard2	louisxiv	Leurs Majestez
merveilles17_imp_pie-ballard2	marie_therese	Leurs Majestez
merveilles17_imp_pie-ballard2	anne_d_autriche	Leurs Majestez
merveilles17_imp_pie-ballard2	anne_d_autriche	Reyne Mere du Roy
merveilles17_imp_pie-ballard2	anne_d_autriche	Reyne
merveilles17_imp_pie-ballard2	anne_d_autriche	Reyne
merveilles17_imp_pie-ballard2	louisxiv	Fils
merveilles17_imp_pie-ballard2	louisxiv	Fils
merveilles17_imp_pie-ballard2	louisxiv	Fils
merveilles17_imp_pie-ballard2	anne_d_autriche	Mere
merveilles17_imp_pie-ballard2	anne_d_autriche	Reyne
merveilles17_imp_pie-ballard2	therese_duparc	Madlle. du Parc
merveilles17_imp_pie-ballard2	mlle_de_brie	Madlle. de Brie
merveilles17_imp_pie-ballard2	armande_bejart	Madlle. Moliere
merveilles17_imp_pie-ballard2	manceau	Mançeau
merveilles17_imp_pie-ballard2	vagnard	Vagnard
merveilles17_imp_pie-ballard2	pesan	Pesan
merveilles17_imp_pie-ballard2	joubert	Ioubert
merveilles17_imp_pie-ballard2	des_airs_fils1	deux petits Des-Airs
merveilles17_imp_pie-ballard2	des_airs_fils2	deux petits Des-Airs
merveilles17_imp_pie-ballard2	vagnard_fils	petit Vagnard
merveilles17_imp_pie-ballard2	tutin_fils	petit Tutin
merveilles17_imp_pie-ballard2	d_heureux	d’Heureux
merveilles17_imp_pie-ballard2	beauchamp	Beauchamp
merveilles17_imp_pie-ballard2	mollier	Molier
merveilles17_imp_pie-ballard2	la_marre	La Marre
merveilles17_imp_pie-ballard2	le_chantre	Le Chantre
merveilles17_imp_pie-ballard2	de_gan	de Gan
merveilles17_imp_pie-ballard2	du_pron	Du Pron
merveilles17_imp_pie-ballard2	mercier	Mercier
merveilles17_imp_pie-ballard2	souville	de Souuille
merveilles17_imp_pie-ballard2	raynal	Raynal
merveilles17_imp_pie-ballard2	des_airs_l_aine	Des-Airs l’aisné
merveilles17_imp_pie-ballard2	des_airs_le_second	Des-Airs le second
merveilles17_imp_pie-ballard2	de_lorges	De Lorge
merveilles17_imp_pie-ballard2	balthazar	Balthasard
merveilles17_imp_pie-ballard2	chicanneau	Chicanneau
merveilles17_imp_pie-ballard2	noblet	Noblet
merveilles17_imp_pie-ballard2	arnald	Arnald
merveilles17_imp_pie-ballard2	desbrosses	Desbrosses
merveilles17_imp_pie-ballard2	desonnets	Desonets
merveilles17_imp_pie-ballard2	la_pierre	la Pierre
merveilles17_imp_pie-ballard2	saint_andre	S. André
merveilles17_imp_pie-ballard2	magny	Magny
merveilles17_imp_pie-ballard2	tutin	Tutin
merveilles17_imp_pie-ballard2	la_brodiere	La Brodiere
merveilles17_imp_pie-ballard2	pesan	Pesan
merveilles17_imp_pie-ballard2	bureau	Bureau
merveilles17_imp_pie-ballard2	therese_duparc	Madlle. du Parc
merveilles17_imp_pie-ballard2	de_lorges	De Lorge
merveilles17_imp_pie-ballard2	beauchamp	M. Beauchamp
merveilles17_imp_pie-ballard2	d_heureux	d’Heureux
merveilles17_imp_pie-ballard2	raynal	Raynal
merveilles17_imp_pie-ballard2	du_pron	Du Pron
merveilles17_imp_pie-ballard2	desbrosses	Desbrosses
merveilles17_imp_pie-ballard2	la_marre	La Marre
merveilles17_imp_pie-ballard2	le_chantre	Le Chantre
merveilles17_imp_pie-ballard2	de_gan	De Gan
merveilles17_imp_pie-ballard2	mercier	Mercier
merveilles17_imp_pie-ballard2	louisxiv	Roy
merveilles17_imp_pie-ballard2	louisxiv	Sa Majesté
merveilles17_imp_pie-ballard2	saint_aignan	de S. Aignan
merveilles17_imp_pie-ballard2	anne_de_noailles	de Noailles
merveilles17_imp_pie-ballard2	louisxiv	Roy
merveilles17_imp_pie-ballard2	marie_therese	Reyne
merveilles17_imp_pie-ballard2	louisxiv	Roy
merveilles17_imp_pie-ballard2	armand_du_cambout	Marquis de Coaslin
merveilles17_imp_pie-ballard2	cm_de_belleforiere	Marquis de Soyecourt
merveilles17_imp_pie-ballard2	saint_aignan	Duc de S. Aignan
merveilles17_imp_pie-ballard2	cm_de_belleforiere	Marquis de Soyecourt
merveilles17_imp_pie-ballard2	antoine_iii_de_gramont	Mareschal Duc de Grammont
merveilles17_imp_pie-ballard2	louisxiv	Roy
merveilles17_imp_pie-ballard2	moliere	de Moliere
merveilles17_imp_pie-ballard2	saint_aignan	Duc
merveilles17_imp_pie-ballard2	cm_de_belleforiere	Marquis
merveilles17_imp_pie-ballard2	louisxiv	Roy
merveilles17_imp_pie-ballard2	saint_aignan	Duc de S. Aignan
merveilles17_imp_pie-ballard2	louisxiv	Roy
merveilles17_imp_pie-ballard2	marie_therese	les Reynes
merveilles17_imp_pie-ballard2	anne_d_autriche	les Reynes
merveilles17_imp_pie-ballard2	philippe_orleans	Monsieur
merveilles17_imp_pie-ballard2	henriette_anne_angleterre	Madame
merveilles17_imp_pie-ballard2	louisxiv	S. M.
merveilles17_imp_pie-ballard2	marie_therese	la Reyne
merveilles17_imp_pie-ballard2	louisxiv	Le Roy
merveilles17_imp_pie-ballard2	louisxiv	Sa Majesté
merveilles17_imp_pie-ballard2	saint_aignan	Duc de S. Aignan
merveilles17_imp_pie-ballard2	louisxiv	Sa Majesté
merveilles17_imp_pie-ballard2	moliere	le Sieur de Molliere
merveilles17_imp_pie-ballard2	louisxiv	le Roy
merveilles17_imp_pie-ballard2	louisxiv	le Roy
merveilles17_imp_pie-ballard2	louisxiv	Sa Majesté
merveilles17_imp_pie-ballard2	saint_aignan	Duc de S. Aignan
merveilles17_imp_pie-ballard2	louisxiv	Sa Majesté
merveilles17_imp_pie-ballard2	louisxiv	Roy
merveilles17_imp_pie-ballard2	louisxiv	Sa Majesté
merveilles17_imp_pie-ballard2	moliere	Sieur de Molliere
merveilles17_imp_pie-ballard2	louisxiv	le Roy
merveilles17_imp_pie-ballard2	colbert	Monsieur de Colbert
merveilles17_imp_pie-ballard2	saint_aignan	Duc de S. Aignan
merveilles17_imp_pie-ballard2	perigny	President de Perigny
merveilles17_imp_pie-ballard2	marie_therese	Reynes
merveilles17_imp_pie-ballard2	anne_d_autriche	Reynes
merveilles17_imp_pie-ballard2	benserade	Monsieur de Bensserade
merveilles17_imp_pie-ballard2	bontemps	Monsieur Bontemps
merveilles17_imp_pie-ballard2	de_launay	Monsieur de Launay
merveilles17_imp_pie-ballard2	louisxiv	Roy
merveilles17_imp_pie-ballard2	louisxiv	Sa Majesté
merveilles17_imp_pie-guignard1668	moliere	Poquelin Jean-Baptiste, dit Molière (1622-1673).
merveilles17_imp_pie-guignard1668	benserade	Benserade Isaac de (1613-1691).
merveilles17_imp_pie-guignard1668	jean_guignard_fils	IEAN GVIGNARD fils
merveilles17_imp_pie-guignard1668	louisxiv	LE ROY
merveilles17_imp_pie-guignard1668	marie_therese	Reines
merveilles17_imp_pie-guignard1668	anne_d_autriche	Reines
merveilles17_imp_pie-guignard1668	louisxiv	le Roy
merveilles17_imp_pie-guignard1668	louisxiv	sa Majesté
merveilles17_imp_pie-guignard1668	louisxiv	Roy
merveilles17_imp_pie-guignard1668	vigarani	Monsieur de Vigarani
merveilles17_imp_pie-guignard1668	louisxiv	le Roy
merveilles17_imp_pie-guignard1668	saint_aignan	Duc de S. Aignan
merveilles17_imp_pie-guignard1668	arioste	Arioste
merveilles17_imp_pie-guignard1668	desbardins	M. des Bardins
merveilles17_imp_pie-guignard1668	louisxiv	Roy
merveilles17_imp_pie-guignard1668	artagnan	Mr. d’Artagnan
merveilles17_imp_pie-guignard1668	louisxiv	sa Majesté
merveilles17_imp_pie-guignard1668	louisxiv	sa Majesté
merveilles17_imp_pie-guignard1668	perigny	President de Perigny
merveilles17_imp_pie-guignard1668	saint_aignan	Ducs de S. Aignan
merveilles17_imp_pie-guignard1668	anne_de_noailles	de Noailles
merveilles17_imp_pie-guignard1668	saint_aignan	Duc de S. Aignan
merveilles17_imp_pie-guignard1668	anne_de_noailles	Duc de Noailles
merveilles17_imp_pie-guignard1668	saint_aignan	Le Duc de S.Aignan
merveilles17_imp_pie-guignard1668	saint_aignan	le Duc de S. Aignan
merveilles17_imp_pie-guignard1668	louisxiv	LE ROY
merveilles17_imp_pie-guignard1668	louisxiv	Sa Majesté
merveilles17_imp_pie-guignard1668	louisxiv	le ROY
merveilles17_imp_pie-guignard1668	anne_de_noailles	Le Duc de Noailles
merveilles17_imp_pie-guignard1668	louisxiv	le Roy
merveilles17_imp_pie-guignard1668	anne_de_noailles	Le Duc de Noailles
merveilles17_imp_pie-guignard1668	henri_ii_de_guise	Le Duc de Guise
merveilles17_imp_pie-guignard1668	henri_de_lorraine	le Comte d’Armagnac
merveilles17_imp_pie-guignard1668	henri_ii_de_guise	Le Duc de Guise
merveilles17_imp_pie-guignard1668	henri_de_lorraine	Le Comte d’Armagnac
merveilles17_imp_pie-guignard1668	jb_gaston_foix_candale	Les Ducs de Foix
merveilles17_imp_pie-guignard1668	armand_du_cambout	de Coaslin
merveilles17_imp_pie-guignard1668	jb_gaston_foix_candale	le Duc de Foix
merveilles17_imp_pie-guignard1668	armand_du_cambout	Le Duc de Coaslin
merveilles17_imp_pie-guignard1668	henri_de_daillon	le Comte du Lude
merveilles17_imp_pie-guignard1668	francois_vii_de_la_rochefoucauld	le Prince de  Marsillac
merveilles17_imp_pie-guignard1668	henri_de_daillon	Le Comte du Lude
merveilles17_imp_pie-guignard1668	francois_vii_de_la_rochefoucauld	Le Prince de Marsillac
merveilles17_imp_pie-guignard1668	louis_marie_aumont_rochebaron	Les Marquis de Villequier
merveilles17_imp_pie-guignard1668	cm_de_belleforiere	de Soye-court
merveilles17_imp_pie-guignard1668	louis_marie_aumont_rochebaron	Le Marquis de Villequiert
merveilles17_imp_pie-guignard1668	cm_de_belleforiere	Le Marquis de Soyecourt
merveilles17_imp_pie-guignard1668	louis_de_crevant	Les Marquis d’Humieres
merveilles17_imp_pie-guignard1668	jf_de_labaume	de la Valliere
merveilles17_imp_pie-guignard1668	louis_de_crevant	Le Marquis d’Humieres
merveilles17_imp_pie-guignard1668	jf_de_labaume	Le Marquis de la Valliere
merveilles17_imp_pie-guignard1668	hj_bourbon_conde	Monsieur le Duc
merveilles17_imp_pie-guignard1668	hj_bourbon_conde	Monsieur le Duc
merveilles17_imp_pie-guignard1668	millet	le Sieur Millet
merveilles17_imp_pie-guignard1668	hj_bourbon_conde	Monsieur le Duc
merveilles17_imp_pie-guignard1668	henri_ii_de_guise	Le Duc de Guise
merveilles17_imp_pie-guignard1668	henri_de_lorraine	Le Comte d’Armagnac
merveilles17_imp_pie-guignard1668	jb_gaston_foix_candale	Le Duc de Foix
merveilles17_imp_pie-guignard1668	armand_du_cambout	Le Duc de Coaslin
merveilles17_imp_pie-guignard1668	henri_de_daillon	Le Comte du Lude
merveilles17_imp_pie-guignard1668	francois_vii_de_la_rochefoucauld	Le Prince de Marsillac
merveilles17_imp_pie-guignard1668	louis_marie_aumont_rochebaron	Le Marquis de Villequier
merveilles17_imp_pie-guignard1668	cm_de_belleforiere	Le Marquis de Soyecourt
merveilles17_imp_pie-guignard1668	louis_de_crevant	Le Marquis d’Humieres
merveilles17_imp_pie-guignard1668	jf_de_labaume	Le Marquis de la Valliere
merveilles17_imp_pie-guignard1668	hj_bourbon_conde	Monsieur le Duc
merveilles17_imp_pie-guignard1668	marie_therese	les Reynes
merveilles17_imp_pie-guignard1668	anne_d_autriche	les Reynes
merveilles17_imp_pie-guignard1668	louisxiv	Le Roy
merveilles17_imp_pie-guignard1668	hj_bourbon_conde	Mr. le Duc
merveilles17_imp_pie-guignard1668	louisxiv	sa Majesté
merveilles17_imp_pie-guignard1668	saint_aignan	les Ducs de S. Aignan
merveilles17_imp_pie-guignard1668	anne_de_noailles	de Noailles
merveilles17_imp_pie-guignard1668	mlle_de_brie	Mademoiselle de Brie
merveilles17_imp_pie-guignard1668	marie_therese	la Reyne
merveilles17_imp_pie-guignard1668	louisxiv	LOVIS
merveilles17_imp_pie-guignard1668	marie_therese	Reyne
merveilles17_imp_pie-guignard1668	louisxiv	Roy
merveilles17_imp_pie-guignard1668	louisxiv	le Roy
merveilles17_imp_pie-guignard1668	henri_ii_de_guise	le Duc de Guise
merveilles17_imp_pie-guignard1668	cm_de_belleforiere	les Marquis de Soyecourt
merveilles17_imp_pie-guignard1668	jf_de_labaume	de la Valliere
merveilles17_imp_pie-guignard1668	anne_d_autriche	la Reyne Mere
merveilles17_imp_pie-guignard1668	louisxiv	leurs Majestez
merveilles17_imp_pie-guignard1668	marie_therese	leurs Majestez
merveilles17_imp_pie-guignard1668	anne_d_autriche	leurs Majestez
merveilles17_imp_pie-guignard1668	therese_duparc	Mademoiselle du Parc
merveilles17_imp_pie-guignard1668	gros_rene	le sieur du parc
merveilles17_imp_pie-guignard1668	la_thorilliere	le sieur de la Thorilliere
merveilles17_imp_pie-guignard1668	louis_bejart	le Sieur Bejar
merveilles17_imp_pie-guignard1668	louisxiv	Roy
merveilles17_imp_pie-guignard1668	marie_therese	la Reyne
merveilles17_imp_pie-guignard1668	marie_therese	LA REINE
merveilles17_imp_pie-guignard1668	louisxiv	LOVIS
merveilles17_imp_pie-guignard1668	marie_therese	LA REINE
merveilles17_imp_pie-guignard1668	marche_coquet	Messieurs de la Marche
merveilles17_imp_pie-guignard1668	marche_coquet	Messieurs de la Marche
merveilles17_imp_pie-guignard1668	parfait_pere	Parfait Pere
merveilles17_imp_pie-guignard1668	parfait_pere	Parfait Pere
merveilles17_imp_pie-guignard1668	parfait_frere	Frere
merveilles17_imp_pie-guignard1668	parfait_frere	Frere
merveilles17_imp_pie-guignard1668	parfait_fils	Fils
merveilles17_imp_pie-guignard1668	parfait_fils	Fils
merveilles17_imp_pie-guignard1668	louisxiv	Leurs Majestez
merveilles17_imp_pie-guignard1668	marie_therese	Leurs Majestez
merveilles17_imp_pie-guignard1668	anne_d_autriche	Leurs Majestez
merveilles17_imp_pie-guignard1668	anne_d_autriche	La Reine Mere
merveilles17_imp_pie-guignard1668	louisxiv	LE ROY
merveilles17_imp_pie-guignard1668	elisabeth_orleans_alencon	Mademoiselle d’Alençon
merveilles17_imp_pie-guignard1668	maille_breze_conde	Madame la Princesse
merveilles17_imp_pie-guignard1668	marie_lorraine_elbeuf	Mademoiselle d’Elbeuf
merveilles17_imp_pie-guignard1668	beauvilliers_bethune	Madame de Bethune
merveilles17_imp_pie-guignard1668	lansac_crequi	Madame la Duchesse de Crequy
merveilles17_imp_pie-guignard1668	philippe_orleans	M O N S I E V R
merveilles17_imp_pie-guignard1668	servien_saint_aignan	Madame la Duchesse de S. Aignan
merveilles17_imp_pie-guignard1668	charron_du_plessis	Madame la Mareschalle du Plessis
merveilles17_imp_pie-guignard1668	choiseul_etampes	Madame la Mareschalle d’Estampes
merveilles17_imp_pie-guignard1668	gourdon	Madame de Gourdon
merveilles17_imp_pie-guignard1668	madame_montespan	Madame de Montespan
merveilles17_imp_pie-guignard1668	chatre_humieres	Madame d’Humieres
merveilles17_imp_pie-guignard1668	marie_brancas	Mademoiselle de Brancas
merveilles17_imp_pie-guignard1668	marguerite_cambout_armagnac	Madame d’Armagnac
merveilles17_imp_pie-guignard1668	olympe_mancini_soissons	Madame la Comtesse de Soissons
merveilles17_imp_pie-guignard1668	louise_savoie_bade	Madame la Princesse de Bade
merveilles17_imp_pie-guignard1668	louise_rouxel_grancey	Mademoiselle de Grançay
merveilles17_imp_pie-guignard1668	marie_therese	LA REYNE
merveilles17_imp_pie-guignard1668	marie_bourbon_carignan	Madame de Carignan
merveilles17_imp_pie-guignard1668	marie_bauffremont_fleix	Madame de Flaix
merveilles17_imp_pie-guignard1668	madeleine_charlotte_albert_ailly	Madame la Duchesse de Foix
merveilles17_imp_pie-guignard1668	mme_de_brancas	Madame de Brancas
merveilles17_imp_pie-guignard1668	angelique_baudean_froulay	Madame de Froulay
merveilles17_imp_pie-guignard1668	baudean_parabere_navailles	Madame la Duchesse de Navailles
merveilles17_imp_pie-guignard1668	mlle_d_ardennes	Mademoiselle d’Ardennes
merveilles17_imp_pie-guignard1668	mlle_de_cologon	Mademoiselle de Cologon
merveilles17_imp_pie-guignard1668	mme_de_crussol	Madame de Crussol
merveilles17_imp_pie-guignard1668	julie_montausier	Madame de Montauzier
merveilles17_imp_pie-guignard1668	henriette_anne_angleterre	MADAME
merveilles17_imp_pie-guignard1668	benedicte_henriette_palatinat	Madame la Princesse Benedicte
merveilles17_imp_pie-guignard1668	anne_baviere_conde	Madame la Duchesse
merveilles17_imp_pie-guignard1668	diane_budos_rouvroy	Madame de Rouvroy
merveilles17_imp_pie-guignard1668	anne_de_la_mothe_houdancourt	Mademoiselle de la Mothe
merveilles17_imp_pie-guignard1668	mme_de_marse	Madame de Marsé
merveilles17_imp_pie-guignard1668	louise_la_valliere	Mademoiselle de la Valliere
merveilles17_imp_pie-guignard1668	madeleine_du_guast_d_artigny	Mademoiselle d’Artigny
merveilles17_imp_pie-guignard1668	mlle_du_bellay	Mademoiselle du Bellay
merveilles17_imp_pie-guignard1668	mlle_de_dampierre	Mademoiselle de Dampierre
merveilles17_imp_pie-guignard1668	mlle_de_fiennes	Mademoiselle de Fiennes
merveilles17_imp_pie-guignard1668	louisxiv	leurs Majestez
merveilles17_imp_pie-guignard1668	marie_therese	leurs Majestez
merveilles17_imp_pie-guignard1668	anne_d_autriche	leurs Majestez
merveilles17_imp_pie-guignard1668	louisxiv	leurs Majestez
merveilles17_imp_pie-guignard1668	marie_therese	leurs Majestez
merveilles17_imp_pie-guignard1668	anne_d_autriche	leurs Majestez
merveilles17_imp_pie-guignard1668	marie_therese	la Reyne
merveilles17_imp_pie-guignard1668	louisxiv	sa Majesté
merveilles17_imp_pie-guignard1668	louisxiv	Le Roy
merveilles17_imp_pie-guignard1668	hilaire_dupuis	Mademoiselle Hilaire
merveilles17_imp_pie-guignard1668	moliere	le Sieur de Moliere
merveilles17_imp_pie-guignard1668	estival	les Sieurs Estival
merveilles17_imp_pie-guignard1668	louis_don	Don
merveilles17_imp_pie-guignard1668	simon_blondel	Blondel
merveilles17_imp_pie-guignard1668	louisxiv	Roy
merveilles17_imp_pie-guignard1668	paysan	les sieurs Paysan
merveilles17_imp_pie-guignard1668	chicanneau	Chicanneau
merveilles17_imp_pie-guignard1668	noblet	Noblet
merveilles17_imp_pie-guignard1668	pesan	Pesan
merveilles17_imp_pie-guignard1668	bonard	Bonard
merveilles17_imp_pie-guignard1668	la_pierre	la Pierre
merveilles17_imp_pie-guignard1668	moliere	le sieur de Moliere
merveilles17_imp_pie-guignard1668	manceau	Mr. Mançeau
merveilles17_imp_pie-guignard1668	chicanneau	les Sieurs Chicanneau
merveilles17_imp_pie-guignard1668	balthazar	Baltazard
merveilles17_imp_pie-guignard1668	noblet	Noblet
merveilles17_imp_pie-guignard1668	bonard	Bonard
merveilles17_imp_pie-guignard1668	magny	Magny
merveilles17_imp_pie-guignard1668	la_pierre	la Pierre
merveilles17_imp_pie-guignard1668	moliere	l’Autheur
merveilles17_imp_pie-guignard1668	louisxiv	Roy
merveilles17_imp_pie-guignard1668	le_gros	les Sieurs le Gros
merveilles17_imp_pie-guignard1668	le_gros	les Sieurs le Gros
merveilles17_imp_pie-guignard1668	estival	Estival
merveilles17_imp_pie-guignard1668	estival	Estival
merveilles17_imp_pie-guignard1668	louis_don	Don
merveilles17_imp_pie-guignard1668	louis_don	Don
merveilles17_imp_pie-guignard1668	simon_blondel	Blondel
merveilles17_imp_pie-guignard1668	simon_blondel	Blondel
merveilles17_imp_pie-guignard1668	mlle_de_la_barre	Mademoiselle de la Barre
merveilles17_imp_pie-guignard1668	mlle_de_la_barre	Mademoiselle de la Barre
merveilles17_imp_pie-guignard1668	hilaire_dupuis	Mademoiselle Hilaire
merveilles17_imp_pie-guignard1668	hilaire_dupuis	Mademoiselle Hilaire
merveilles17_imp_pie-guignard1668	d_anglebert	les Sieurs d’Anglebert
merveilles17_imp_pie-guignard1668	richard	Richard
merveilles17_imp_pie-guignard1668	leonard_itier	Itier
merveilles17_imp_pie-guignard1668	la_barre_cadet	la Barre le cadet
merveilles17_imp_pie-guignard1668	tissu	Tissin
merveilles17_imp_pie-guignard1668	le_moine	le Moine
merveilles17_imp_pie-guignard1668	chicanneau	les Sieurs Chicanneau
merveilles17_imp_pie-guignard1668	du_pron	du Pron
merveilles17_imp_pie-guignard1668	noblet	Noblet
merveilles17_imp_pie-guignard1668	la_pierre	la Pierre
merveilles17_imp_pie-guignard1668	balthazar	les Sieurs Baltazard
merveilles17_imp_pie-guignard1668	magny	Magny
merveilles17_imp_pie-guignard1668	arnald	Arnald
merveilles17_imp_pie-guignard1668	bonard	Bonard
merveilles17_imp_pie-guignard1668	louisxiv	Leurs Majestez
merveilles17_imp_pie-guignard1668	marie_therese	Leurs Majestez
merveilles17_imp_pie-guignard1668	anne_d_autriche	Leurs Majestez
merveilles17_imp_pie-guignard1668	anne_d_autriche	la Reine Mere
merveilles17_imp_pie-guignard1668	anne_d_autriche	Vne Reine
merveilles17_imp_pie-guignard1668	anne_d_autriche	cette Reyne
merveilles17_imp_pie-guignard1668	anne_d_autriche	cette Reyne
merveilles17_imp_pie-guignard1668	therese_duparc	Mademoiselle du Parc
merveilles17_imp_pie-guignard1668	mlle_de_brie	Mademoiselle de Brie
merveilles17_imp_pie-guignard1668	armande_bejart	Mademoiselle Moliere
merveilles17_imp_pie-guignard1668	manceau	Les sieurs Manceau
merveilles17_imp_pie-guignard1668	vagnard	Vagnard
merveilles17_imp_pie-guignard1668	pesan	Pesan
merveilles17_imp_pie-guignard1668	joubert	Joubert
merveilles17_imp_pie-guignard1668	des_airs_fils1	Les deux petits Des-Airs
merveilles17_imp_pie-guignard1668	des_airs_fils2	Les deux petits Des-Airs
merveilles17_imp_pie-guignard1668	vagnard_fils	le petit Vagnard
merveilles17_imp_pie-guignard1668	tutin_fils	le petit Tutin
merveilles17_imp_pie-guignard1668	d_heureux	Messieurs d’Heureux
merveilles17_imp_pie-guignard1668	beauchamp	Beauchamp
merveilles17_imp_pie-guignard1668	moliere	Molier
merveilles17_imp_pie-guignard1668	la_marre	la Marre
merveilles17_imp_pie-guignard1668	le_chantre	les sieurs le Chantre
merveilles17_imp_pie-guignard1668	de_gan	de Gan
merveilles17_imp_pie-guignard1668	du_pron	Du Pron
merveilles17_imp_pie-guignard1668	mercier	Mercier
merveilles17_imp_pie-guignard1668	souville	Monsieur de Souville
merveilles17_imp_pie-guignard1668	raynal	les Sieurs Raynald
merveilles17_imp_pie-guignard1668	des_airs_l_aine	Des-Airs l’aisné
merveilles17_imp_pie-guignard1668	des_airs_le_second	Des-Airs le second
merveilles17_imp_pie-guignard1668	de_lorges	de Lorge
merveilles17_imp_pie-guignard1668	balthazar	Balthasard
merveilles17_imp_pie-guignard1668	chicanneau	Les Sieurs Chicanneau
merveilles17_imp_pie-guignard1668	noblet	Noblet
merveilles17_imp_pie-guignard1668	arnald	Arnald
merveilles17_imp_pie-guignard1668	desbrosses	Desbrosses
merveilles17_imp_pie-guignard1668	desonnets	Desonets
merveilles17_imp_pie-guignard1668	la_pierre	la Pierre
merveilles17_imp_pie-guignard1668	saint_andre	Les sieurs S. André
merveilles17_imp_pie-guignard1668	magny	Magny
merveilles17_imp_pie-guignard1668	tutin	Les sieurs Turin
merveilles17_imp_pie-guignard1668	la_brodiere	La Brodiere
merveilles17_imp_pie-guignard1668	pesan	Pesan
merveilles17_imp_pie-guignard1668	bureau	Bureau
merveilles17_imp_pie-guignard1668	therese_duparc	Mademoiselle du Parc
merveilles17_imp_pie-guignard1668	therese_duparc	Mademoiselle du Parc
merveilles17_imp_pie-guignard1668	de_lorges	M. de Lorge
merveilles17_imp_pie-guignard1668	de_lorges	M. de Lorge
merveilles17_imp_pie-guignard1668	beauchamp	M. Beauchamp
merveilles17_imp_pie-guignard1668	beauchamp	M. Beauchamp
merveilles17_imp_pie-guignard1668	d_heureux	Messieurs d’Heureux
merveilles17_imp_pie-guignard1668	raynal	Raynal
merveilles17_imp_pie-guignard1668	du_pron	du Pron
merveilles17_imp_pie-guignard1668	desbrosses	Desbrosses
merveilles17_imp_pie-guignard1668	la_marre	Messieurs, la Marre
merveilles17_imp_pie-guignard1668	le_chantre	le Chantre
merveilles17_imp_pie-guignard1668	de_gan	de Gan
merveilles17_imp_pie-guignard1668	mercier	Mercier
merveilles17_imp_pie-guignard1668	louisxiv	Roy
merveilles17_imp_pie-guignard1668	louisxiv	Sa Majesté
merveilles17_imp_pie-guignard1668	louisxiv	Le Roy
merveilles17_imp_pie-guignard1668	saint_aignan	Les Ducs de S.Aignan
merveilles17_imp_pie-guignard1668	anne_de_noailles	de Noailles
merveilles17_imp_pie-guignard1668	louisxiv	Roy
merveilles17_imp_pie-guignard1668	marie_therese	la Reyne
merveilles17_imp_pie-guignard1668	louisxiv	le Roy
merveilles17_imp_pie-guignard1668	armand_du_cambout	le Marquis de Coaslin
merveilles17_imp_pie-guignard1668	cm_de_belleforiere	le Marquis de Soyecourt
merveilles17_imp_pie-guignard1668	saint_aignan	le Duc de S. Aignan
merveilles17_imp_pie-guignard1668	cm_de_belleforiere	le Marquis de Soyecourt
merveilles17_imp_pie-guignard1668	antoine_iii_de_gramont	le Maréchal Duc de Grãmont
merveilles17_imp_pie-guignard1668	cm_de_belleforiere	ce Marquis
merveilles17_imp_pie-guignard1668	louisxiv	Le Roy
merveilles17_imp_pie-guignard1668	louisxiv	Sa Majesté
merveilles17_imp_pie-guignard1668	moliere	le Sr. de Moliere
merveilles17_imp_pie-guignard1668	saint_aignan	le Duc
merveilles17_imp_pie-guignard1668	cm_de_belleforiere	ce Marquis
merveilles17_imp_pie-guignard1668	louisxiv	le Roy
merveilles17_imp_pie-guignard1668	saint_aignan	Le Duc de S. Aignan
merveilles17_imp_pie-guignard1668	cm_de_belleforiere	Soyecourt
merveilles17_imp_pie-guignard1668	louisxiv	le Roy
merveilles17_imp_pie-guignard1668	marie_therese	les Reynes
merveilles17_imp_pie-guignard1668	anne_d_autriche	les Reynes
merveilles17_imp_pie-guignard1668	philippe_orleans	Monsieur
merveilles17_imp_pie-guignard1668	henriette_anne_angleterre	Madame
merveilles17_imp_pie-guignard1668	louisxiv	S M
merveilles17_imp_pie-guignard1668	marie_therese	la Reyne
merveilles17_imp_pie-guignard1668	louisxiv	Le Roy
merveilles17_imp_pie-guignard1668	louisxiv	Sa Majesté
merveilles17_imp_pie-guignard1668	saint_aignan	Duc de S. Aignan
merveilles17_imp_pie-guignard1668	louisxiv	Sa Majesté
merveilles17_imp_pie-guignard1668	moliere	le Sieur de Moliere
merveilles17_imp_pie-guignard1668	louisxiv	le Roy
merveilles17_imp_pie-guignard1668	moliere	l’Autheur
merveilles17_imp_pie-guignard1668	louisxiv	le Roy
merveilles17_imp_pie-guignard1668	louisxiv	Sa Majesté
merveilles17_imp_pie-guignard1668	saint_aignan	Duc de S. Aignan
merveilles17_imp_pie-guignard1668	louisxiv	sa Majesté
merveilles17_imp_pie-guignard1668	louisxiv	Roy
merveilles17_imp_pie-guignard1668	louisxiv	Sa Majesté
merveilles17_imp_pie-guignard1668	moliere	Sr. de Moliere
merveilles17_imp_pie-guignard1668	louisxiv	le Roy
merveilles17_imp_pie-guignard1668	colbert	Mr. Colbert
merveilles17_imp_pie-guignard1668	saint_aignan	le Duc de S. Aignan
merveilles17_imp_pie-guignard1668	perigny	President de Perigny
merveilles17_imp_pie-guignard1668	marie_therese	des Reynes
merveilles17_imp_pie-guignard1668	anne_d_autriche	des Reynes
merveilles17_imp_pie-guignard1668	benserade	Mr. de Bẽsserade
merveilles17_imp_pie-guignard1668	bontemps	Mr. Bontemps
merveilles17_imp_pie-guignard1668	de_launay	Mr de Launay
merveilles17_imp_pie-guignard1668	louisxiv	Roy
merveilles17_imp_pie-guignard1668	louisxiv	sa Majesté
merveilles17_imp_pie-ir1673	benserade	Benserade, Isaac de (1613-1691)
merveilles17_imp_pie-ir1673	moliere	Molière, Poquelin Jean-Baptiste, dit (1622-1673)
merveilles17_imp_pie-ir1673	chauveau	Chauveau, François (1613-1676)
merveilles17_imp_pie-ir1673	lepautre	Lepautre, Jean (1618-1682)
merveilles17_imp_pie-ir1673	isilvestre	Silvestre, Israël (1621-1691).
merveilles17_imp_pie-ir1673	sebastien_mabre_cramoisy	Imprimerie royale
merveilles17_imp_pie-ir1673	chauveau	F. Chauueau
merveilles17_imp_pie-ir1673	louisxiv	LE ROY
merveilles17_imp_pie-ir1673	marie_therese	aux Reines
merveilles17_imp_pie-ir1673	anne_d_autriche	aux Reines
merveilles17_imp_pie-ir1673	louisxiv	le Roy
merveilles17_imp_pie-ir1673	louisxiv	Sa Majesté
merveilles17_imp_pie-ir1673	louisxiv	Roy
merveilles17_imp_pie-ir1673	vigarani	Monsieur de Vigarani
merveilles17_imp_pie-ir1673	louisxiv	le Roy
merveilles17_imp_pie-ir1673	saint_aignan	Duc de Saint Aignan
merveilles17_imp_pie-ir1673	arioste	l’Arioste
merveilles17_imp_pie-ir1673	desbardins	M. des Bardins
merveilles17_imp_pie-ir1673	louisxiv	Roy
merveilles17_imp_pie-ir1673	artagnan	M. d’Artagnan
merveilles17_imp_pie-ir1673	louisxiv	Sa Majesté
merveilles17_imp_pie-ir1673	louisxiv	Sa Majesté
merveilles17_imp_pie-ir1673	perigny	Président de Perigny
merveilles17_imp_pie-ir1673	saint_aignan	Ducs de S. Aignan
merveilles17_imp_pie-ir1673	anne_de_noailles	de Noailles
merveilles17_imp_pie-ir1673	saint_aignan	Duc de S. Aignan
merveilles17_imp_pie-ir1673	anne_de_noailles	Duc de Noailles
merveilles17_imp_pie-ir1673	saint_aignan	duc de S. Aignan
merveilles17_imp_pie-ir1673	saint_aignan	Duc de Saint Aignan
merveilles17_imp_pie-ir1673	louisxiv	LE ROY
merveilles17_imp_pie-ir1673	louisxiv	Sa Majesté
merveilles17_imp_pie-ir1673	louisxiv	LE ROY
merveilles17_imp_pie-ir1673	anne_de_noailles	Duc de Noailles
merveilles17_imp_pie-ir1673	louisxiv	Roy
merveilles17_imp_pie-ir1673	anne_de_noailles	Duc de Noailles
merveilles17_imp_pie-ir1673	henri_ii_de_guise	Duc de Guise
merveilles17_imp_pie-ir1673	henri_de_lorraine	Comte d’Armagnac
merveilles17_imp_pie-ir1673	henri_ii_de_guise	Duc de Guise
merveilles17_imp_pie-ir1673	henri_de_lorraine	Comte d’Armagnac
merveilles17_imp_pie-ir1673	jb_gaston_foix_candale	Ducs de Foix
merveilles17_imp_pie-ir1673	armand_du_cambout	de Coaslin
merveilles17_imp_pie-ir1673	jb_gaston_foix_candale	Duc de Foix
merveilles17_imp_pie-ir1673	armand_du_cambout	Duc de Coaslin
merveilles17_imp_pie-ir1673	henri_de_daillon	Comte du Lude
merveilles17_imp_pie-ir1673	francois_vii_de_la_rochefoucauld	Prince de Marsillac
merveilles17_imp_pie-ir1673	henri_de_daillon	Comte de Lude
merveilles17_imp_pie-ir1673	francois_vii_de_la_rochefoucauld	Prince de Marsillac
merveilles17_imp_pie-ir1673	louis_marie_aumont_rochebaron	Marquis de Villequier
merveilles17_imp_pie-ir1673	cm_de_belleforiere	de Soyecourt
merveilles17_imp_pie-ir1673	louis_marie_aumont_rochebaron	Marquis de Villequier
merveilles17_imp_pie-ir1673	cm_de_belleforiere	Marquis de Soyecourt
merveilles17_imp_pie-ir1673	louis_de_crevant	Marquis d’Humiéres
merveilles17_imp_pie-ir1673	jf_de_labaume	de la Valliére
merveilles17_imp_pie-ir1673	louis_de_crevant	Marquis d’Humieres
merveilles17_imp_pie-ir1673	jf_de_labaume	Marquis de la Valliere
merveilles17_imp_pie-ir1673	hj_bourbon_conde	Monsieur le Duc
merveilles17_imp_pie-ir1673	hj_bourbon_conde	Duc
merveilles17_imp_pie-ir1673	millet	sieur Millet
merveilles17_imp_pie-ir1673	hj_bourbon_conde	Monsieur le Duc
merveilles17_imp_pie-ir1673	henri_ii_de_guise	Duc de Guise
merveilles17_imp_pie-ir1673	henri_de_lorraine	Comte d’Armagnac
merveilles17_imp_pie-ir1673	jb_gaston_foix_candale	Duc de Foix
merveilles17_imp_pie-ir1673	armand_du_cambout	duc de Coaslin
merveilles17_imp_pie-ir1673	henri_de_daillon	Comte du Lude
merveilles17_imp_pie-ir1673	francois_vii_de_la_rochefoucauld	Prince de Marsillac
merveilles17_imp_pie-ir1673	louis_marie_aumont_rochebaron	Marquis de Villequier
merveilles17_imp_pie-ir1673	cm_de_belleforiere	Marquis de Soyecourt
merveilles17_imp_pie-ir1673	louis_de_crevant	Marquis d’Humiéres
merveilles17_imp_pie-ir1673	jf_de_labaume	Marquis de la Valliére
merveilles17_imp_pie-ir1673	hj_bourbon_conde	Monsieur le DUC
merveilles17_imp_pie-ir1673	marie_therese	les Reines
merveilles17_imp_pie-ir1673	anne_d_autriche	les Reines
merveilles17_imp_pie-ir1673	louisxiv	Le Roy
merveilles17_imp_pie-ir1673	hj_bourbon_conde	Monsieur le Duc
merveilles17_imp_pie-ir1673	louisxiv	Sa Majesté
merveilles17_imp_pie-ir1673	saint_aignan	Les Ducs de Saint Aignan
merveilles17_imp_pie-ir1673	anne_de_noailles	de Noailles
merveilles17_imp_pie-ir1673	mlle_de_brie	Madelle de Brie
merveilles17_imp_pie-ir1673	marie_therese	la Reine
merveilles17_imp_pie-ir1673	marie_therese	Reine
merveilles17_imp_pie-ir1673	louisxiv	Roy
merveilles17_imp_pie-ir1673	louisxiv	le Roy
merveilles17_imp_pie-ir1673	henri_ii_de_guise	Duc de Guise
merveilles17_imp_pie-ir1673	cm_de_belleforiere	Marquis de Soyecourt
merveilles17_imp_pie-ir1673	jf_de_labaume	de la Valliére
merveilles17_imp_pie-ir1673	anne_d_autriche	Reine Mere
merveilles17_imp_pie-ir1673	louisxiv	leurs Majestez
merveilles17_imp_pie-ir1673	marie_therese	leurs Majestez
merveilles17_imp_pie-ir1673	anne_d_autriche	leurs Majestez
merveilles17_imp_pie-ir1673	therese_duparc	Madelle du Parc
merveilles17_imp_pie-ir1673	gros_rene	Sieur du Parc
merveilles17_imp_pie-ir1673	la_thorilliere	Sieur de la Thorilliére
merveilles17_imp_pie-ir1673	louis_bejart	Sieur Béjard
merveilles17_imp_pie-ir1673	marie_therese	la Reine
merveilles17_imp_pie-ir1673	marie_therese	REINE
merveilles17_imp_pie-ir1673	marie_therese	REINE
merveilles17_imp_pie-ir1673	marie_therese	Princesse
merveilles17_imp_pie-ir1673	marie_therese	REINE
merveilles17_imp_pie-ir1673	marie_therese	LA REINE
merveilles17_imp_pie-ir1673	marche_coquet	Messieurs de la Marche
merveilles17_imp_pie-ir1673	parfait_pere	Parfait Pere
merveilles17_imp_pie-ir1673	parfait_frere	Frere
merveilles17_imp_pie-ir1673	parfait_fils	Fils
merveilles17_imp_pie-ir1673	louisxiv	Leurs Majestez
merveilles17_imp_pie-ir1673	marie_therese	Leurs Majestez
merveilles17_imp_pie-ir1673	anne_d_autriche	Leurs Majestez
merveilles17_imp_pie-ir1673	anne_d_autriche	La Reine Mere
merveilles17_imp_pie-ir1673	louisxiv	LE ROY
merveilles17_imp_pie-ir1673	elisabeth_orleans_alencon	Mademoiselle d’Alençon
merveilles17_imp_pie-ir1673	maille_breze_conde	Madame la Princesse
merveilles17_imp_pie-ir1673	marie_lorraine_elbeuf	Mademoiselle d’Elbeuf
merveilles17_imp_pie-ir1673	beauvilliers_bethune	Madame de Bethune
merveilles17_imp_pie-ir1673	lansac_crequi	Madame la Duchesse de Crequy
merveilles17_imp_pie-ir1673	philippe_orleans	Monsieur
merveilles17_imp_pie-ir1673	servien_saint_aignan	Madame la Duchesse de Saint Aignan
merveilles17_imp_pie-ir1673	charron_du_plessis	Madame la Maréchalle du Plessis
merveilles17_imp_pie-ir1673	choiseul_etampes	Madame la Maréchalle d’Estampes
merveilles17_imp_pie-ir1673	gourdon	Madame de Gourdon
merveilles17_imp_pie-ir1673	madame_montespan	Madame de Montespan
merveilles17_imp_pie-ir1673	chatre_humieres	Madame d’Humiéres
merveilles17_imp_pie-ir1673	marie_brancas	Mademoiselle de Brancas
merveilles17_imp_pie-ir1673	marguerite_cambout_armagnac	Madame d’Armagnac
merveilles17_imp_pie-ir1673	olympe_mancini_soissons	Madame la Comtesse de Soissons
merveilles17_imp_pie-ir1673	louise_savoie_bade	Madame la Princesse de Bade
merveilles17_imp_pie-ir1673	louise_rouxel_grancey	Mademoiselle de Grançay
merveilles17_imp_pie-ir1673	marie_therese	LA REINE
merveilles17_imp_pie-ir1673	marie_bourbon_carignan	Madame de Carignan
merveilles17_imp_pie-ir1673	marie_bauffremont_fleix	Madame de Flaix
merveilles17_imp_pie-ir1673	madeleine_charlotte_albert_ailly	Madame la Duchesse de Foix
merveilles17_imp_pie-ir1673	mme_de_brancas	Madame de Brancas
merveilles17_imp_pie-ir1673	angelique_baudean_froulay	Madame de Froulay
merveilles17_imp_pie-ir1673	baudean_parabere_navailles	Madame la Duchesse de Navailles
merveilles17_imp_pie-ir1673	mlle_d_ardennes	Mademoiselle d’Ardennes
merveilles17_imp_pie-ir1673	mlle_de_cologon	Mademoiselle de Cologon
merveilles17_imp_pie-ir1673	mme_de_crussol	Madame de Crussol
merveilles17_imp_pie-ir1673	julie_montausier	Madame de Montauzier
merveilles17_imp_pie-ir1673	henriette_anne_angleterre	Madame
merveilles17_imp_pie-ir1673	benedicte_henriette_palatinat	Madame la Princesse Benedicte
merveilles17_imp_pie-ir1673	anne_baviere_conde	Madame la Duchesse
merveilles17_imp_pie-ir1673	diane_budos_rouvroy	Madame de Rouvroy
merveilles17_imp_pie-ir1673	anne_de_la_mothe_houdancourt	Mademoiselle de la Mothe
merveilles17_imp_pie-ir1673	mme_de_marse	Madame de Marsé
merveilles17_imp_pie-ir1673	louise_la_valliere	Mademoiselle de la Valliére
merveilles17_imp_pie-ir1673	madeleine_du_guast_d_artigny	Mademoiselle d’Artigny
merveilles17_imp_pie-ir1673	mlle_du_bellay	Mademoiselle du Bellay
merveilles17_imp_pie-ir1673	mlle_de_dampierre	Mademoiselle de Dampierre
merveilles17_imp_pie-ir1673	mlle_de_fiennes	Mademoiselle de Fiennes
merveilles17_imp_pie-ir1673	louisxiv	leurs Majestez
merveilles17_imp_pie-ir1673	marie_therese	leurs Majestez
merveilles17_imp_pie-ir1673	anne_d_autriche	leurs Majestez
merveilles17_imp_pie-ir1673	louisxiv	Leurs Majestez
merveilles17_imp_pie-ir1673	marie_therese	Leurs Majestez
merveilles17_imp_pie-ir1673	anne_d_autriche	Leurs Majestez
merveilles17_imp_pie-ir1673	marie_therese	la Reine
merveilles17_imp_pie-ir1673	louisxiv	Sa Majesté
merveilles17_imp_pie-ir1673	louisxiv	Le Roy
merveilles17_imp_pie-ir1673	hilaire_dupuis	Mademoiselle Hilaire
merveilles17_imp_pie-ir1673	moliere	Sieur de Moliére
merveilles17_imp_pie-ir1673	estival	Sieurs Estival
merveilles17_imp_pie-ir1673	louis_don	Don
merveilles17_imp_pie-ir1673	simon_blondel	Blondel
merveilles17_imp_pie-ir1673	paysan	Paysan
merveilles17_imp_pie-ir1673	chicanneau	Chicanneau
merveilles17_imp_pie-ir1673	noblet	Noblet
merveilles17_imp_pie-ir1673	pesan	Pesan
merveilles17_imp_pie-ir1673	bonard	Bonard
merveilles17_imp_pie-ir1673	la_pierre	la Pierre
merveilles17_imp_pie-ir1673	armande_bejart	Mademoiselle de Moliére
merveilles17_imp_pie-ir1673	therese_duparc	Mademoiselle du Parc
merveilles17_imp_pie-ir1673	mlle_de_brie	Mademoiselle de Brie
merveilles17_imp_pie-ir1673	madeleine_bejart	Mademoiselle Béjar
merveilles17_imp_pie-ir1673	andre_hubert	Le Sieur Hubert
merveilles17_imp_pie-ir1673	la_grange	Le Sieur de la Grange
merveilles17_imp_pie-ir1673	du_croisy	Le Sieur du Croisy
merveilles17_imp_pie-ir1673	louis_bejart	Le Sieur Bejart
merveilles17_imp_pie-ir1673	la_thorilliere	Le Sieur de la Thorilliére
merveilles17_imp_pie-ir1673	moliere	Le Sieur de Moliére
merveilles17_imp_pie-ir1673	marin_prevost	Le Sieur Prevost
merveilles17_imp_pie-ir1673	moliere	Sieur de Moliére
merveilles17_imp_pie-ir1673	chicanneau	Sieurs Chicanneau
merveilles17_imp_pie-ir1673	balthazar	Baltazard
merveilles17_imp_pie-ir1673	noblet	Noblet
merveilles17_imp_pie-ir1673	bonard	Bonard
merveilles17_imp_pie-ir1673	manceau	Manceau
merveilles17_imp_pie-ir1673	magny	Magny
merveilles17_imp_pie-ir1673	la_pierre	la Pierre
merveilles17_imp_pie-ir1673	moliere	l’Autheur
merveilles17_imp_pie-ir1673	louisxiv	Roy
merveilles17_imp_pie-ir1673	le_gros	Sieurs le Gros
merveilles17_imp_pie-ir1673	le_gros	Sieurs le Gros
merveilles17_imp_pie-ir1673	estival	Estival
merveilles17_imp_pie-ir1673	estival	Estival
merveilles17_imp_pie-ir1673	louis_don	Don
merveilles17_imp_pie-ir1673	louis_don	Don
merveilles17_imp_pie-ir1673	simon_blondel	Blondel
merveilles17_imp_pie-ir1673	simon_blondel	Blondel
merveilles17_imp_pie-ir1673	mlle_de_la_barre	Madelle de la Barre
merveilles17_imp_pie-ir1673	mlle_de_la_barre	Madelle de la Barre
merveilles17_imp_pie-ir1673	hilaire_dupuis	Madelle Hilaire
merveilles17_imp_pie-ir1673	hilaire_dupuis	Madelle Hilaire
merveilles17_imp_pie-ir1673	d_anglebert	sieurs Danglebert
merveilles17_imp_pie-ir1673	richard	Richard
merveilles17_imp_pie-ir1673	leonard_itier	Itier
merveilles17_imp_pie-ir1673	joseph_chabanceau_la_barre	La Barre le cadet
merveilles17_imp_pie-ir1673	tissu	Tissu
merveilles17_imp_pie-ir1673	le_moine	le Moine
merveilles17_imp_pie-ir1673	chicanneau	les Sieurs Chicanneau
merveilles17_imp_pie-ir1673	du_pron	du Pron
merveilles17_imp_pie-ir1673	noblet	Noblet
merveilles17_imp_pie-ir1673	la_pierre	la Pierre
merveilles17_imp_pie-ir1673	balthazar	les Sieurs Baltazard
merveilles17_imp_pie-ir1673	magny	Magny
merveilles17_imp_pie-ir1673	arnald	Arnald
merveilles17_imp_pie-ir1673	bonard	Bonard
merveilles17_imp_pie-ir1673	louisxiv	Leurs Majestez
merveilles17_imp_pie-ir1673	marie_therese	Leurs Majestez
merveilles17_imp_pie-ir1673	anne_d_autriche	Leurs Majestez
merveilles17_imp_pie-ir1673	anne_d_autriche	Reine Mere
merveilles17_imp_pie-ir1673	anne_d_autriche	Reine
merveilles17_imp_pie-ir1673	anne_d_autriche	Reine
merveilles17_imp_pie-ir1673	louisxiv	Fils
merveilles17_imp_pie-ir1673	louisxiv	Fils glorieux
merveilles17_imp_pie-ir1673	louisxiv	ce Fils reconnu pour le plus grand des Rois
merveilles17_imp_pie-ir1673	anne_d_autriche	Mere
merveilles17_imp_pie-ir1673	anne_d_autriche	Reine
merveilles17_imp_pie-ir1673	therese_duparc	Mademoiselle du Parc
merveilles17_imp_pie-ir1673	mlle_de_brie	Mademoiselle de Brie
merveilles17_imp_pie-ir1673	armande_bejart	Mademoiselle Moliére
merveilles17_imp_pie-ir1673	manceau	Les sieurs Manceau
merveilles17_imp_pie-ir1673	vagnard	Vagnard
merveilles17_imp_pie-ir1673	pesan	Pesan
merveilles17_imp_pie-ir1673	joubert	Joubert
merveilles17_imp_pie-ir1673	des_airs_fils1	Les deux petits Des-Airs
merveilles17_imp_pie-ir1673	des_airs_fils2	Les deux petits Des-Airs
merveilles17_imp_pie-ir1673	vagnard_fils	le petit Vagnard
merveilles17_imp_pie-ir1673	tutin_fils	le petit Tutin
merveilles17_imp_pie-ir1673	d_heureux	Messieurs d’Heureux
merveilles17_imp_pie-ir1673	beauchamp	Beauchamp
merveilles17_imp_pie-ir1673	mollier	Molier
merveilles17_imp_pie-ir1673	la_marre	La Marre
merveilles17_imp_pie-ir1673	le_chantre	Les sieurs le Chantre
merveilles17_imp_pie-ir1673	de_gan	de Gan
merveilles17_imp_pie-ir1673	du_pron	Du Pron
merveilles17_imp_pie-ir1673	mercier	Mercier
merveilles17_imp_pie-ir1673	souville	Messieurs de Souville
merveilles17_imp_pie-ir1673	raynal	Raynal
merveilles17_imp_pie-ir1673	des_airs_l_aine	Des-Airs l’aisné
merveilles17_imp_pie-ir1673	des_airs_le_second	Des-Airs le second
merveilles17_imp_pie-ir1673	de_lorges	de Lorge
merveilles17_imp_pie-ir1673	balthazar	Balthasard
merveilles17_imp_pie-ir1673	chicanneau	Les sieurs Chicanneau
merveilles17_imp_pie-ir1673	noblet	Noblet
merveilles17_imp_pie-ir1673	arnald	Arnald
merveilles17_imp_pie-ir1673	desbrosses	Desbrosses
merveilles17_imp_pie-ir1673	desonnets	Desonets
merveilles17_imp_pie-ir1673	la_pierre	la Pierre
merveilles17_imp_pie-ir1673	saint_andre	Les sieurs Saint-André
merveilles17_imp_pie-ir1673	magny	Magny
merveilles17_imp_pie-ir1673	tutin	Les sieurs Tutin
merveilles17_imp_pie-ir1673	la_brodiere	La Brodiére
merveilles17_imp_pie-ir1673	pesan	Pesan
merveilles17_imp_pie-ir1673	bureau	Bureau
merveilles17_imp_pie-ir1673	therese_duparc	Mademoiselle du Parc
merveilles17_imp_pie-ir1673	de_lorges	M. de Lorge
merveilles17_imp_pie-ir1673	beauchamp	M. Beauchamp
merveilles17_imp_pie-ir1673	d_heureux	Messieurs d’Heureux
merveilles17_imp_pie-ir1673	raynal	Raynal
merveilles17_imp_pie-ir1673	du_pron	du Pron
merveilles17_imp_pie-ir1673	desbrosses	Desbrosses
merveilles17_imp_pie-ir1673	la_marre	Messieurs la Marre
merveilles17_imp_pie-ir1673	le_chantre	le Chantre
merveilles17_imp_pie-ir1673	de_gan	De Gan
merveilles17_imp_pie-ir1673	mercier	Mercier
merveilles17_imp_pie-ir1673	louisxiv	Roy
merveilles17_imp_pie-ir1673	louisxiv	Sa Majesté
merveilles17_imp_pie-ir1673	louisxiv	le Roy
merveilles17_imp_pie-ir1673	saint_aignan	les Ducs de Saint Aignan
merveilles17_imp_pie-ir1673	anne_de_noailles	de Noailles
merveilles17_imp_pie-ir1673	louisxiv	Roy
merveilles17_imp_pie-ir1673	marie_therese	la Reine
merveilles17_imp_pie-ir1673	louisxiv	le Roy
merveilles17_imp_pie-ir1673	armand_du_cambout	le Marquis de Coaslin
merveilles17_imp_pie-ir1673	cm_de_belleforiere	Marquis de Soyecourt
merveilles17_imp_pie-ir1673	saint_aignan	Duc de Saint Aignan
merveilles17_imp_pie-ir1673	cm_de_belleforiere	Marquis de Soyecourt
merveilles17_imp_pie-ir1673	antoine_iii_de_gramont	Maréchal Duc de Grammont
merveilles17_imp_pie-ir1673	louisxiv	Le Roy
merveilles17_imp_pie-ir1673	louisxiv	Sa Majesté
merveilles17_imp_pie-ir1673	moliere	sieur de Molliére
merveilles17_imp_pie-ir1673	saint_aignan	le Duc
merveilles17_imp_pie-ir1673	cm_de_belleforiere	ce Marquis
merveilles17_imp_pie-ir1673	louisxiv	le Roy
merveilles17_imp_pie-ir1673	saint_aignan	Le Duc de Saint Aignan
merveilles17_imp_pie-ir1673	louisxiv	le Roy
merveilles17_imp_pie-ir1673	anne_d_autriche	les Reines
merveilles17_imp_pie-ir1673	marie_therese	les Reines
merveilles17_imp_pie-ir1673	philippe_orleans	Monsieur
merveilles17_imp_pie-ir1673	henriette_anne_angleterre	Madame
merveilles17_imp_pie-ir1673	louisxiv	S. M.
merveilles17_imp_pie-ir1673	marie_therese	la Reine
merveilles17_imp_pie-ir1673	louisxiv	Le Roy
merveilles17_imp_pie-ir1673	louisxiv	Sa Majesté
merveilles17_imp_pie-ir1673	saint_aignan	Duc de Saint Aignan
merveilles17_imp_pie-ir1673	louisxiv	Sa Majesté
merveilles17_imp_pie-ir1673	moliere	sieur de Molliére
merveilles17_imp_pie-ir1673	louisxiv	le Roy
merveilles17_imp_pie-ir1673	moliere	l’Auteur
merveilles17_imp_pie-ir1673	louisxiv	Sa Majesté
merveilles17_imp_pie-ir1673	louisxiv	le Roy
merveilles17_imp_pie-ir1673	louisxiv	Sa Majesté
merveilles17_imp_pie-ir1673	saint_aignan	Duc de Saint Aignan
merveilles17_imp_pie-ir1673	louisxiv	Sa Majesté
merveilles17_imp_pie-ir1673	louisxiv	Roy
merveilles17_imp_pie-ir1673	louisxiv	Sa Majesté
merveilles17_imp_pie-ir1673	moliere	sieur de Molliére
merveilles17_imp_pie-ir1673	louisxiv	le Roy
merveilles17_imp_pie-ir1673	colbert	Monsieur Colbert
merveilles17_imp_pie-ir1673	saint_aignan	Duc de Saint Aignan
merveilles17_imp_pie-ir1673	perigny	Président de Perigny
merveilles17_imp_pie-ir1673	marie_therese	Reines
merveilles17_imp_pie-ir1673	anne_d_autriche	Reines
merveilles17_imp_pie-ir1673	benserade	Monsieur de Bensserade
merveilles17_imp_pie-ir1673	bontemps	Monsieur Bontemps
merveilles17_imp_pie-ir1673	de_launay	Monsieur de Launay
merveilles17_imp_pie-ir1673	louisxiv	Roy
merveilles17_imp_pie-ir1673	louisxiv	Sa Majesté
merveilles17_ms_acflagrange_001	la_grange	Varlet Charles, sieur de La Grange (1635-1692).
merveilles17_ms_acflagrange_001	louisxiv	le Roy
merveilles17_ms_acflagrange_001	saint_aignan	Mr le Duc de St Aignan
merveilles17_ms_acflagrange_002	la_grange	Varlet Charles, sieur de La Grange (1635-1692).
merveilles17_ms_acflagrange_002	louisxiv	le Roy
merveilles17_ms_acflagrange_002	anne_d_autriche	la Reyne Mere
merveilles17_ms_acflagrange_002	louisxiv	Roy
merveilles17_ms_acflagrange_003	la_grange	Varlet Charles, sieur de La Grange (1635-1692).
merveilles17_ms_acflagrange_003	flavio_chigi	Monsieur le Legat
merveilles17_ms_acflagrange_003	louisxiv	Roy
merveilles17_ms_acflagrange_004	la_grange	Varlet Charles, sieur de La Grange (1635-1692).
merveilles17_ms_acflagrange_004	louisxiv	Roy
merveilles17_ms_amours-philidor	philidor_andre	Philidor André (1652?-1730).
merveilles17_ms_amours-philidor	louisxiv	sa Majesté
merveilles17_ms_amours-philidor	philidor_andre	Philidor laisné
merveilles17_ms_amours-philidor	louisxiv	Roy
merveilles17_ms_amours-philidor	louisxiv	sa Majesté
merveilles17_ms_amours-philidor	louisxiv	Roy
merveilles17_ms_amours-philidor	le_gros	Mr le Gros
merveilles17_ms_amours-philidor	anna_bergerotti	Seignora Anna
merveilles17_ms_ankk213_025	louisxiv	Roi
merveilles17_ms_ankk213_025	michel_d_aligre	messire Michel d'Aligre
merveilles17_ms_ankk213_025	louisxiv	Roi
merveilles17_ms_ankk213_025	moliere	Jean Baptiste Pocquelin de Molière
merveilles17_ms_ankk213_025	philippe_orleans	Monsieur
merveilles17_ms_ankk213_025	moliere	Jean-Baptiste Pocquelin de Molière
merveilles17_ms_ankk213_025	philippe_orleans	Monsieur
merveilles17_ms_anmcrs388	le_normand_jacques_i	Le Normand Jacques I
merveilles17_ms_anmcrs388	antoine_petit	Anthoine Petit
merveilles17_ms_anmcrs388	vigarani	Maistre Charles de Vigarany
merveilles17_ms_anmcrs388	vigarani	sieur Vigarany
merveilles17_ms_anmcrs388	antoine_petit	Petit
merveilles17_ms_anmcrs388	antoine_petit	Petit
merveilles17_ms_anmcrs388	vigarani	sieur Vigarany
merveilles17_ms_anmcrs388	vigarani	sieur Vigarany
merveilles17_ms_anmcrs388	antoine_petit	Petit
merveilles17_ms_anmcrs388	antoine_petit	Petit
merveilles17_ms_anmcrs388	vigarani	sieur Vigarany
merveilles17_ms_anmcrs388	vigarani	VIGARANY
merveilles17_ms_anmcrs388	antoine_petit	A. PETIT
merveilles17_ms_anmcrs388	jean_chuppin	CHUPPIN
merveilles17_ms_anmcrs388	le_normand_jacques_i	LENORMAND
merveilles17_ms_ano12984_001	michel_d_aligre	d’Aligre Michel (-1675).
merveilles17_ms_ano12984_001	louisxiv	Roy
merveilles17_ms_ano12984_001	michel_d_aligre	Michel daligre
merveilles17_ms_ano12984_001	christophe_gaulard	Cristophe Gaulard
merveilles17_ms_ano12984_001	louisxiv	Roy
merveilles17_ms_ano12984_001	louisxiv	Sa Majesté
merveilles17_ms_ano12984_001	antoine_gonzalez	Antoine Gonzales
merveilles17_ms_ano12984_001	louisxiv	sa majesté
merveilles17_ms_ano12984_001	louis_lazure	Louis Lazure
merveilles17_ms_ano12984_001	louisxiv	Roy
merveilles17_ms_ano12984_001	louisxiv	sa Majesté
merveilles17_ms_ano12984_001	antoine_gonzalez	antoine Gonzalles
merveilles17_ms_ano12984_001	frans_simon	fran.s Simon
merveilles17_ms_ano12984_001	louisxiv	S. M
merveilles17_ms_bavmscheii38_257	Baldini_S	Baldini Sebastiano (1615-1685).
merveilles17_ms_bavmscheii38_257	flavio_chigi	Le cardinal
merveilles17_ms_bavmscheii38_257	louisxiv	le roi
merveilles17_ms_bavmscheii38_257	louisxiv	S.M.
merveilles17_ms_bnfmscolbert268_038	michel_d_aligre	d’Aligre
merveilles17_ms_bnfmscolbert268_038	louisxiv	Sa maiesté
merveilles17_ms_bnfmscolbert268_038	philippe_orleans	mons.r le duc d’Orleans
merveilles17_ms_bnfmscolbert268_038	michel_d_aligre	Michel d’Aligre
merveilles17_ms_bnfmscolbert268_038	louisxiv	Sa maiesté
merveilles17_ms_bnfmscolbert268_038	moliere	Molieres
merveilles17_ms_bnfmscolbert268_038	philippe_orleans	mons.r le duc d’Orleans
merveilles17_ms_bnfmscolbert268_038	louisxiv	Sa ma.té
merveilles17_ms_bnfmsfr6143	paul_chantelou	Fréart de Chantelou Paul (1609-1694).
merveilles17_ms_bnfmsfr6143	flavio_chigi	S.E
merveilles17_ms_bnfmsfr6143	charles_sainte-maure_montausier	M. de Montausier
merveilles17_ms_bnfmsfr6143	bonacorsi	M. Bonacorsj
merveilles17_ms_bnfmsfr6143	paul_chantelou	s.r de Chantelou
merveilles17_ms_bnfmsfr6143	flavio_chigi	S.E.
merveilles17_ms_bnfmsfr6143	flavio_chigi	S.E.
merveilles17_ms_bnfmsfr6143	louisxiv	Le roy
merveilles17_ms_bnfmsfr6143	marie_therese	les reynes
merveilles17_ms_bnfmsfr6143	anne_d_autriche	les reynes
merveilles17_ms_bnfmsfr6143	flavio_chigi	M. le légat
merveilles17_ms_bnfmsfr6143	anne_d_autriche	la reyne Mère
merveilles17_ms_bnfmsfr6143	louisxiv	Sa Majesté
merveilles17_ms_bnfmsfr6143	flavio_chigi	S.E.
merveilles17_ms_bnfmsfr6143	louise_savoie_bade	la Princesse de Bade
merveilles17_ms_bnfmsfr6143	philippe_orleans	Monsieur
merveilles17_ms_bnfmsfr6143	louisxiv	le roy
merveilles17_ms_bnfmsfr6143	madame_montespan	Madame de Montespan
merveilles17_ms_bnfmsfr6143	flavio_chigi	S.E.
merveilles17_ms_bnfmsfr6143	flavio_chigi	S.E
merveilles17_ms_bnfmsfr6143	corneille	s.r Corneille
merveilles17_ms_bnfmsfr6143	flavio_chigi	S.E.
merveilles17_ms_bnfmsfr6143	philippe_orleans	Monsieur
merveilles17_ms_bnfmsfr6143	flavio_chigi	S.E.
merveilles17_ms_bnfmsfr6143	flavio_chigi	S.E.
merveilles17_ms_bnfmsfr6143	louisxiv	le roy
merveilles17_ms_bnfmsfr6143	marie_therese	les reynes
merveilles17_ms_bnfmsfr6143	anne_d_autriche	les reynes
merveilles17_ms_bnfmsfr6143	philippe_orleans	S.A.R. [le duc d’Orléans] 
merveilles17_ms_bnfmsfr6143	paul_chantelou	le s.r de Chantelou
merveilles17_ms_bnfmsfr6143	louisxiv	le roy
merveilles17_ms_bnfmsfr6143	flavio_chigi	M. le légat
merveilles17_ms_bnfmsfr6143	bernardin_gigault_bellefonds	M. le marquis de Bellefonds
merveilles17_ms_bnfmsfr6143	henri_albert_cosse_brissac	les grand panetier
merveilles17_ms_bnfmsfr6143	pierre_pernin_crenan	grand Echanson
merveilles17_ms_bnfmsfr6143	vandesure	grand Tranchant
merveilles17_ms_bnfmsfr6143	henri_albert_cosse_brissac	M. de Cosse
merveilles17_ms_bnfmsfr6143	pierre_pernin_crenan	le marquis de Crenan
merveilles17_ms_bnfmsfr6143	vandesure	de Vandesure
merveilles17_ms_bnfmsfr6143	louisxiv	Le roy
merveilles17_ms_bnfmsfr6143	louis_marie_aumont_rochebaron	M. de Villequier
merveilles17_ms_bnfmsfr6143	flavio_chigi	M. le légat
merveilles17_ms_bnfmsfr6143	louisxiv	Le roy
merveilles17_ms_bnfmsfr6143	louisxiv	le roy
merveilles17_ms_bnfmsfr6143	vandesure	M. Vandesure
merveilles17_ms_bnfmsfr6143	parfait_pere	les controlleurs Parfait
merveilles17_ms_bnfmsfr6143	parfait_fils	les controlleurs Parfait
merveilles17_ms_bnfmsfr6143	parfait_frere	les controlleurs Parfait
merveilles17_ms_bnfmsfr6143	chamois	Chamoix
merveilles17_ms_bnfmsfr6143	bernardin_gigault_bellefonds	M. le marquis de Bellefonds
merveilles17_ms_bnfmsfr6143	louisxiv	Sa Majesté
merveilles17_ms_bnfmsfr6143	flavio_chigi	M. le légat
merveilles17_ms_bnfmsfr6143	hj_bourbon_conde	Monseigneur le grand maistre
merveilles17_ms_bnfmsfr6143	louisxiv	Sa Majesté
merveilles17_ms_bnfmsfr6143	flavio_chigi	M. le légat
merveilles17_ms_bnfmsfr6143	hj_bourbon_conde	Monseigneur le grand m[aîtr]e
merveilles17_ms_bnfmsfr6143	bernardin_gigault_bellefonds	M. le premier
merveilles17_ms_bnfmsfr6143	louisxiv	Le roy
merveilles17_ms_bnfmsfr6143	flavio_chigi	M. le légat
merveilles17_ms_bnfmsfr6143	hj_bourbon_conde	Monseigneur le grand m.[aîtr]e
merveilles17_ms_bnfmsfr6143	louisxiv	Sa Majesté
merveilles17_ms_bnfmsfr6143	joseph_langlois	s.r Langlois, m[aîtr]e d’Hostel de quartier
merveilles17_ms_bnfmsfr6143	bernardin_gigault_bellefonds	M. le premier m.[aîtr]e d’hostel
merveilles17_ms_bnfmsfr6143	flavio_chigi	S.E
merveilles17_ms_bnfmsfr6143	armand_du_cambout	M. l’abbé de Couslin
merveilles17_ms_bnfmsfr6143	hj_bourbon_conde	M. le duc
merveilles17_ms_bnfmsfr6143	henri_albert_cosse_brissac	M. de Cosé
merveilles17_ms_bnfmsfr6143	pierre_pernin_crenan	M. de Crenan
merveilles17_ms_bnfmsfr6143	vandesure	M. de Vandesure
merveilles17_ms_bnfmsfr6143	louisxiv	Sa Majesté
merveilles17_ms_bnfmsfr6143	parfait_pere	M. le Général Parfait
merveilles17_ms_bnfmsfr6143	flavio_chigi	M. le légat
merveilles17_ms_bnfmsfr6143	hj_bourbon_conde	M. le duc
merveilles17_ms_bnfmsfr6143	louisxiv	Sa Majesté
merveilles17_ms_bnfmsfr6143	joseph_langlois	le s.r Langlois
merveilles17_ms_bnfmsfr6143	marie_therese	les reynes
merveilles17_ms_bnfmsfr6143	anne_d_autriche	les reynes
merveilles17_ms_bnfmsfr6143	philippe_orleans	Monsieur
merveilles17_ms_bnfmsfr6143	louisxiv	le roy
merveilles17_ms_bnfmsfr6143	flavio_chigi	M. le légat
merveilles17_ms_bnfmsfr6143	flavio_chigi	S.E.
merveilles17_ms_bnfmsfr6143	louisxiv	Sa Majesté
merveilles17_ms_bnfmsfr6143	louisxiv	Sa Majesté
merveilles17_ms_bnfmsfr6143	marie_therese	les reynes
merveilles17_ms_bnfmsfr6143	anne_d_autriche	les reynes
merveilles17_ms_bnfmsfr6143	flavio_chigi	M. le légat
merveilles17_ms_bnfmsfr6143	corneille	sieur Corneille
merveilles17_ms_bnfmsfr6143	flavio_chigi	Elle
merveilles17_ms_bnfmsfr6143	anne_d_autriche	la reyne mère
merveilles17_ms_bnfmsfr6143	louisxiv	leurs Majestez
merveilles17_ms_bnfmsfr6143	marie_therese	leurs Majestez
merveilles17_ms_bnfmsfr6143	anne_d_autriche	leurs Majestez
merveilles17_ms_bnfmsfr6143	louisxiv	Le roy
merveilles17_ms_bnfmsfr6143	louis_grand_dauphin	M. le Dauphin
merveilles17_ms_bnfmsfr6143	louisxiv	le roy
merveilles17_ms_bnfmsfr6143	flavio_chigi	S.E.
merveilles17_ms_bnfmsfr6143	flavio_chigi	S.E.
merveilles17_ms_bnfmsfr6143	flavio_chigi	S.E.
merveilles17_ms_bnfmsfr6143	flavio_chigi	Elle
merveilles17_ms_bnfmsfr6143	paul_chantelou	s.r de Chantelou
merveilles17_ms_bnfmsfr6143	flavio_chigi	Elle
merveilles17_ms_bnfmsfr6143	flavio_chigi	Elle
merveilles17_ms_bnfmsfr6143	marie_therese	les reynes
merveilles17_ms_bnfmsfr6143	anne_d_autriche	les reynes
merveilles17_ms_bnfmsfr6143	anne_d_autriche	la reyne mère
merveilles17_ms_bnfmsfr6143	sigismondo_chigi	don Sigismond
merveilles17_ms_bnfmsfr6143	celio_piccolomini	marquis Picolominj
merveilles17_ms_bnfmsfr6143	flavio_chigi	S.E.
merveilles17_ms_bnfmsfr6143	louisxiv	Sa Majesté
merveilles17_ms_bnfmsfr6143	louisxiv	le roy
merveilles17_ms_bnfmsfr6143	flavio_chigi	Elle
merveilles17_ms_bnfmsfr6143	louisxiv	le roy
merveilles17_ms_bnfmsfr6143	flavio_chigi	Elle
merveilles17_ms_bnfmsfr6143	flavio_chigi	S.E.
merveilles17_ms_bnfmsfr6143	marie_therese	la reyne
merveilles17_ms_bnfmsfr6143	louisxiv	le roy
merveilles17_ms_bnfmsfr6143	louisxiv	le roy
merveilles17_ms_bnfmsfr6143	flavio_chigi	M. le légat
merveilles17_ms_bnfmsfr6143	marie_therese	la reyne
merveilles17_ms_bnfmsfr6143	flavio_chigi	M. le légat
merveilles17_ms_bnfmsfr6143	paul_chantelou	s.r de Chantelou
merveilles17_ms_pie-bizincourt_001	bizincourt	De Bizincourt
merveilles17_ms_pie-bizincourt_001	chauveau	Chauveau François (1613-1676)
merveilles17_ms_pie-bizincourt_001	jean_petitot	Petitot Jean (1607-1691)
merveilles17_ms_pie-bizincourt_001	louisxiv	LOVIS XIV
merveilles17_ms_pie-bizincourt_001	louisxiv	ROY
merveilles17_ms_pie-bizincourt_001	louisxiv	VOSTRE MAIESTÉ
merveilles17_ms_pie-bizincourt_001	louisxiv	VOSTRE MAIESTÉ
merveilles17_ms_pie-bizincourt_001	louisxiv	VOSTRE MAIESTE
merveilles17_ms_pie-bizincourt_001	louisxiv	V. MAIESTÉ
merveilles17_ms_pie-bizincourt_001	marie_therese	Reyne
merveilles17_ms_pie-bizincourt_001	louisxiv	V. MAIESTÉ
merveilles17_ms_pie-bizincourt_001	louisxiv	V. Majesté
merveilles17_ms_pie-bizincourt_001	bizincourt	De Bizincovrt
merveilles17_ms_pie-bizincourt_001	louisxiv	ROY
merveilles17_ms_pie-bizincourt_001	louisxiv	GRAND ROY
merveilles17_ms_pie-bizincourt_001	louisxiv	Vôtre Majesté
merveilles17_ms_pie-bizincourt_001	louisxiv	
merveilles17_ms_pie-bizincourt_001	anne_d_autriche	REYNE MERE
merveilles17_ms_pie-bizincourt_001	anne_d_autriche	REYNE
merveilles17_ms_pie-bizincourt_001	louisxiv	LOVIS
merveilles17_ms_pie-bizincourt_001	louisxiv	Roy
merveilles17_ms_pie-bizincourt_001	marie_therese	REYNE
merveilles17_ms_pie-bizincourt_001	louisxiv	le Soleil de la Cour
merveilles17_ms_pie-bizincourt_001	marie_therese	REYNE
merveilles17_ms_pie-bizincourt_001	louisxiv	LOVIS
merveilles17_ms_pie-bizincourt_001	louisxiv	LOVIS DE BOVRBON
merveilles17_ms_pie-bizincourt_001	marie_therese	MARIE THERESE
merveilles17_ms_pie-bizincourt_001	marie_therese	Therese
merveilles17_ms_pie-bizincourt_001	louisxiv	Dieu de nos LIS
merveilles17_ms_pie-bizincourt_001	marie_therese	Reyne
merveilles17_ms_pie-bizincourt_001	louisxiv	sa Majesté
merveilles17_ms_pie-bizincourt_001	saint_aignan	M.r le Duc de S.t Aignan
merveilles17_ms_pie-bizincourt_001	louisxiv	le Roy
merveilles17_ms_pie-bizincourt_001	anne_de_noailles	M.r le Duc de Noailles
merveilles17_ms_pie-bizincourt_001	henri_ii_de_guise	le Duc de Guise
merveilles17_ms_pie-bizincourt_001	henri_de_lorraine	le Comte d’Armagnac
merveilles17_ms_pie-bizincourt_001	jb_gaston_foix_candale	Ducs de Foix
merveilles17_ms_pie-bizincourt_001	armand_du_cambout	de Coislin
merveilles17_ms_pie-bizincourt_001	henri_de_daillon	le Comte du Lude
merveilles17_ms_pie-bizincourt_001	francois_vii_de_la_rochefoucauld	le Prince de Marsillac
merveilles17_ms_pie-bizincourt_001	louis_marie_aumont_rochebaron	Marquis de Villequier
merveilles17_ms_pie-bizincourt_001	cm_de_belleforiere	de Soyecourt
merveilles17_ms_pie-bizincourt_001	louis_de_crevant	Marquis d’Humieres
merveilles17_ms_pie-bizincourt_001	jf_de_labaume	la Valliere
merveilles17_ms_pie-bizincourt_001	hj_bourbon_conde	M.r le Duc
merveilles17_ms_pie-bizincourt_001	marie_therese	les Reynes
merveilles17_ms_pie-bizincourt_001	anne_d_autriche	les Reynes
merveilles17_ms_pie-bizincourt_001	marie_therese	Reyne
merveilles17_ms_pie-bizincourt_001	marie_therese	la Reyne
merveilles17_ms_pie-bizincourt_001	louisxiv	LODOICI
merveilles17_ms_pie-bizincourt_001	louisxiv	LVDOVICVS XIV
merveilles17_ms_pie-bizincourt_001	louisxiv	LVDOVICVS XIIII
merveilles17_ms_pie-bizincourt_001	saint_aignan	MONSIEVR LE DVC DE S.T AIGNAN
merveilles17_ms_pie-bizincourt_001	saint_aignan	FRANÇOIS DE BEAUVVILLIER
merveilles17_ms_pie-bizincourt_001	louisxiv	ROY
merveilles17_ms_pie-bizincourt_001	louisxiv	LOVIS
merveilles17_ms_pie-bizincourt_001	louisxiv	LOVIS XIV
merveilles17_ms_pie-bizincourt_001	louisxiii	Louis le Iuste 13.
merveilles17_ms_pie-bizincourt_001	anne_d_autriche	Reyne
merveilles17_ms_pie-bizincourt_001	felipeiii	Philippe 3. Roy d’Espagne
merveilles17_ms_pie-bizincourt_001	anne_de_noailles	MONSIEVR LE DVC DE NOAILLE
merveilles17_ms_pie-bizincourt_001	louisxiv	Roy
merveilles17_ms_pie-bizincourt_001	anne_de_noailles	NOAILLE
merveilles17_ms_pie-bizincourt_001	anne_de_noailles	ANNE DE NOAILLE
merveilles17_ms_pie-bizincourt_001	hj_bourbon_conde	MONSIEVR LE DVC
merveilles17_ms_pie-bizincourt_001	hj_bourbon_conde	LOVIS IVLES DE BOVRBON
merveilles17_ms_pie-bizincourt_001	henri_ii_de_guise	MONSIEVR LE DVC DE GVISE
merveilles17_ms_pie-bizincourt_001	henri_ii_de_guise	HENRI DE LORRAINE
merveilles17_ms_pie-bizincourt_001	henri_de_lorraine	MONSIEVR LE COMTE D’ARMAGNAC
merveilles17_ms_pie-bizincourt_001	louisxiv	sa Masjesté
merveilles17_ms_pie-bizincourt_001	henri_de_lorraine	LOVIS DE LORRAINE
merveilles17_ms_pie-bizincourt_001	jb_gaston_foix_candale	MONSIEVR LE DVC DE FOIX
merveilles17_ms_pie-bizincourt_001	louisxiv	LOVS
merveilles17_ms_pie-bizincourt_001	jb_gaston_foix_candale	GASTON DE FOIX
merveilles17_ms_pie-bizincourt_001	armand_du_cambout	MONSIEVR LE DVC DE COISLIN
merveilles17_ms_pie-bizincourt_001	armand_du_cambout	ARMAND DV CAMBOVLT
merveilles17_ms_pie-bizincourt_001	henri_de_daillon	MONSIEVR LE COMTE DV LVDE
merveilles17_ms_pie-bizincourt_001	louisxiv	Roy
merveilles17_ms_pie-bizincourt_001	henri_de_daillon	HENRI DE DAILLON
merveilles17_ms_pie-bizincourt_001	francois_vii_de_la_rochefoucauld	MONSIEVR LE PRINCE DE MARSILLAC
merveilles17_ms_pie-bizincourt_001	francois_vii_de_la_rochefoucauld	Prince
merveilles17_ms_pie-bizincourt_001	louisxiv	LOVIS
merveilles17_ms_pie-bizincourt_001	francois_vii_de_la_rochefoucauld	FRANÇOIS DE LA ROCHEFOVCAULT
merveilles17_ms_pie-bizincourt_001	louis_marie_aumont_rochebaron	MONSIEVR LE MARQVIS DE VILLEQVIER
merveilles17_ms_pie-bizincourt_001	louis_marie_aumont_rochebaron	LOVIS MARIE DAVMONT ROCHEBARON
merveilles17_ms_pie-bizincourt_001	cm_de_belleforiere	MONSIEVR LE MARQVIS DE SOYECOURT
merveilles17_ms_pie-bizincourt_001	cm_de_belleforiere	MAXIMILIEN ANTOINE DE BELLEFORIERE
merveilles17_ms_pie-bizincourt_001	louis_de_crevant	MONSIEVR LE MARQVIS D’HVMIERES
merveilles17_ms_pie-bizincourt_001	louis_de_crevant	LOVIS DE CREVANT DHVUMIERES
merveilles17_ms_pie-bizincourt_001	jf_de_labaume	MONSIEVR LE MARQ. DE LAVALLIERE
merveilles17_ms_pie-bizincourt_001	jf_de_labaume	MONSIEVR LE MARQVIS DE LA VALLIERE
merveilles17_ms_pie-bizincourt_001	louisxiv	LOVIS
merveilles17_ms_pie-bizincourt_001	jf_de_labaume	IEAN FRANÇOIS DE LA BAVME LE BLANC
merveilles17_ms_pie-bizincourt_001	marie_therese	REYNE
merveilles17_ms_pie-bizincourt_001	louisxiv	LOVIS
merveilles17_ms_pie-bizincourt_001	marie_therese	Reyne
merveilles17_ms_pie-bizincourt_001	louisxiv	Roy
merveilles17_ms_pie-bizincourt_001	marie_therese	REYNE
merveilles17_ms_pie-bizincourt_001	louisxiv	LOVIS
merveilles17_ms_pie-bizincourt_001	marie_therese	LA REYNE
merveilles17_ms_pie-bizincourt_001	marie_therese	Reyne
merveilles17_ms_pie-bizincourt_001	anne_d_autriche	Reyne Mere
merveilles17_ms_pie-bizincourt_001	anne_d_autriche	REYNE MERE
merveilles17_ms_pie-bizincourt_001	anne_d_autriche	Reyne
merveilles17_ms_pie-bizincourt_001	anne_d_autriche	Reyne
merveilles17_ms_pie-bizincourt_001	louisxiv	Fils glorieux
merveilles17_ms_pie-bizincourt_001	anne_d_autriche	Reyne
merveilles17_ms_pie-philidor	lully	Jean-Baptiste Lully
merveilles17_ms_pie-philidor	philidor_andre	Philidor André (1652 ?-1730)
merveilles17_ms_pie-philidor	philidor_andre	Philidor André (1652 ?-1730)
merveilles17_ms_pie-philidor	louisxiv	Le Roy
merveilles17_ms_pie-philidor	marie_therese	Reines
merveilles17_ms_pie-philidor	anne_d_autriche	Reines
merveilles17_ms_pie-philidor	louisxiv	le Roy
merveilles17_ms_pie-philidor	louisxiv	sa Majesté
merveilles17_ms_pie-philidor	louisxiv	Roy
merveilles17_ms_pie-philidor	vigarani	Monsieur de Vigarani
merveilles17_ms_pie-philidor	louisxiv	Roy
merveilles17_ms_pie-philidor	saint_aignan	Duc de St Aignan
merveilles17_ms_pie-philidor	arioste	Arioste
merveilles17_ms_pie-philidor	desbardins	Mr. des Bardins
merveilles17_ms_pie-philidor	louisxiv	Roy
merveilles17_ms_pie-philidor	artagnan	Mr. d’Artagnan
merveilles17_ms_pie-philidor	louisxiv	sa Majesté
merveilles17_ms_pie-philidor	louisxiv	sa Majesté
merveilles17_ms_pie-philidor	perigny	Président de Perigny
merveilles17_ms_pie-philidor	saint_aignan	Ducs de St. Aignan
merveilles17_ms_pie-philidor	anne_de_noailles	de Noailles
merveilles17_ms_pie-philidor	saint_aignan	Duc de
merveilles17_ms_pie-philidor	saint_aignan	St. Aignant
merveilles17_ms_pie-philidor	anne_de_noailles	Duc de Noailles
merveilles17_ms_pie-philidor	saint_aignan	Duc de St. Aignan
merveilles17_ms_pie-philidor	saint_aignan	Duc de St. Aignant
merveilles17_ms_pie-philidor	louisxiv	Roy
merveilles17_ms_pie-philidor	louisxiv	Sa Majesté
merveilles17_ms_pie-philidor	louisxiv	Roy
merveilles17_ms_pie-philidor	anne_de_noailles	Duc de Noailles
merveilles17_ms_pie-philidor	louisxiv	Roy
merveilles17_ms_pie-philidor	anne_de_noailles	Duc de Noailles
merveilles17_ms_pie-philidor	henri_ii_de_guise	Duc de Guise
merveilles17_ms_pie-philidor	henri_de_lorraine	Comte d’Armagnac
merveilles17_ms_pie-philidor	henri_ii_de_guise	Duc de Guise
merveilles17_ms_pie-philidor	henri_de_lorraine	Comte d’Armagnac
merveilles17_ms_pie-philidor	jb_gaston_foix_candale	Ducs de Foix
merveilles17_ms_pie-philidor	armand_du_cambout	de Coaslin
merveilles17_ms_pie-philidor	jb_gaston_foix_candale	Duc de Foix
merveilles17_ms_pie-philidor	armand_du_cambout	Duc de Coaslin
merveilles17_ms_pie-philidor	henri_de_daillon	Comte du Lude
merveilles17_ms_pie-philidor	francois_vii_de_la_rochefoucauld	Prince de  Marsillac
merveilles17_ms_pie-philidor	henri_de_daillon	Comte du Lude
merveilles17_ms_pie-philidor	francois_vii_de_la_rochefoucauld	Prince de Marsillac
merveilles17_ms_pie-philidor	louis_marie_aumont_rochebaron	Marquis de Villequier
merveilles17_ms_pie-philidor	cm_de_belleforiere	de Soyecourt
merveilles17_ms_pie-philidor	louis_marie_aumont_rochebaron	Marquis de Villequier
merveilles17_ms_pie-philidor	cm_de_belleforiere	Marquis de Soyecourt
merveilles17_ms_pie-philidor	louis_de_crevant	Marquis d’Humieres
merveilles17_ms_pie-philidor	jf_de_labaume	de la Valliere
merveilles17_ms_pie-philidor	louis_de_crevant	Marquis d’Humieres
merveilles17_ms_pie-philidor	jf_de_labaume	Marquis de la Valliere
merveilles17_ms_pie-philidor	hj_bourbon_conde	Monsieur le Duc
merveilles17_ms_pie-philidor	hj_bourbon_conde	Monsieur le Duc
merveilles17_ms_pie-philidor	millet	Sr Millet
merveilles17_ms_pie-philidor	hj_bourbon_conde	Mr le Duc
merveilles17_ms_pie-philidor	henri_ii_de_guise	Duc de Guise
merveilles17_ms_pie-philidor	henri_de_lorraine	Comte d’Armagnac
merveilles17_ms_pie-philidor	jb_gaston_foix_candale	Duc de Foix
merveilles17_ms_pie-philidor	armand_du_cambout	duc de Coaslin
merveilles17_ms_pie-philidor	henri_de_daillon	Comte du Lude
merveilles17_ms_pie-philidor	francois_vii_de_la_rochefoucauld	Prince de Marsillac
merveilles17_ms_pie-philidor	louis_marie_aumont_rochebaron	Marquis de Villequier
merveilles17_ms_pie-philidor	cm_de_belleforiere	Marquis de Soye-cour
merveilles17_ms_pie-philidor	louis_de_crevant	Marquis d’Humieres
merveilles17_ms_pie-philidor	jf_de_labaume	Marquis de la Valliere
merveilles17_ms_pie-philidor	hj_bourbon_conde	Monsieur le Duc
merveilles17_ms_pie-philidor	marie_therese	les Reines
merveilles17_ms_pie-philidor	anne_d_autriche	les Reines
merveilles17_ms_pie-philidor	louisxiv	Le Roy
merveilles17_ms_pie-philidor	hj_bourbon_conde	Mr Le Duc
merveilles17_ms_pie-philidor	louisxiv	sa Majesté
merveilles17_ms_pie-philidor	anne_de_noailles	Les Ducs de Noailles
merveilles17_ms_pie-philidor	saint_aignan	de Saint-Aignant
merveilles17_ms_pie-philidor	mlle_de_brie	Mademoiselle de Brie
merveilles17_ms_pie-philidor	marie_therese	la Reine
merveilles17_ms_pie-philidor	la_grange	le sieur de la Grange
merveilles17_ms_pie-philidor	louisxiv	Loüis
merveilles17_ms_pie-philidor	marie_therese	Reyne
merveilles17_ms_pie-philidor	louisxiv	Roy
merveilles17_ms_pie-philidor	louisxiv	le Roy
merveilles17_ms_pie-philidor	anne_de_noailles	Duc de Guise
merveilles17_ms_pie-philidor	cm_de_belleforiere	Marquis de Soye-court
merveilles17_ms_pie-philidor	jf_de_labaume	de la Valliere
merveilles17_ms_pie-philidor	anne_d_autriche	la Reine Mere
merveilles17_ms_pie-philidor	louisxiv	leurs Majestez
merveilles17_ms_pie-philidor	marie_therese	leurs Majestez
merveilles17_ms_pie-philidor	anne_d_autriche	leurs Majestez
merveilles17_ms_pie-philidor	therese_duparc	Mademoiselle du Parc
merveilles17_ms_pie-philidor	gros_rene	le sieur du Parc
merveilles17_ms_pie-philidor	la_thorilliere	le Sieur de la Thorilliere
merveilles17_ms_pie-philidor	louis_bejart	le Sieur Bejar
merveilles17_ms_pie-philidor	louisxiv	Roy
merveilles17_ms_pie-philidor	marie_therese	la Reyne
merveilles17_ms_pie-philidor	marie_therese	la Reyne
merveilles17_ms_pie-philidor	marie_therese	Princesse
merveilles17_ms_pie-philidor	marie_therese	la Reine
merveilles17_ms_pie-philidor	marche_coquet	Messieurs de la Marche
merveilles17_ms_pie-philidor	parfait_pere	Parfait Pere
merveilles17_ms_pie-philidor	parfait_frere	Frere
merveilles17_ms_pie-philidor	parfait_fils	Fils
merveilles17_ms_pie-philidor	louisxiv	Leurs Majestez
merveilles17_ms_pie-philidor	marie_therese	Leurs Majestez
merveilles17_ms_pie-philidor	anne_d_autriche	Leurs Majestez
merveilles17_ms_pie-philidor	anne_d_autriche	La Reine mere
merveilles17_ms_pie-philidor	louisxiv	Le Roy
merveilles17_ms_pie-philidor	elisabeth_orleans_alencon	Mademoiselle d’Alençon
merveilles17_ms_pie-philidor	maille_breze_conde	Madame la Princesse
merveilles17_ms_pie-philidor	marie_lorraine_elbeuf	Mademoiselle d’Elboeuf
merveilles17_ms_pie-philidor	beauvilliers_bethune	Madame de Bethune
merveilles17_ms_pie-philidor	lansac_crequi	Madame la Duchesse de Crequy
merveilles17_ms_pie-philidor	marie_therese	LA REINE
merveilles17_ms_pie-philidor	marie_bourbon_carignan	Madame de Carignan
merveilles17_ms_pie-philidor	marie_bauffremont_fleix	Madame de Flaix
merveilles17_ms_pie-philidor	madeleine_charlotte_albert_ailly	Madame la Duchesse de Foix
merveilles17_ms_pie-philidor	mme_de_brancas	Madame de Brancas
merveilles17_ms_pie-philidor	angelique_baudean_froulay	Madame de Froulay
merveilles17_ms_pie-philidor	baudean_parabere_navailles	Madame la Duchesse de Nauailles
merveilles17_ms_pie-philidor	mlle_d_ardennes	Mademoiselle d’Ardennes
merveilles17_ms_pie-philidor	mlle_de_cologon	Mademoiselle de Cologon
merveilles17_ms_pie-philidor	mme_de_crussol	Madame de Crussol
merveilles17_ms_pie-philidor	julie_montausier	Madame de Montauzier
merveilles17_ms_pie-philidor	henriette_anne_angleterre	MADAME
merveilles17_ms_pie-philidor	benedicte_henriette_palatinat	Madame la Princesse Benedicte
merveilles17_ms_pie-philidor	anne_baviere_conde	Madame la Duchesse
merveilles17_ms_pie-philidor	diane_budos_rouvroy	Madame de Rouuroy
merveilles17_ms_pie-philidor	anne_de_la_mothe_houdancourt	Mademoiselle de la Mothe
merveilles17_ms_pie-philidor	mme_de_marse	Madame de Marsé
merveilles17_ms_pie-philidor	louise_la_valliere	Mademoiselle de la Valliere
merveilles17_ms_pie-philidor	madeleine_du_guast_d_artigny	Mademoiselle d’Artigny
merveilles17_ms_pie-philidor	mlle_du_bellay	Mademoiselle du Belloy
merveilles17_ms_pie-philidor	mlle_de_dampierre	Mademoiselle de Dampierre
merveilles17_ms_pie-philidor	mlle_de_fiennes	Mademoiselle de Fiennes
merveilles17_ms_pie-philidor	louisxiv	leurs Matez
merveilles17_ms_pie-philidor	anne_d_autriche	leurs Matez
merveilles17_ms_pie-philidor	marie_therese	leurs Matez
merveilles17_ms_pie-philidor	armande_bejart	Mademoiselle de Moliere
merveilles17_ms_pie-philidor	therese_duparc	Mademoiselle du Parc
merveilles17_ms_pie-philidor	mlle_de_brie	Mademoiselle de Brie
merveilles17_ms_pie-philidor	madeleine_bejart	Mademoiselle Bejar
merveilles17_ms_pie-philidor	andre_hubert	Le Sieur Hubert
merveilles17_ms_pie-philidor	la_grange	Le Sieur de la Grange
merveilles17_ms_pie-philidor	la_thorilliere	Le Sieur de la Torilliere
merveilles17_ms_pie-philidor	du_croisy	Le Sieur de Croissy
merveilles17_ms_pie-philidor	louis_bejart	Le Sieur Bejar
merveilles17_ms_pie-philidor	moliere	Le Sieur de Moliere
merveilles17_ms_pie-philidor	marin_prevost	Le Sieur Preuertz
merveilles17_ms_pie-philidor	moliere	le Sieur de Moliere
merveilles17_ms_pie-philidor	manceau	Mr. Manceau
merveilles17_ms_pie-philidor	chicanneau	Les Srs. Chicanneau
merveilles17_ms_pie-philidor	balthazar	Baltazard
merveilles17_ms_pie-philidor	noblet	Noblet
merveilles17_ms_pie-philidor	bonard	Bonard
merveilles17_ms_pie-philidor	magny	Magny
merveilles17_ms_pie-philidor	la_pierre	la Pierre
merveilles17_ms_pie-philidor	moliere	l’Autheur
merveilles17_ms_pie-philidor	louisxiv	Roy
merveilles17_ms_pie-philidor	le_gros	les Sieurs le Gros
merveilles17_ms_pie-philidor	le_gros	les Sieurs le Gros
merveilles17_ms_pie-philidor	estival	Estiual
merveilles17_ms_pie-philidor	estival	Estiual
merveilles17_ms_pie-philidor	louis_don	Don
merveilles17_ms_pie-philidor	louis_don	Don
merveilles17_ms_pie-philidor	simon_blondel	Blondel
merveilles17_ms_pie-philidor	simon_blondel	Blondel
merveilles17_ms_pie-philidor	mlle_de_la_barre	Mademoiselle de la Barre
merveilles17_ms_pie-philidor	mlle_de_la_barre	Mademoiselle de la Barre
merveilles17_ms_pie-philidor	hilaire_dupuis	Mademoiselle Hilaire
merveilles17_ms_pie-philidor	hilaire_dupuis	Mademoiselle Hilaire
merveilles17_ms_pie-philidor	louisxiv	Leurs Majestez
merveilles17_ms_pie-philidor	marie_therese	Leurs Majestez
merveilles17_ms_pie-philidor	anne_d_autriche	Leurs Majestez
merveilles17_ms_pie-philidor	anne_d_autriche	la Reine Mere
merveilles17_ms_pie-philidor	therese_duparc	Mademoiselle du Parc
merveilles17_ms_pie-philidor	mlle_de_brie	Mademoiselle de Brie
merveilles17_ms_pie-philidor	armande_bejart	Mademoiselle Moliere
merveilles17_ms_pie-philidor	louisxiv	Roy
merveilles17_ms_pie-philidor	louisxiv	Sa Majesté
merveilles17_ms_pie-philidor	louisxiv	Le Roy
merveilles17_ms_pie-philidor	saint_aignan	Les Ducs de St. Aignan
merveilles17_ms_pie-philidor	anne_de_noailles	de Noailles
merveilles17_ms_pie-philidor	louisxiv	Roy
merveilles17_ms_pie-philidor	marie_therese	la Reine
merveilles17_ms_pie-philidor	louisxiv	le Roy
merveilles17_ms_pie-philidor	armand_du_cambout	le Marquis de Coaslin
merveilles17_ms_pie-philidor	cm_de_belleforiere	le Marquis de Soyecourt
merveilles17_ms_pie-philidor	saint_aignan	le Duc de St. Aignant
merveilles17_ms_pie-philidor	cm_de_belleforiere	le Marquis de Soyecourt
merveilles17_ms_pie-philidor	antoine_iii_de_gramont	le Mareschal Duc de Grammont
merveilles17_ms_pie-philidor	louisxiv	Le Roy
merveilles17_ms_pie-philidor	louisxiv	sa Majesté
merveilles17_ms_pie-philidor	moliere	le Sieur de Moliere
merveilles17_ms_pie-philidor	saint_aignan	le Duc
merveilles17_ms_pie-philidor	cm_de_belleforiere	ce Marquis
merveilles17_ms_pie-philidor	louisxiv	le Roy
merveilles17_ms_pie-philidor	saint_aignan	Le Duc de St. Aignan
merveilles17_ms_pie-philidor	cm_de_belleforiere	Soyecourt
merveilles17_ms_pie-philidor	louisxiv	le Roy
merveilles17_ms_pie-philidor	marie_therese	les Reines
merveilles17_ms_pie-philidor	anne_d_autriche	les Reines
merveilles17_ms_pie-philidor	philippe_orleans	Monsieur
merveilles17_ms_pie-philidor	henriette_anne_angleterre	Madame
merveilles17_ms_pie-philidor	louisxiv	Sa Majesté
merveilles17_ms_pie-philidor	marie_therese	la Reine
merveilles17_ms_pie-philidor	louisxiv	Le Roy
merveilles17_ms_pie-philidor	louisxiv	Sa Majesté
merveilles17_ms_pie-philidor	saint_aignan	Duc de St. Aignan
merveilles17_ms_pie-philidor	louisxiv	sa Majesté
merveilles17_ms_pie-philidor	moliere	le sieur de Moliere
merveilles17_ms_pie-philidor	louisxiv	le Roy
merveilles17_ms_pie-philidor	moliere	l’Auteur
merveilles17_ms_pie-philidor	louisxiv	le Roy
merveilles17_ms_pie-philidor	louisxiv	Sa Majesté
merveilles17_ms_pie-philidor	saint_aignan	le Duc de St. Aignt
merveilles17_ms_pie-philidor	louisxiv	sa Majesté
merveilles17_ms_pie-philidor	louisxiv	Roy
merveilles17_ms_pie-philidor	louisxiv	sa Majesté
merveilles17_ms_pie-philidor	moliere	Sieur de Moliere
merveilles17_ms_pie-philidor	louisxiv	le Roy
merveilles17_ms_pie-philidor	colbert	Mr. Colbert
merveilles17_ms_pie-philidor	saint_aignan	le Duc de St. Aignant
merveilles17_ms_pie-philidor	perigny	President de Perigny
merveilles17_ms_pie-philidor	marie_therese	des Reines
merveilles17_ms_pie-philidor	anne_d_autriche	des Reines
merveilles17_ms_pie-philidor	benserade	Mr de Bensserade
merveilles17_ms_pie-philidor	bontemps	Mr. Bontemps
merveilles17_ms_pie-philidor	de_launay	Mr de Launay
merveilles17_ms_pie-philidor	louisxiv	Roy
merveilles17_ms_pie-philidor	louisxiv	sa Majesté
merveilles17_ms_versbm_fromageotaiiic	jean_chuppin	Chuppin, Jean
merveilles17_ms_versbm_fromageotaiiic	francois_le_fouin	Le Fouin, François
merveilles17_ms_versbm_fromageotaiiic	denis_buret	Denis Buret
merveilles17_ms_versbm_fromageotaiiic	louisxiv	Roy
merveilles17_ms_versbm_fromageotaiiic	colbert	Mre Jean Baptiste Colbert baron de Seignelay
merveilles17_ms_versbm_fromageotaiiic	colbert	sieur Colbert
merveilles17_ms_versbm_fromageotaiiic	denis_buret	Buret
merveilles17_ms_versbm_fromageotaiiic	colbert	Colbert
merveilles17_ms_versbm_fromageotaiiic	colbert	Colbert
merveilles17_ms_versbm_fromageotaiiic	denis_buret	Denis Buret
merveilles17_ms_versbm_fromageotaiiic	jean_chuppin	Chuppin
merveilles17_ms_versbm_fromageotaiiic	francois_le_fouin	[Lefouin]
v2merveilles17_img_fel-collation	lepautre	Le Pautre (1618-1682)
v2merveilles17_img_fel-collation	lepautre	Le Pautre
v2merveilles17_img_fel-comedie	lepautre	Le Pautre (1618-1682)
v2merveilles17_img_fel-comedie	lepautre	Le Pautre
v2merveilles17_img_fel-festin	lepautre	Le Pautre, Jean (1618-1682)
v2merveilles17_img_fel-festin	lepautre	Le Pautre
v2merveilles17_img_fel-illuminations	lepautre	Le Pautre, Jean (1618-1682)
v2merveilles17_img_fel-illuminations	lepautre	Le Pautre
v2merveilles17_img_fel-salle	lepautre	Le Pautre (1618-1682)
v2merveilles17_img_fel-salle	lepautre	Le Pautre
v2merveilles17_img_tor-1erdeco	isilvestre	Silvestre, Israël (1621-1691)
v2merveilles17_img_tor-2emdeco	isilvestre	Silvestre, Israël (1621-1691)
v2merveilles17_img_tor-3emdeco	isilvestre	Silvestre, Israël (1621-1691)
v2merveilles17_img_tor-4emdeco	isilvestre	Silvestre, Israël (1621-1691)
v2merveilles17_img_tor-5emdeco	isilvestre	Silvestre, Israël (1621-1691)
v2merveilles17_img_tor-frontispice	isilvestre	Silvestre, Israël (1621-1691)
v2merveilles17_imp_IR-felibien1668	andre_felibien	Félibien, André (1619-1695)
v2merveilles17_imp_IR-felibien1668	louisxiv	lE Roy
v2merveilles17_imp_IR-felibien1668	louisxiv	Prince
v2merveilles17_imp_IR-felibien1668	louisxiv	sa Majesté
v2merveilles17_imp_IR-felibien1668	blanchefort_crequy	le Duc de Crequy
v2merveilles17_imp_IR-felibien1668	bernardin_gigault_bellefonds	le Mareschal de Bellefond
v2merveilles17_imp_IR-felibien1668	louisxiv	Roy
v2merveilles17_imp_IR-felibien1668	colbert	Monsieur Colbert
v2merveilles17_imp_IR-felibien1668	vigarani	Le sieur Vigarani
v2merveilles17_imp_IR-felibien1668	henri_gissey	le sieur Gissey
v2merveilles17_imp_IR-felibien1668	louis_le_vau	le sieur le Vau
v2merveilles17_imp_IR-felibien1668	louisxiv	Roy
v2merveilles17_imp_IR-felibien1668	louisxiv	le Roy
v2merveilles17_imp_IR-felibien1668	marie_therese	la Reine
v2merveilles17_imp_IR-felibien1668	louis_grand_dauphin	Monseigneur le Dauphin
v2merveilles17_imp_IR-felibien1668	philippe_orleans	Monsieur
v2merveilles17_imp_IR-felibien1668	henriette_anne_angleterre	Madame
v2merveilles17_imp_IR-felibien1668	louisxiv	Roy
v2merveilles17_imp_IR-felibien1668	louisxiv	le Roy
v2merveilles17_imp_IR-felibien1668	marquis_de_gesvres	Marquis de Gesvres
v2merveilles17_imp_IR-felibien1668	marie_therese	la Reine
v2merveilles17_imp_IR-felibien1668	louisxiv	Majestez
v2merveilles17_imp_IR-felibien1668	marie_therese	Majestez
v2merveilles17_imp_IR-felibien1668	louisxiv	Leur Majestez
v2merveilles17_imp_IR-felibien1668	marie_therese	Leur Majestez
v2merveilles17_imp_IR-felibien1668	andre_le_notre	Le Jardinier
v2merveilles17_imp_IR-felibien1668	louisxiv	Roy
v2merveilles17_imp_IR-felibien1668	louisxiv	Monarque
v2merveilles17_imp_IR-felibien1668	louisxiv	leurs Majestez
v2merveilles17_imp_IR-felibien1668	marie_therese	leurs Majestez
v2merveilles17_imp_IR-felibien1668	louisxiv	le Roy
v2merveilles17_imp_IR-felibien1668	louisxiv	le Roy
v2merveilles17_imp_IR-felibien1668	marie_therese	la Reine
v2merveilles17_imp_IR-felibien1668	vigarani	sieur Vigarani
v2merveilles17_imp_IR-felibien1668	sieur_du_mets	le sieur du Mets
v2merveilles17_imp_IR-felibien1668	louisxiv	sa Majesté
v2merveilles17_imp_IR-felibien1668	louisxiv	Elle
v2merveilles17_imp_IR-felibien1668	louisxiv	leurs Majestez
v2merveilles17_imp_IR-felibien1668	marie_therese	leurs Majestez
v2merveilles17_imp_IR-felibien1668	louisxiv	Elles
v2merveilles17_imp_IR-felibien1668	marie_therese	Elles
v2merveilles17_imp_IR-felibien1668	bernardin_gigault_bellefonds	le Mareschal de Bellefond
v2merveilles17_imp_IR-felibien1668	de_launay	le sieur de Launay
v2merveilles17_imp_IR-felibien1668	louisxiv	Roy
v2merveilles17_imp_IR-felibien1668	beauchamp	Beauchamp
v2merveilles17_imp_IR-felibien1668	andre_hubert	S. André
v2merveilles17_imp_IR-felibien1668	la_pierre	La Pierre
v2merveilles17_imp_IR-felibien1668	favier	Favier
v2merveilles17_imp_IR-felibien1668	descouteaux	Descouteaux
v2merveilles17_imp_IR-felibien1668	philbert	Philibert
v2merveilles17_imp_IR-felibien1668	jean_hottere	Jean
v2merveilles17_imp_IR-felibien1668	martin_hottere	Martin Hottere
v2merveilles17_imp_IR-felibien1668	hilaire_dupuis	Mlle Hylaire
v2merveilles17_imp_IR-felibien1668	mlle_de_froteaux	Mlle de Froteaux
v2merveilles17_imp_IR-felibien1668	simon_blondel	Blondel
v2merveilles17_imp_IR-felibien1668	jean_gaye	Gaye
v2merveilles17_imp_IR-felibien1668	moliere	Moliere
v2merveilles17_imp_IR-felibien1668	jouan	Joüan
v2merveilles17_imp_IR-felibien1668	beauchamp	Beauchamp
v2merveilles17_imp_IR-felibien1668	chicanneau	Chicanneau
v2merveilles17_imp_IR-felibien1668	favier	Favier
v2merveilles17_imp_IR-felibien1668	noblet	Noblet
v2merveilles17_imp_IR-felibien1668	mayeu	Mayeu
v2merveilles17_imp_IR-felibien1668	chicanneau	Chicanneau
v2merveilles17_imp_IR-felibien1668	saint_andre	S. André
v2merveilles17_imp_IR-felibien1668	la_pierre	La Pierre
v2merveilles17_imp_IR-felibien1668	favier	Favier
v2merveilles17_imp_IR-felibien1668	bonard	Bonard
v2merveilles17_imp_IR-felibien1668	arnald	Arnald
v2merveilles17_imp_IR-felibien1668	noblet	Noblet
v2merveilles17_imp_IR-felibien1668	foignard	Foignard
v2merveilles17_imp_IR-felibien1668	estival	D’Estival
v2merveilles17_imp_IR-felibien1668	gingan	Gingan
v2merveilles17_imp_IR-felibien1668	le_gros	Le Gros
v2merveilles17_imp_IR-felibien1668	beauchamp	Beauchamp
v2merveilles17_imp_IR-felibien1668	dolivet	Dolivet
v2merveilles17_imp_IR-felibien1668	chicanneau	Chicanneau
v2merveilles17_imp_IR-felibien1668	mayeu	Mayeu
v2merveilles17_imp_IR-felibien1668	paysan	Paysan
v2merveilles17_imp_IR-felibien1668	manceau	Manceau
v2merveilles17_imp_IR-felibien1668	le_roy	Le Roy
v2merveilles17_imp_IR-felibien1668	pesan	Pesan
v2merveilles17_imp_IR-felibien1668	lully	Lully
v2merveilles17_imp_IR-felibien1668	louisxiv	le Roy
v2merveilles17_imp_IR-felibien1668	louisxiv	Roy
v2merveilles17_imp_IR-felibien1668	louisxiv	Roy
v2merveilles17_imp_IR-felibien1668	louisxiv	sa Majesté
v2merveilles17_imp_IR-felibien1668	philippe_orleans	Monsieur
v2merveilles17_imp_IR-felibien1668	louisxiv	sa Majesté
v2merveilles17_imp_IR-felibien1668	aubry_de_courcy	Madame Aubry de Courcy
v2merveilles17_imp_IR-felibien1668	madame_de_saint_arbre	Madame de Saint Arbre
v2merveilles17_imp_IR-felibien1668	madame_de_broglio	Madame de Broglio
v2merveilles17_imp_IR-felibien1668	marie_de_bailleul	Madame de Bailleul
v2merveilles17_imp_IR-felibien1668	madame_de_bonnelle	Madame de Bonnelle
v2merveilles17_imp_IR-felibien1668	suzanne_bignon	Madame Bignon.
v2merveilles17_imp_IR-felibien1668	madame_de_bordeaux	Madame de Bordeaux
v2merveilles17_imp_IR-felibien1668	mademoiselle_borelle	Mademoiselle Borelle
v2merveilles17_imp_IR-felibien1668	elisabeth_de_brissac	Madame de Brissac
v2merveilles17_imp_IR-felibien1668	marie_angelique_de_coulange	Madame de Coulange
v2merveilles17_imp_IR-felibien1668	marechale_de_clerembaut	Madame la Mareschale de Clerembaut
v2merveilles17_imp_IR-felibien1668	marechale_de_castelnau	Madame la Mareschale de Castelnau
v2merveilles17_imp_IR-felibien1668	sybille_de_comminge	Madame de Comminge
v2merveilles17_imp_IR-felibien1668	marquise_de_castelnau	Madame la Marquise de Castelnau
v2merveilles17_imp_IR-felibien1668	marie_lorraine_elbeuf	Mademoiselle d’Elbeuf
v2merveilles17_imp_IR-felibien1668	madeleine_d_albret	Madame la Mareschale d’Albret 
v2merveilles17_imp_IR-felibien1668	mlle_d_albret	Mademoiselle sa fille
v2merveilles17_imp_IR-felibien1668	gabrielle_d_estrees	Madame la Mareschale d’Estrée
v2merveilles17_imp_IR-felibien1668	marechale_de_la_ferte	Madame la Mareschale de la Ferté
v2merveilles17_imp_IR-felibien1668	madame_de_la_fayette	Madame de la Fayette
v2merveilles17_imp_IR-felibien1668	gilonne_d_harcourt	Madame la Cõtesse de Fiesque
v2merveilles17_imp_IR-felibien1668	madame_de_fontenay_hotman	Madame de Fontenay Hotman
v2merveilles17_imp_IR-felibien1668	madame_de_fieubet	Madame de Fieubet
v2merveilles17_imp_IR-felibien1668	marechale_de_grancey	Madame la Mareschalle de Grancay
v2merveilles17_imp_IR-felibien1668	mlles_de_grancey	Mesdemoiselles ses deux filles
v2merveilles17_imp_IR-felibien1668	madame_des_hameaux	Madame des Hameaux
v2merveilles17_imp_IR-felibien1668	marechale_de_l_hospital	Madame la Mareschalle de l’Hospital
v2merveilles17_imp_IR-felibien1668	???	Madame la Lieutenãnte Civile
v2merveilles17_imp_IR-felibien1668	comtesse_de_louvigny	Madame la Comtesse de Louvigny
v2merveilles17_imp_IR-felibien1668	mademoiselle_de_manicham	Mademoiselle de Manicham
v2merveilles17_imp_IR-felibien1668	madame_de_mekelbourg	Madame de Mekelbourg
v2merveilles17_imp_IR-felibien1668	???	Madame la grande Mareschalle
v2merveilles17_imp_IR-felibien1668	madame_de_marre	Madame de Marré
v2merveilles17_imp_IR-felibien1668	marie_nemours	Madame de Nemours
v2merveilles17_imp_IR-felibien1668	anne_de_richelieu	Madame de Richelieu
v2merveilles17_imp_IR-felibien1668	duchesse_de_richemont	Madame la Duchesse de Richemont
v2merveilles17_imp_IR-felibien1668	mlle_de_tresme	Mademoiselle de Tresme
v2merveilles17_imp_IR-felibien1668	marie_tambonneau	Madame Tambonneau
v2merveilles17_imp_IR-felibien1668	madame_de_la_trousse	Madame de la Trousse
v2merveilles17_imp_IR-felibien1668	presidente_tubeuf	Madame la Presidẽnte Tubeuf
v2merveilles17_imp_IR-felibien1668	louise_la_valliere	Madame la Duchesse de la Valliére
v2merveilles17_imp_IR-felibien1668	???	Madame la Marquise de la Valliére.
v2merveilles17_imp_IR-felibien1668	guenievre_de_villacerf	Madame de Vilacerf
v2merveilles17_imp_IR-felibien1668	duchesse_de_virtemberg	Madame la Duchesse de Virtemberg
v2merveilles17_imp_IR-felibien1668	fille_virtemberg	Madame sa fille
v2merveilles17_imp_IR-felibien1668	madame_de_valavoire	Madame de Valavoire
v2merveilles17_imp_IR-felibien1668	bernardin_gigault_bellefonds	le Mareschal de Bellefond
v2merveilles17_imp_IR-felibien1668	sieur_de_valentine	le Sieur de Valentiné
v2merveilles17_imp_IR-felibien1668	louisxiv	Roy
v2merveilles17_imp_IR-felibien1668	marie_therese	la Reine
v2merveilles17_imp_IR-felibien1668	henriette_anne_angleterre	Madame
v2merveilles17_imp_IR-felibien1668	anne_marie_louise_henriette_orleans	Mademoiselle
v2merveilles17_imp_IR-felibien1668	maille_breze_conde	Madame la Princesse
v2merveilles17_imp_IR-felibien1668	marie_bourbon_carignan	Madame la Princesse de Carignan
v2merveilles17_imp_IR-felibien1668	louis_grand_dauphin	Monseigneur le Dauphin
v2merveilles17_imp_IR-felibien1668	louisxiv	Le Roy
v2merveilles17_imp_IR-felibien1668	hj_bourbon_conde	Monsieur le Duc
v2merveilles17_imp_IR-felibien1668	philippe_orleans	Monsieur
v2merveilles17_imp_IR-felibien1668	sieur_de_valentine	le Sieur de Valentiné
v2merveilles17_imp_IR-felibien1668	???	Grotteau
v2merveilles17_imp_IR-felibien1668	gaut	Gaut
v2merveilles17_imp_IR-felibien1668	chamois	Chamois
v2merveilles17_imp_IR-felibien1668	bernardin_gigault_bellefonds	Le Mareschal de Bellefond
v2merveilles17_imp_IR-felibien1668	marie_therese	la Reine
v2merveilles17_imp_IR-felibien1668	courtet	Le Sieur Courtet
v2merveilles17_imp_IR-felibien1668	henriette_anne_angleterre	Madame
v2merveilles17_imp_IR-felibien1668	sieur_de_la_grande	le Sieur de la Grande
v2merveilles17_imp_IR-felibien1668	louisxiv	Roy
v2merveilles17_imp_IR-felibien1668	marie_therese	la Reine,
v2merveilles17_imp_IR-felibien1668	philippe_orleans	Monsieur
v2merveilles17_imp_IR-felibien1668	henriette_anne_angleterre	Madame
v2merveilles17_imp_IR-felibien1668	louisxiv	Majestez
v2merveilles17_imp_IR-felibien1668	marie_therese	Majestez
v2merveilles17_imp_IR-felibien1668	philippe_orleans	Majestez
v2merveilles17_imp_IR-felibien1668	henriette_anne_angleterre	Majestez
v2merveilles17_imp_IR-felibien1668	olympe_mancini_soissons	Madame la Comtesse de Soissons
v2merveilles17_imp_IR-felibien1668	louise_savoie_bade	Madame la Princesse de Bade
v2merveilles17_imp_IR-felibien1668	lansac_crequi	Madame la Duchesse de Crequy 
v2merveilles17_imp_IR-felibien1668	anne_de_la_mothe_houdancourt	Madame la Marechalle de la Mothe
v2merveilles17_imp_IR-felibien1668	julie_montausier	Madame de Montausier
v2merveilles17_imp_IR-felibien1668	marechale_de_bellefond	Madame la Mareschalle de Bellefond
v2merveilles17_imp_IR-felibien1668	chatre_humieres	Madame la Marechalle d’Humieres
v2merveilles17_imp_IR-felibien1668	beauvilliers_bethune	Madame de Bethune
v2merveilles17_imp_IR-felibien1668	marechale_de_bellefond	Madame la Mareschalle de Bellefond
v2merveilles17_imp_IR-felibien1668	louisxiv	Roy
v2merveilles17_imp_IR-felibien1668	marie_therese	la Reine
v2merveilles17_imp_IR-felibien1668	marie_therese	Reine
v2merveilles17_imp_IR-felibien1668	louisxiv	Roy
v2merveilles17_imp_IR-felibien1668	louisxiv	Le Roy
v2merveilles17_imp_IR-felibien1668	louisxiv	le Roy
v2merveilles17_imp_IR-felibien1668	denis_jolly	Le sieur Joly
v2merveilles17_imp_IR-felibien1668	louisxiv	leurs Majestez
v2merveilles17_imp_IR-felibien1668	marie_therese	leurs Majestez
v2merveilles17_imp_IR-felibien1668	henri_gissey	Le sieur Gissey
v2merveilles17_imp_IR-felibien1668	louisxiv	le Roy
v2merveilles17_imp_IR-felibien1668	louisxiv	leurs Majestez
v2merveilles17_imp_IR-felibien1668	marie_therese	leurs Majestez
v2merveilles17_imp_IR-felibien1668	louisxiv	Leurs Majestez
v2merveilles17_imp_IR-felibien1668	marie_therese	Leurs Majestez
v2merveilles17_imp_IR-felibien1668	louis_grand_dauphin	Monseigneur le Dauphin
v2merveilles17_imp_IR-felibien1668	louisxiv	le Roy
v2merveilles17_imp_IR-felibien1668	louisxiv	Elle
v2merveilles17_imp_IR-felibien1668	louisxiv	Prince
v2merveilles17_imp_IR-felibien1668	louisxiv	sa Majesté
v2merveilles17_imp_IR-felibien1668	louisxiv	elle
v2merveilles17_imp_IR-felibien1668	andre_felibien	Felibien
v2merveilles17_imp_IR-felibien1668	sebastien_mabre_cramoisy	Sebastien Mabre-Cramoisy
v2merveilles17_imp_gazette16680721	renaudot	Renaudot, Théophraste (1586-1653).
v2merveilles17_imp_gazette16680721	marie_therese	Leurs Majestez
v2merveilles17_imp_gazette16680721	louisxiv	Leurs Majestez
v2merveilles17_imp_gazette16680721	louis_grand_dauphin	Monseigneur le Dauphin
v2merveilles17_imp_gazette16680721	louis_grand_dauphin	Monsieur
v2merveilles17_imp_gazette16680721	marie_anne_baviere	Madame
v2merveilles17_imp_gazette16680721	louisxiv	Roy
v2merveilles17_imp_gazette16680721	marie_therese	Leurs Majestez
v2merveilles17_imp_gazette16680721	louisxiv	Leurs Majestez
v2merveilles17_imp_gazette16680721	bartolomeo_massei	Nonce du Pape
v2merveilles17_imp_gazette16680721		les Ambassadeurs
v2merveilles17_imp_gazette16680721		Cardinaux de Vendôme, & de Retz
v2merveilles17_imp_gazette16680721		Cardinaux de Vendôme, & de Retz
v2merveilles17_imp_gazette16680721	marie_therese	Leursdites Majestez
v2merveilles17_imp_gazette16680721	louisxiv	Leursdites Majestez
v2merveilles17_imp_gazette16680721	marie_therese	Leursdites Majestez
v2merveilles17_imp_gazette16680721	louisxiv	Leursdites Majestez
v2merveilles17_imp_gazette16680721		leurs Altesses Royales
v2merveilles17_imp_gazette16680721		les Ambassadeurs
v2merveilles17_imp_gazette16680721	marie_therese	Leurs Majestez
v2merveilles17_imp_gazette16680721	louisxiv	Leurs Majestez
v2merveilles17_imp_gazette16680721	louis_grand_dauphin	Monseigneur le Dauphin
v2merveilles17_imp_gazette16740706	???	{creator}
v2merveilles17_imp_gazette16740706	valfrey	P. Valfray
v2merveilles17_imp_gazette16740706	louisxiv	Majestez
v2merveilles17_imp_gazette16740706	marie_therese	Majestez
v2merveilles17_imp_gazette16740706	louis_grand_dauphin	Monseigneur le Dauphin
v2merveilles17_imp_gazette16740706	louisxiv	Monarque
v2merveilles17_imp_gazette16740706	???	Presidant Barentin
v2merveilles17_imp_gazette16740706	louisxiv	Majestez
v2merveilles17_imp_gazette16740706	marie_therese	Majestez
v2merveilles17_imp_gazette16740706	louis_grand_dauphin	Monseigneur le Dauphin
v2merveilles17_imp_gazette16740706	philippe_orleans	Monsieur
v2merveilles17_imp_gazette16740706	elisabeth-charlotte_baviere	Madame
v2merveilles17_imp_gazette16740706	louisxiv	Roy
v2merveilles17_imp_gazette16740713	???	Renaudot, Théophraste (1611-1672)
v2merveilles17_imp_gazette16740713	???	Nonce du Pape
v2merveilles17_imp_gazette16740713	???	Ambassadeur de Venise
v2merveilles17_imp_gazette16740713	louisxiv	Sa Majessté
v2merveilles17_imp_gazette16740713	nicolas-auguste_de_harlay_de_bonneuil	Sieur de Boneüil
v2merveilles17_imp_gazette16740713	louisxiv	Leurs Majesestez
v2merveilles17_imp_gazette16740713	marie_therese	Leurs Majesestez
v2merveilles17_imp_gazette16740713	louis_grand_dauphin	Monseigneur le Dauphin
v2merveilles17_imp_gazette16740713	philippe_orleans	Monsieur
v2merveilles17_imp_gazette16740713	elisabeth-charlotte_baviere	Madame
v2merveilles17_imp_gazette16740713	???	Chevalier de Clermont
v2merveilles17_imp_gazette16740713	henri_de_la_tour_d_auvergne	Vicomte de Turenne
v2merveilles17_imp_gazette16740713	louisxiv	Roy
v2merveilles17_imp_gazette16740713	louisxiv	Sa Majesté
v2merveilles17_imp_gazette16740713	???	Prince
v2merveilles17_imp_gazette16740713		Duc Charles de Lorraine
v2merveilles17_imp_gazette16740713	alexandre_bournonville	Prince de Bournonville
v2merveilles17_imp_gazette16740713	???	Comte Caprera
v2merveilles17_imp_gazette16740713	???	Sieur de la Milionniére
v2merveilles17_imp_gazette16740713	jh_durfort	Duc de Duras
v2merveilles17_imp_gazette16740713	louisxiv	Sadite Majesté
v2merveilles17_imp_gazette16740720	renaudot	Renaudot, Théophraste (1586-1653).
v2merveilles17_imp_gazette16740720	jacques_louis_de_beringhen	Marquis de Beringhen
v2merveilles17_imp_gazette16740720	louisxiv	Roy
v2merveilles17_imp_gazette16740720	louisxiv	Sa Majesté
v2merveilles17_imp_gazette16740720		Marquis de Beringhen son frére
v2merveilles17_imp_gazette16740720	louisxiv	Roy
v2merveilles17_imp_gazette16740720		l’Abbé Fléchier
v2merveilles17_imp_gazette16740720	louisxiv	Sa Majessté
v2merveilles17_imp_gazette16740720	marie_therese	Leurs Majestez
v2merveilles17_imp_gazette16740720	louisxiv	Leurs Majestez
v2merveilles17_imp_gazette16740720	louis_grand_dauphin	Monseigneur le Dauphin
v2merveilles17_imp_gazette16740720	louis_grand_dauphin	Monsieur
v2merveilles17_imp_gazette16740720	marie_anne_baviere	Madame
v2merveilles17_imp_gazette16740720	louisxiv	Roy
v2merveilles17_imp_gazette16740824	???	Renaudot, Théophraste (1611-1672)
v2merveilles17_imp_gazette16740824	louisxiv	Roy
v2merveilles17_imp_gazette16740824	???	Marquis Salvago
v2merveilles17_imp_gazette16740824	nicolas-auguste_de_harlay_de_bonneuil	sieur de Bonneüil
v2merveilles17_imp_gazette16740824	???	sieur de Gourville
v2merveilles17_imp_gazette16740824	louis_ii_bourbon_conde	Prince de Condé
v2merveilles17_imp_gazette16740824	louisxiv	Sa Majesté
v2merveilles17_imp_gazette16740824	louis_ii_bourbon_conde	Prince
v2merveilles17_imp_gazette16740824	???	Piquet
v2merveilles17_imp_gazette16740824	???	Troisdames
v2merveilles17_imp_gazette16740824	louisxiv	Roy
v2merveilles17_imp_gazette16740824	louisxiv	Leurs Majestez
v2merveilles17_imp_gazette16740824	marie_therese	Leurs Majestez
v2merveilles17_imp_gazette16740824	louis_grand_dauphin	Monseigneur le Dauphin
v2merveilles17_imp_gazette16740824	philippe_orleans	Monsieur
v2merveilles17_imp_gazette16740824	racine	Racine
v2merveilles17_imp_gazette16740824	louisxiv	Roy
v2merveilles17_imp_gazette16740824	elisabeth-charlotte_baviere	Madame
v2merveilles17_imp_gazette16740824	philippe_orleans_regent	Monsieur le Duc de Chartres
v2merveilles17_imp_gazette16740907	renaudotfils	Renaudot, Eusèbe (1613-1679).
v2merveilles17_imp_gazette16740907	louisxiv	Le Roy,
v2merveilles17_imp_gazette16740907	marie_therese	la Reyne,
v2merveilles17_imp_marigny1664		Marigny, Jacques Carpentier de (1615, 1673)
v2merveilles17_imp_marigny1664	louisxiv	Roy
v2merveilles17_imp_marigny1664	marie_therese	Reines
v2merveilles17_imp_marigny1664	anne_d_autriche	Reines
v2merveilles17_imp_marigny1664		CHARLES DE SERCY
v2merveilles17_imp_marigny1664	louisxiv	Roy
v2merveilles17_imp_marigny1664	colbert	Monsieur Colbert
v2merveilles17_imp_marigny1664	louisxiv	Roy
v2merveilles17_imp_marigny1664	louisxiv	Sa Majesté
v2merveilles17_imp_marigny1664	françois_michel_le_tellier_de_louvoy	Monsieur le Tellier
v2merveilles17_imp_marigny1664		Monsieur de Lyonne
v2merveilles17_imp_marigny1664	louisxiv	Roy
v2merveilles17_imp_marigny1664	louisxiv	Roy
v2merveilles17_imp_marigny1664	marie_therese	Reines
v2merveilles17_imp_marigny1664	anne_d_autriche	Reines
v2merveilles17_imp_marigny1664	louisxiv	Roy
v2merveilles17_imp_marigny1664	louisxiv	Sa Majesté
v2merveilles17_imp_marigny1664	marie_therese	les Reines
v2merveilles17_imp_marigny1664	anne_d_autriche	les Reines
v2merveilles17_imp_marigny1664	louisxiv	Roy
v2merveilles17_imp_marigny1664	louisxiv	Roy
v2merveilles17_imp_marigny1664	louisxiv	Roy
v2merveilles17_imp_marigny1664		Milet
v2merveilles17_imp_marigny1664		Milet
v2merveilles17_imp_marigny1664	moliere	Moliere
v2merveilles17_imp_marigny1664	marie_therese	les Reines
v2merveilles17_imp_marigny1664		grand Soyecour
v2merveilles17_imp_marigny1664	henri_ii_de_guise	Monsieur le Duc de Guise
v2merveilles17_imp_marigny1664	jf_de_labaume	Marquis de la Valiere
v2merveilles17_imp_marigny1664	anne_d_autriche	Reine Mere
v2merveilles17_imp_marigny1664	jf_de_labaume	Marquis de la Valiere
v2merveilles17_imp_marigny1664	anne_d_autriche	Sa Majesté 
v2merveilles17_imp_marigny1664	lully	Lully
v2merveilles17_imp_marigny1664	marie_therese	Reines
v2merveilles17_imp_marigny1664	anne_d_autriche	Reines
v2merveilles17_imp_marigny1664	marie_therese	Reines
v2merveilles17_imp_marigny1664	anne_d_autriche	Reines
v2merveilles17_imp_marigny1664	marie_therese	Reine
v2merveilles17_imp_marigny1664		Controlleurs
v2merveilles17_imp_marigny1664	louisxiv	Roy
v2merveilles17_imp_marigny1664	louisxiv	leurs Majestez
v2merveilles17_imp_marigny1664	marie_therese	leurs Majestez
v2merveilles17_imp_marigny1664	louisxiv	Roy
v2merveilles17_imp_marigny1664	moliere	Moliere
v2merveilles17_imp_marigny1664	lully	Lully
v2merveilles17_imp_marigny1664	louisxiv	Roy 
v2merveilles17_imp_marigny1664	louisxiv	leurs Majestez
v2merveilles17_imp_marigny1664	marie_therese	leurs Majestez
v2merveilles17_imp_marigny1664	vigarani	Bigarrani
v2merveilles17_imp_marigny1664	saint_aignan	Monsieur le Duc de Sainct Aignan
v2merveilles17_imp_marigny1664	antoine_iii_de_gramont	Monsieur le Mareschal de Gramont
v2merveilles17_imp_marigny1664		principaux Officiers
v2merveilles17_imp_marigny1664	antoine_iii_de_gramont	Mareschal
v2merveilles17_imp_marigny1664	louisxiv	Le Roy
v2merveilles17_imp_marigny1664	marie_therese	les Reines
v2merveilles17_imp_marigny1664	anne_d_autriche	les Reines
v2merveilles17_imp_marigny1664	armand_du_cambout	Duc de Coaslin
v2merveilles17_imp_marigny1664	marie_therese	la Reine
v2merveilles17_imp_marigny1664	marie_therese	sa Majesté
v2merveilles17_imp_marigny1664	marie_therese	cette adorable Reine
v2merveilles17_imp_marigny1664	marie_therese	cette Souveraine
v2merveilles17_imp_marigny1664	louis_grand_dauphin	Daufin
v2merveilles17_imp_marigny1664	louisxiv	Roy
v2merveilles17_imp_marigny1664	louisxiv	Roy
v2merveilles17_imp_marigny1664	louisxiv	Roy
v2merveilles17_imp_marigny1664	louisxiv	un Monarque si parfaict
v2merveilles17_imp_marigny1664	louisxiv	LOUIS
v2merveilles17_imp_marigny1664		MARIGNY
v2merveilles17_imp_marigny1664	louisxiv	Roy
v2merveilles17_imp_marigny1664	louisxiv	Roy
v2merveilles17_imp_marigny1664		BOUCHARD
v2merveilles17_imp_marigny1664	imprimeur	CHARLES DE SERCY
v2merveilles17_imp_marigny1664	imprimeur	de Sercy
v2merveilles17_imp_marigny1664	imprimeur	Claude Barbin
v2merveilles17_imp_moliere1668	moliere	Molière, Poquelin Jean-Baptiste, dit (1622 – 1673) [attribution]
v2merveilles17_imp_moliere1668		ROBERT BALLARD
v2merveilles17_imp_moliere1668	louisxiv	Roy
v2merveilles17_imp_moliere1668	louisxiv	sa Majesté
v2merveilles17_imp_moliere1668	louisxiv	Prince des François
v2merveilles17_imp_moliere1668	louisxiv	LOUIS
v2merveilles17_imp_moliere1668	louisxiv	ROY
v2merveilles17_imp_moliere1668	louisxiv	digne Monarque
v2merveilles17_imp_moliere1668	moliere	Un de nos beaux esprits
v2merveilles17_imp_moliere1668	moliere	Moliere
v2merveilles17_imp_moliere1668	louisxiv	Roy
v2merveilles17_imp_moliere1668	lully	Lully
v2merveilles17_imp_moliere1668	louisxiv	le Roy
v2merveilles17_imp_moliere1668	beauchamp	Beauchamp
v2merveilles17_imp_moliere1668	saint_andre	S. André>
v2merveilles17_imp_moliere1668	la_pierre	la Pierre
v2merveilles17_imp_moliere1668	favier	Favier
v2merveilles17_imp_moliere1668	descouteaux	Descouteaux
v2merveilles17_imp_moliere1668	philbert	Philbert
v2merveilles17_imp_moliere1668	jean_hottere	Jean
v2merveilles17_imp_moliere1668	martin_hottere	Martin Hottere
v2merveilles17_imp_moliere1668	hilaire_dupuis	Madlle Hylaire
v2merveilles17_imp_moliere1668	mlle_de_froteaux	Madlle Des Fronteaux
v2merveilles17_imp_moliere1668	simon_blondel	Blondel
v2merveilles17_imp_moliere1668	jean_gaye	Gaye
v2merveilles17_imp_moliere1668	jouan	Joüan
v2merveilles17_imp_moliere1668	beauchamp	Beauchamp
v2merveilles17_imp_moliere1668	chicanneau	Chicanneau
v2merveilles17_imp_moliere1668	favier	Favier
v2merveilles17_imp_moliere1668	noblet	Noblet
v2merveilles17_imp_moliere1668	mayeu	Mayeu
v2merveilles17_imp_moliere1668	chicanneau	Chicanneau
v2merveilles17_imp_moliere1668	saint_andre	S. André
v2merveilles17_imp_moliere1668	la_pierre	la Pierre
v2merveilles17_imp_moliere1668	favier	Favier
v2merveilles17_imp_moliere1668	bonard	Bonard
v2merveilles17_imp_moliere1668	arnald	Arnald
v2merveilles17_imp_moliere1668	noblet	Noblet
v2merveilles17_imp_moliere1668	foignard	Foignard
v2merveilles17_imp_moliere1668	estival	d’Estival
v2merveilles17_imp_moliere1668	beauchamp	Beauchamp
v2merveilles17_imp_moliere1668	dolivet	Dolivet
v2merveilles17_imp_moliere1668	chicanneau	Chicanneau
v2merveilles17_imp_moliere1668	mayeu	Mayeu
v2merveilles17_imp_moliere1668	manceau	Mançeau
v2merveilles17_imp_moliere1668	louisxiv	le Roy
v2merveilles17_imp_moliere1668	pesan	Pesan
v2merveilles17_imp_moliere1668	gingan	Gingan
v2merveilles17_imp_moliere1668	le_gros	Le Gros
v2merveilles17_imp_moliere1668		Herbert
v2merveilles17_imp_moliere1668	petit_beaumont	Beaumont
v2merveilles17_imp_moliere1668	louisriccoboni	Boni
v2merveilles17_imp_moliere1668		Fernon le Cadet
v2merveilles17_imp_moliere1668		Rebel
v2merveilles17_imp_moliere1668	gingan	Gingan le Cadet
v2merveilles17_imp_moliere1668		Longüeil
v2merveilles17_imp_moliere1668		Cottereau
v2merveilles17_imp_moliere1668		Jeannot
v2merveilles17_imp_moliere1668		Laigu
v2merveilles17_imp_moliere1668		Piesche Pere
v2merveilles17_imp_moliere1668		Piesche fils
v2merveilles17_imp_moliere1668	destouches	Destouche
v2merveilles17_imp_moliere1668	la_caisse	La Caisse Cadet
v2merveilles17_imp_moliere1668	marchand	Marchand
v2merveilles17_imp_moliere1668	huguenet	Huguenet
v2merveilles17_imp_moliere1668	la_caisse	La Caisse Cadet
v2merveilles17_imp_moliere1668	la_fontaine	La Fontaine
v2merveilles17_imp_moliere1668	charlot	Charlot
v2merveilles17_imp_moliere1668		Martinot Pere
v2merveilles17_imp_moliere1668		Martinot fils
v2merveilles17_imp_moliere1668	le_roux_aine	Le Roux, laisné
v2merveilles17_imp_moliere1668	le_roux_cadet	Le Roux Cadet
v2merveilles17_imp_moliere1668		Guenin
v2merveilles17_imp_moliere1668	le_grais	Le Grais
v2merveilles17_imp_moliere1668		Brüard
v2merveilles17_imp_moliere1668	roulle	Roullé
v2merveilles17_imp_moliere1668	magny	Magny
v2merveilles17_imp_moliere1668		Chevallier
v2merveilles17_imp_moliere1668		Hedoüin
v2merveilles17_imp_moliere1668	louis_don	Dom
v2merveilles17_imp_moliere1668		Fernon Laisné
v2merveilles17_imp_moliere1668		Deschamps
v2merveilles17_imp_moliere1668		Orat
v2merveilles17_imp_moliere1668	du_pron	David
v2merveilles17_imp_moliere1668		Monier
v2merveilles17_imp_moliere1668		Serignan
v2merveilles17_imp_moliere1668		Sanson
v2merveilles17_imp_moliere1668		Oudot
v2merveilles17_imp_moliere1668	simon_blondel	Simon
v2merveilles17_imp_moliere1668		Thiery
v2merveilles17_imp_moliere1668		Truslon
v2merveilles17_imp_moliere1668		Augé
v2merveilles17_imp_moliere1668	jean_hottere	Jean
v2merveilles17_imp_moliere1668	louis_hottere	Louys
v2merveilles17_imp_moliere1668	nicolas_hottere	Nicolas
v2merveilles17_imp_moliere1668	martin_hottere	Martin
v2merveilles17_imp_moliere1668	du_manoir	Dumanoir
v2merveilles17_imp_moliere1668	mazuel	Mazuel
v2merveilles17_imp_moliere1668	chaudron	Chauderon
v2merveilles17_imp_moliere1668	favier	Favier
v2merveilles17_imp_moliere1668	???	Bruslard
v2merveilles17_imp_moliere1668	balus	Balus
v2merveilles17_imp_moliere1668	des_matins	Des-Matins
v2merveilles17_imp_moliere1668	feugre	Feugré
v2merveilles17_imp_moliere1668		Du Pain
v2merveilles17_imp_moliere1668		L’Espine
v2merveilles17_imp_moliere1668	camille	Camille
v2merveilles17_imp_moliere1668		Bernard
v2merveilles17_imp_moliere1668		Bruslard
v2merveilles17_imp_moliere1668	des_noyers	Desnoyers
v2merveilles17_imp_moliere1668		S. Pere
v2merveilles17_imp_moliere1668	varin	Varin
v2merveilles17_imp_moliere1668	mercier	Mercier
v2merveilles17_imp_moliere1668		Chevalier
v2merveilles17_imp_moliere1668	joubert	Joubert
v2merveilles17_imp_moliere1668	la_place	La Place
v2merveilles17_imp_moliere1668		Fossart
v2merveilles17_imp_moliere1668		Lique
v2merveilles17_imp_montigny1668	jean_de_montigny	Jean de Montigny
v2merveilles17_imp_montigny1668	???	STENCKER, Jean []
v2merveilles17_imp_montigny1668	???	STENCKER, Daniel []
v2merveilles17_imp_montigny1668	???	Marquis de la Füente
v2merveilles17_imp_montigny1668	marie_therese	Reyne
v2merveilles17_imp_montigny1668	???	
v2merveilles17_imp_montigny1668	louisxiv	Roy
v2merveilles17_imp_montigny1668	louisxiv	Majesté
v2merveilles17_imp_montigny1668	???	Duc de Monmoulth
v2merveilles17_imp_montigny1668	louisxiv	Roy
v2merveilles17_imp_montigny1668	louisxiv	Roy
v2merveilles17_imp_montigny1668	louisxiv	la famille Royalle
v2merveilles17_imp_montigny1668	marie_therese	la famille Royalle
v2merveilles17_imp_montigny1668	philippe_orleans	la famille Royalle
v2merveilles17_imp_montigny1668	elisabeth-charlotte_baviere	la famille Royalle
v2merveilles17_imp_montigny1668	louis_grand_dauphin	la famille Royalle
v2merveilles17_imp_montigny1668	marie_therese	Reyne
v2merveilles17_imp_montigny1668	???	Monsieur
v2merveilles17_imp_montigny1668	???	Monsieur
v2merveilles17_imp_montigny1668	louisxiv	Majesté
v2merveilles17_imp_montigny1668	louisxiv	la magnificence du Maistre
v2merveilles17_imp_montigny1668	louisxiv	Roy
v2merveilles17_imp_montigny1668	louisxiv	Majesté
v2merveilles17_imp_montigny1668	marie_therese	Reyne
v2merveilles17_imp_montigny1668		Princesses du sang.
v2merveilles17_imp_montigny1668	olympe_mancini_soissons	Madame la Comtesse de Soissons.
v2merveilles17_imp_montigny1668	louise_savoie_bade	Madame la Princesse de Baden.
v2merveilles17_imp_montigny1668	julie_montausier	Madame la Duchesse de Montausier
v2merveilles17_imp_montigny1668	lansac_crequi	Madame la Duchesse de Crequy.
v2merveilles17_imp_montigny1668	anne_de_la_mothe_houdancourt	Madame la Mareschalle de la Motte.
v2merveilles17_imp_montigny1668	chatre_humieres	Madame la Mareschalle d’Humieres.
v2merveilles17_imp_montigny1668	marechale_de_bellefond	Madame la Mareschalle de Bellefonds.
v2merveilles17_imp_montigny1668	beauvilliers_bethune	Madame la Comtesse de Betune.
v2merveilles17_imp_montigny1668	???	Amy de la magnificence
v2merveilles17_imp_montigny1668	louisxiv	Majestés
v2merveilles17_imp_montigny1668	marie-therese	Majestés
v2merveilles17_imp_montigny1668	???	Monsieur
v2merveilles17_imp_montigny1668	louisxiv	Roy
v2merveilles17_imp_montigny1668	???	Monsieur
v2merveilles17_imp_montigny1668		Musiciens
v2merveilles17_imp_montigny1668	louisxiv	Majestés
v2merveilles17_imp_montigny1668	marie_therese	Majestés
v2merveilles17_imp_montigny1668	???	Monsieur
v2merveilles17_imp_montigny1668	louisxiv	Roy
v2merveilles17_imp_montigny1668	louisxiv	Majesté
v2merveilles17_imp_montigny1668		Monsieur
v2merveilles17_imp_montigny1668	???	Monsieur
v2merveilles17_imp_montigny1668	louisxiv	Majesté
v2merveilles17_imp_montigny1668	louisxiv	ROY
v2merveilles17_imp_montigny1668	???	
v2merveilles17_imp_montigny1668	???	Madame la Duchesse d’Elbeuf
v2merveilles17_imp_montigny1668	marie_lorraine_elbeuf	Mademoiselle d’Elbeuf
v2merveilles17_imp_montigny1668	marie_nemours	Madame la Duchesse de Nemours.
v2merveilles17_imp_montigny1668	???	Madame la Princesse de Mecklebourg.
v2merveilles17_imp_montigny1668	duchesse_de_virtemberg	Madame
v2merveilles17_imp_montigny1668	fille_virtemberg	Mademoiselle de Virtemberg.
v2merveilles17_imp_montigny1668	???	Madame la Duchesse de Boüillon.
v2merveilles17_imp_montigny1668	???	Madame la Princesse de Monaco.
v2merveilles17_imp_montigny1668	???	Madame la Duchesse de Saint Simon.
v2merveilles17_imp_montigny1668	anne_de_richelieu	Madame la Duchesse de Richelieu.
v2merveilles17_imp_montigny1668	louise_la_valliere	Madame la Duchesse de la Valliere.
v2merveilles17_imp_montigny1668	???	Madame la Duchesse de Vitry.
v2merveilles17_imp_montigny1668	???	Madame la Mareschalle de Villeroy.
v2merveilles17_imp_montigny1668	marechale_de_la_ferte	Madame la Mareschalle de la Fierté.
v2merveilles17_imp_montigny1668	marechale_de_clerembaut	Madame la Mareschalle de Clerambault.
v2merveilles17_imp_montigny1668	marechale_de_grancey	Madame la Mareschalle de Grancey.
v2merveilles17_imp_montigny1668	marechale_de_l_hospital	Madame la Mareschalle de l’Hospital.
v2merveilles17_imp_montigny1668	???	Madame la grande Mareschalle de Pologne.
v2merveilles17_imp_montigny1668	duchesse_de_richemont	Madame la Duchesse de Richemont.
v2merveilles17_imp_montigny1668	???	Madame la Marquise de Villeroy.
v2merveilles17_imp_montigny1668	louise_la_valliere	Madame la Marquise de la Valliere.
v2merveilles17_imp_montigny1668	marquise_de_castelnau	Madame la Marquise de Castelnau.
v2merveilles17_imp_montigny1668	gilonne_d_harcourt	Madame la Comtesse de Fiesque.
v2merveilles17_imp_montigny1668	madame_de_broglio	Madame de Broglio.
v2merveilles17_imp_montigny1668	marie_brancas	Madame de Brancus.
v2merveilles17_imp_montigny1668	comtesse_de_louvigny	Madame de Louvigny.
v2merveilles17_imp_montigny1668	sybille_de_comminge	Madame de Comminge.
v2merveilles17_imp_montigny1668	mlle_de_fiennes	Madame de Fienne.
v2merveilles17_imp_montigny1668	???	Madame de Maré.
v2merveilles17_imp_montigny1668	???	Mademoiselle de Mannicamp.
v2merveilles17_imp_montigny1668	madame_de_la_fayette	Madame de la Fayette.
v2merveilles17_imp_montigny1668	mme_de_sevigne	Madame et Mademoiselle de Sevigny.
v2merveilles17_imp_montigny1668	francoise_de_sevigne_grignan	Madame et Mademoiselle de Sevigny.
v2merveilles17_imp_montigny1668	???	Madame de Thiange.
v2merveilles17_imp_montigny1668	???	Mademoiselle de Tresmes.
v2merveilles17_imp_montigny1668	???	Madame de Vallavoir.
v2merveilles17_imp_montigny1668	???	Madame d’Avaux.
v2merveilles17_imp_montigny1668	marie_de_bailleul	
v2merveilles17_imp_montigny1668	madame_de_bordeaux	Madame de Bordeaux.
v2merveilles17_imp_montigny1668	suzanne_bignon	Madame de Bignon.
v2merveilles17_imp_montigny1668	madame_de_bonnelle	Madame de Bonnelle.
v2merveilles17_imp_montigny1668	???	Madame de Goulange.
v2merveilles17_imp_montigny1668	???	Madame de Villeucest.
v2merveilles17_imp_montigny1668	madame_de_fieubet	Madame de Fieubet.
v2merveilles17_imp_montigny1668	madame_de_fontenay_hotman	Madame de Fontenay Ortemant.
v2merveilles17_imp_montigny1668	???	Madame de Hamraux.
v2merveilles17_imp_montigny1668	???	Madame Daubary.
v2merveilles17_imp_montigny1668	marie_therese	REYNE
v2merveilles17_imp_montigny1668	elisabeth-charlotte_baviere	Madame la Duchesse d’Orleans.
v2merveilles17_imp_montigny1668	elisabeth_charlotte_dorleans	Mademoiselle sa Fille.
v2merveilles17_imp_montigny1668	elisabeth_orleans_alencon	Madame la Duchesse de Guise.
v2merveilles17_imp_montigny1668	maille_breze_conde	Madame la Princesse.
v2merveilles17_imp_montigny1668	marie_victoire_savoie	Madame la Princesse de Carignan.
v2merveilles17_imp_montigny1668	olympe_mancini_soissons	la Comtesse de Soissons.
v2merveilles17_imp_montigny1668	???	Madame la Comtesse d’Auvergne.
v2merveilles17_imp_montigny1668	???	Madame la Duchesse de Duras.
v2merveilles17_imp_montigny1668	???	Mademoiselle de Duras.
v2merveilles17_imp_montigny1668	???	Madame Daluy.
v2merveilles17_imp_montigny1668	???	Madame de Flavacour.
v2merveilles17_imp_montigny1668	???	Madame de Sourdy.
v2merveilles17_imp_montigny1668	???	Madame & Mademoiselle Doradou.
v2merveilles17_imp_montigny1668	???	Madame de Herjan.
v2merveilles17_imp_montigny1668	louise_savoie_bade	la Princesse de Baden.
v2merveilles17_imp_montigny1668	???	Madame la Princesse de Soubize.
v2merveilles17_imp_montigny1668	???	Madame la Duchesse de Cheureuse.
v2merveilles17_imp_montigny1668	???	Madame Colbert.
v2merveilles17_imp_montigny1668	???	Madame Colbert l’Ambassadrice d’Angleterre.
v2merveilles17_imp_montigny1668	???	Madame de Piennes.
v2merveilles17_imp_montigny1668	???	Madame de Démarest.
v2merveilles17_imp_montigny1668	???	Madame de Saumery.
v2merveilles17_imp_montigny1668	???	Madame de Monbron.
v2merveilles17_imp_montigny1668	???	Madame de Jonsac.
v2merveilles17_imp_montigny1668	???	Madame de Nerestan.
v2merveilles17_imp_montigny1668	???	Mademoiselle de Lavnay.
v2merveilles17_imp_montigny1668	???	Madame & Mademoiselle de Saint Maurice, Ambessadrice de Savoye.
v2merveilles17_imp_montigny1668	???	Madame de Refuge.
v2merveilles17_imp_montigny1668	???	Mademoiselle de Fontaines.
v2merveilles17_imp_montigny1668	???	Madame la Comtesse de Roye.
v2merveilles17_imp_montigny1668	???	Madame de Saint Martin.
v2merveilles17_imp_montigny1668	julie_montausier	Montauzier.
v2merveilles17_imp_montigny1668	???	Madame la Princesse d’Harcourt.
v2merveilles17_imp_montigny1668	arieisabelle_rohan	Madame la Duchesse de Rohan.
v2merveilles17_imp_montigny1668	???	Madame la Contesse de Crussol.
v2merveilles17_imp_montigny1668	madame_montespan	Madame de Montespan.
v2merveilles17_imp_montigny1668	???	Madame de Sauvour.
v2merveilles17_imp_montigny1668	???	Madame de de Froulé.
v2merveilles17_imp_montigny1668	???	Madame du Rouvroy.
v2merveilles17_imp_montigny1668	???	Mademoiselle de Cocttogon.
v2merveilles17_imp_montigny1668	???	Mademoiselle de Longueval.
v2merveilles17_imp_montigny1668	???	Mademoiselle de saint Gellais.
v2merveilles17_imp_montigny1668	???	Mademoiselle de la Marq.
v2merveilles17_imp_montigny1668	???	Madame la Marquise de Crussol.
v2merveilles17_imp_montigny1668	???	Madame Dudicourt.
v2merveilles17_imp_montigny1668	???	Madame de Nogent.
v2merveilles17_imp_montigny1668	???	Mademoiselle d’Aucourt.
v2merveilles17_imp_montigny1668	???	Mademoiselle de Fauseuse.
v2merveilles17_imp_montigny1668	???	Madame de la Marquise de Roquelavre.
v2merveilles17_imp_montigny1668	???	Madame la Comtesse du Plessis.
v2merveilles17_imp_montigny1668	???	Mademoiselle Chabot.
v2merveilles17_imp_montigny1668	???	Mademoiselle du Bellay.
v2merveilles17_imp_montigny1668	???	Madame du Ludes.
v2merveilles17_imp_montigny1668	???	Madame Sanguin.
v2merveilles17_imp_montigny1668	???	Mademoiselle de Sourdy.
v2merveilles17_imp_montigny1668	???	Mademoiselle du Coudray.
v2merveilles17_imp_montigny1668	???	Madame de Mirepoix.
v2merveilles17_imp_montigny1668	???	Madame & Mademoiselle de Rarré.
v2merveilles17_imp_montigny1668	???	Mademoiselle de Scudery.
v2merveilles17_imp_montigny1668	françoise_d_aubigne	Madame Scaron.
v2merveilles17_imp_montigny1668	???	Madame Marsé.
v2merveilles17_imp_montigny1668	???	Madame de Beaumelets.
v2merveilles17_imp_montigny1668	???	Madame de Bretonvilliers.
v2merveilles17_imp_montigny1668	???	Madame Tallemant.
v2merveilles17_imp_montigny1668	???	Madame de Verneuil.
v2merveilles17_imp_montigny1668	???	Madame de Vaux.
v2merveilles17_imp_montigny1668	anne_de_la_mothe_houdancourt	la Mareschalle de la Motte.
v2merveilles17_imp_montigny1668	???	Madame la Princesse d’Espinoy.
v2merveilles17_imp_montigny1668		Madame la Mareschalle du Plessis.
v2merveilles17_imp_montigny1668	???	Madame la Comtesse de Grammont.
v2merveilles17_imp_montigny1668	???	Madame la Marquise de Coasquin.
v2merveilles17_imp_montigny1668	???	Mademoiselle de Toussy.
v2merveilles17_imp_montigny1668	mariannehelenedelamotte	Mademoiselle de la Motte.
v2merveilles17_imp_montigny1668	???	Madame de Perigny.
v2merveilles17_imp_montigny1668	???	Madame de Marillac.
v2merveilles17_imp_montigny1668	???	Mademoiselle de Roquelaure.
v2merveilles17_imp_montigny1668	???	Mademoiselle de Richelieu.
v2merveilles17_imp_montigny1668	???	Mademoiselle Govesleau.
v2merveilles17_imp_montigny1668	???	Mademoiselle de Brogle.
v2merveilles17_imp_montigny1668	???	Madame du Frenoy.
v2merveilles17_imp_montigny1668	???	Madame de Morainsan.
v2merveilles17_imp_montigny1668	???	Madame Ricoüart.
v2merveilles17_imp_montigny1668	???	Madame de Dreux.
v2merveilles17_imp_montigny1668	lansac_crequi	la Duchesse de Crequi.
v2merveilles17_imp_montigny1668		Madame la Princesse de Coaslin.
v2merveilles17_imp_montigny1668		Madame du Rovre.
v2merveilles17_imp_montigny1668		Madame & Mademoiselle Doually.
v2merveilles17_imp_montigny1668		Madame de Sourche.
v2merveilles17_imp_montigny1668		Madame de la Falure.
v2merveilles17_imp_montigny1668		Mademoiselle de la Mallemaison.
v2merveilles17_imp_montigny1668		Madame & Mademoiselle de Bouts.
v2merveilles17_imp_montigny1668		Madame & Mademoiselle de Saintot.
v2merveilles17_imp_montigny1668		Madame & Mademoiselle de Maillot.
v2merveilles17_imp_montigny1668		Mademoiselle de Syran.
v2merveilles17_imp_montigny1668		Madame Desraux.
v2merveilles17_imp_montigny1668	chatre_humieres	la Mareschalle d’Humieres.
v2merveilles17_imp_montigny1668	???	Madame de Rembures.
v2merveilles17_imp_montigny1668	???	Madame la Comtesse d’Olonne.
v2merveilles17_imp_montigny1668	???	Mademoiselle Faber.
v2merveilles17_imp_montigny1668	???	Madame Laré.
v2merveilles17_imp_montigny1668	???	Madame de Forcourt.
v2merveilles17_imp_montigny1668	???	Madame & Mademoiselle de Saint Mesme.
v2merveilles17_imp_montigny1668	???	Mademoiselle de l’Hospital.
v2merveilles17_imp_montigny1668	???	Mademoiselle de Sales.
v2merveilles17_imp_montigny1668	???	Mademoiselle de Bussi Lamet.
v2merveilles17_imp_montigny1668	???	Madame de Saint Lou.
v2merveilles17_imp_montigny1668	???	Madame de Chauvry.
v2merveilles17_imp_montigny1668	marechale_de_bellefond	la Mareschalle de Bellefonds.
v2merveilles17_imp_montigny1668	???	Madame la Marquise de Villars.
v2merveilles17_imp_montigny1668	???	Madame de Rosmade.
v2merveilles17_imp_montigny1668	???	Madame de Chastel.
v2merveilles17_imp_montigny1668	???	Madame de la Boulaye.
v2merveilles17_imp_montigny1668	???	Mademoiselle de Beauté.
v2merveilles17_imp_montigny1668	???	Madame de Bauchel.
v2merveilles17_imp_montigny1668	???	Mademoiselle de Kerfily.
v2merveilles17_imp_montigny1668	???	Madame & Mademoiselle de Villeregy.
v2merveilles17_imp_montigny1668	???	Madame de Saint Gilles.
v2merveilles17_imp_montigny1668	???	Madame & Mademoiselle de Beringhen.
v2merveilles17_imp_montigny1668	???	Madame de Grieux.
v2merveilles17_imp_montigny1668	???	Madame de Granges.
v2merveilles17_imp_montigny1668	???	Mademoiselle de Minuer.
v2merveilles17_imp_montigny1668	???	Mademoiselle d’Aquest.
v2merveilles17_imp_montigny1668	???	Madame Benoist.
v2merveilles17_imp_montigny1668	???	Madame & Mademoiselle de la Fuie.
v2merveilles17_imp_montigny1668	???	Madame de Bechamel.
v2merveilles17_imp_montigny1668	???	Madame le Camus.
v2merveilles17_imp_montigny1668	???	Mademoiselle Serrat.
v2merveilles17_imp_montigny1668	???	Mademoiselle de la Martinere.
v2merveilles17_imp_montigny1668	???	Madame de Pirut.
v2merveilles17_imp_montigny1668	???	Madame de Kergré.
v2merveilles17_imp_montigny1668	???	Mademoiselle de Canillac.
v2merveilles17_imp_montigny1668	???	Madame Perrault.
v2merveilles17_imp_montigny1668	???	Madame de Pluvaux.
v2merveilles17_imp_montigny1668	???	Madame de Joyac.
v2merveilles17_imp_montigny1668	???	Madame Buar.
v2merveilles17_imp_montigny1668	???	Madame Galland.
v2merveilles17_imp_montigny1668	???	Madame de Laitre.
v2merveilles17_imp_montigny1668	???	Madame de Maistre.
v2merveilles17_imp_montigny1668	???	Madame du Sel.
v2merveilles17_imp_montigny1668	???	Mademoiselle du Boülley Favie.
v2merveilles17_imp_montigny1668	???	Madame Brault.
v2merveilles17_imp_montigny1668	beauvilliers_bethune	la Comtesse de Betbume.
v2merveilles17_imp_montigny1668	???	Madame la Duchesse de Saint Agnan.
v2merveilles17_imp_montigny1668	???	Mademoiselle de Saint Agnan
v2merveilles17_imp_montigny1668	???	Madame de Rouville.
v2merveilles17_imp_montigny1668	???	Madame la Contesse de Bethume.
v2merveilles17_imp_montigny1668	???	Madame de la Despoisse.
v2merveilles17_imp_montigny1668	???	Mademoiselle de Chavigny.
v2merveilles17_imp_montigny1668	???	Mademoiselle Danguien.
v2merveilles17_imp_montigny1668	???	Madame la Comtesse de Guiche.
v2merveilles17_imp_montigny1668	???	Madame de Senais.
v2merveilles17_imp_montigny1668	???	Madame de Saint Martin.
v2merveilles17_imp_montigny1668	???	Madame Piçon.
v2merveilles17_imp_montigny1668	???	Madame Daquin.
v2merveilles17_imp_montigny1668	???	Madame de Monceaux.
v2merveilles17_imp_montigny1668	???	Mademoiselle Dorgeval.
v2merveilles17_imp_montigny1668	???	Madame Desembre.
v2merveilles17_imp_montigny1668	???	Madame de la Voche. &c.
v2merveilles17_imp_robinet16680721	???	Robinet, Charles (1608?-1698)
v2merveilles17_imp_robinet16680721	de_beaujeu	M. de Beaujeu, (1665-1674)
v2merveilles17_imp_robinet16680721	henriette_anne_angleterre	MADAME
v2merveilles17_imp_robinet16680721	henriette_anne_angleterre	MADAME
v2merveilles17_imp_robinet16680721	louisxiv	Du plus grand des Enfans des Dieux,
v2merveilles17_imp_robinet16680721	henriette_anne_angleterre	Princesse
v2merveilles17_imp_robinet16680721	henriette_anne_angleterre	Altesse
v2merveilles17_imp_robinet16680721	louisxiv	LOUIS
v2merveilles17_imp_robinet16680721		artistes
v2merveilles17_imp_robinet16680721	louisxiv	LOUIS
v2merveilles17_imp_robinet16680721	louisxiv	Majestez de France
v2merveilles17_imp_robinet16680721	marie_therese	Majestez de France
v2merveilles17_imp_robinet16680721		la royale Compagnie,
v2merveilles17_imp_robinet16680721	marie_therese	REINE
v2merveilles17_imp_robinet16680721	henriette_anne_angleterre	MADAME
v2merveilles17_imp_robinet16680721	moliere	Moliére
v2merveilles17_imp_robinet16680721		Troupe
v2merveilles17_imp_robinet16680721	??	C. Chenaulr
v2merveilles17_imp_robinet16680721	lully	Sieur Luli- Batiste
v2merveilles17_imp_robinet16680721	moliere	Moliére
v2merveilles17_imp_robinet16680721	ballard	Sieur Ballard
v2merveilles17_imp_robinet16680721		Acteurs
v2merveilles17_imp_robinet16680721		Baladins
v2merveilles17_imp_robinet16680721		Chanteurs
v2merveilles17_imp_robinet16680721		troupe
v2merveilles17_imp_robinet16680721	louisxiv	Roy
v2merveilles17_imp_robinet16680721	louisxiv	ROY
v2merveilles17_imp_robinet16680721	louisxiv	Le plus Grand Prince de la Terre
v2merveilles17_imp_robinet16680721	louisxiv	grand Fils des Dieux,
v2merveilles17_imp_robinet16680721	henriette_anne_angleterre	Madame
v2merveilles17_imp_torelli1654	torelli_giacomo	Torelli, Giacomo (1608-1678)
v2merveilles17_imp_torelli1654	louisxiv	Monarque
v2merveilles17_imp_torelli1654	louisxiv	Monarque
v2merveilles17_imp_torelli1654	mazarin_jules	Eminentissime Cardinal Mazarin
v2merveilles17_imp_torelli1654	louisxiv	Monarque
v2merveilles17_imp_torelli1654	mazarin_jules	MONSEIGNEUR
v2merveilles17_imp_torelli1654	louisxiv	sa Majesté
v2merveilles17_imp_torelli1654	mazarin_jules	V. E.
v2merveilles17_imp_torelli1654	mazarin_jules	V. E
v2merveilles17_imp_torelli1654	mazarin_jules	MONSEIGNEUR
v2merveilles17_imp_torelli1654	louisxiv	Roy
v2merveilles17_imp_torelli1654	louisxiv	sa Majesté
v2merveilles17_imp_torelli1654	mazarin_jules	V. E.
v2merveilles17_imp_torelli1654	mazarin_jules	V. E.
v2merveilles17_imp_torelli1654	mazarin_jules	V. E.
v2merveilles17_imp_torelli1654	louisxiv	Roy
v2merveilles17_imp_torelli1654	mazarin_jules	V. E.
v2merveilles17_imp_torelli1654	mazarin_jules	V. E.
v2merveilles17_imp_torelli1654	mazarin_jules	V. E.
v2merveilles17_imp_torelli1654	mazarin_jules	VOSTRE EMINENCE
v2merveilles17_imp_torelli1654		J. Torelli
v2merveilles17_imp_torelli1654	louisxiv	Roy
v2merveilles17_ms_chabot1668	saint-maurice	Marquis de Saint-Maurice, CHABOD, Thomas-François (1624-1682)
v2merveilles17_ms_chabot1668	???	Jean Lemoine (1867- 1938)
v2merveilles17_ms_chabot1668	???	Jean Lemoine (1867- 1938)
v2merveilles17_ms_chabot1668		M. le nonce
v2merveilles17_ms_chabot1668		Van Beuningen
v2merveilles17_ms_chabot1668	nicolas-auguste_de_harlay_de_bonneuil	sieur de Bonneuil
v2merveilles17_ms_chabot1668	louisxiv	Roi
v2merveilles17_ms_chabot1668		Votre Altesse Royale
v2merveilles17_ms_chabot1668	???	ambassadeur de Venise
v2merveilles17_ms_chabot1668	saint-maurice	moi
v2merveilles17_ms_chabot1668	charles-emmanuel-II-savoie	Altesse Royale
v2merveilles17_ms_chabot1668	nicolas-auguste_de_harlay_de_bonneuil	sieur de Bonneuil
v2merveilles17_ms_chabot1668	louisxiv	Roi
v2merveilles17_ms_chabot1668		ambassadeur de Venise
v2merveilles17_ms_chabot1668	nicolas-auguste_de_harlay_de_bonneuil	sieur de Bonneuil
v2merveilles17_ms_chabot1668	louisxiv	Roi
v2merveilles17_ms_chabot1668	louisxiv	Roi
v2merveilles17_ms_chabot1668	nicolas-auguste_de_harlay_de_bonneuil	sieur de Bonneuil
v2merveilles17_ms_chabot1668		ambassadeur de Venise
v2merveilles17_ms_chabot1668	louisxiv	Roi
v2merveilles17_ms_chabot1668	marie_therese	Reine
v2merveilles17_ms_chabot1668		femme
v2merveilles17_ms_chabot1668		fille
v2merveilles17_ms_chabot1668	bernardin_gigault_bellefonds	maréchal de Bellefonds
v2merveilles17_ms_chabot1668	louisxiv	Roi
v2merveilles17_ms_chabot1668	bernardin_gigault_bellefonds	Bellefonds
v2merveilles17_ms_chabot1668	nicolas-auguste_de_harlay_de_bonneuil	Bonneuil
v2merveilles17_ms_chabot1668		femme
v2merveilles17_ms_chabot1668	louisxiv	Roi
v2merveilles17_ms_chabot1668	charles-emmanuel-II-savoie	Votre Altesse Royale
v2merveilles17_ms_chabot1668		femme
v2merveilles17_ms_chabot1668	bernardin_gigault_bellefonds	M. de Bellefonds
v2merveilles17_ms_chabot1668	nicolas-auguste_de_harlay_de_bonneuil	M. de Bonneuil
v2merveilles17_ms_chabot1668	louisxiv	Roi
v2merveilles17_ms_chabot1668		ambassadrice de Savoie
v2merveilles17_ms_chabot1668	marie_therese	Reine
v2merveilles17_ms_chabot1668	san_martino_aglie	comtesse de Saint-Maurice
v2merveilles17_ms_chabot1668	louis_grand_dauphin	Dauphin
v2merveilles17_ms_chabot1668	saint-maurice	moi
v2merveilles17_ms_chabot1668	louisxiv	Roi
v2merveilles17_ms_chabot1668	marechale_de_grancey	Grancey
v2merveilles17_ms_chabot1668	marechale_de_castelnau	Castelnau
v2merveilles17_ms_chabot1668		fille
v2merveilles17_ms_chabot1668	louise_savoie_bade	princesse de Bade
v2merveilles17_ms_chabot1668	olympe_mancini_soissons	comtesse de Soissons
v2merveilles17_ms_chabot1668	julie_montausier	Montausier
v2merveilles17_ms_chabot1668	???	La Mothe
v2merveilles17_ms_chabot1668	lansac_crequi	Créquy
v2merveilles17_ms_chabot1668	marechale_de_bellefond	Bellefonds
v2merveilles17_ms_chabot1668	chatre_humieres	Humières
v2merveilles17_ms_chabot1668	louisxiv	Roi
v2merveilles17_ms_chabot1668		femme
v2merveilles17_ms_chabot1668	marechale_de_grancey	Grancey
v2merveilles17_ms_chabot1668	marechale_de_castelnau	Castelnau
v2merveilles17_ms_chabot1668	louisxiv	Roi
v2merveilles17_ms_chabot1668	san_martino_aglie	ambassadrice de Savoie
v2merveilles17_ms_chabot1668	philippe_orleans	Monsieur
v2merveilles17_ms_chabot1668	???	M. Cagnol
v2merveilles17_ms_chabot1668	chabod_angelique	fille
v2merveilles17_ms_chabot1668	marie_therese	Reine
v2merveilles17_ms_chabot1668	louisxiv	Roi
v2merveilles17_ms_chabot1668		ambassadeur de Venise
v2merveilles17_ms_chabot1668	louisxiv	Roi
v2merveilles17_ms_chabot1668		moi
v2merveilles17_ms_chabot1668	san_martino_aglie	femme
v2merveilles17_ms_chabot1668	chabod_angelique	fille
v2merveilles17_ms_chabot1668	louisxiv	Roi
v2merveilles17_ms_chabot1668	françois_michel_le_tellier_de_louvoy	M. Le Tellier
v2merveilles17_ms_chabot1668	charles-emmanuel-II-savoie	Votre Altesse Royale
v2merveilles17_ms_chabot1668	madame_montespan	Madame de Montespan
v2merveilles17_ms_chabot1668	louisxiv	Roi
v2merveilles17_ms_chabot1668	colbert	M. Colbert
v2merveilles17_ms_huygens1652	???	Huygens, Christiaan (1629-1695).
v2merveilles17_ms_huygens1652	???	M. Nijhoff
v2merveilles17_ms_huygens1652		Christiaan Huygens
v2merveilles17_ms_huygens1652		Lodewijk Huygens
v2merveilles17_ms_huygens1655		Huygens, Christiaan (1629-1695).
v2merveilles17_ms_huygens1655	???	M. Nijhoff
v2merveilles17_ms_huygens1655		Christiaan Huygens
v2merveilles17_ms_huygens1655	moliere	Moliere
v2merveilles17_ms_huygens1655	louisxiv	le Roy
merveilles17_ms_pie-philidor	philidor_andre	Copié par
Antilope_imp_mercure17221101	charles_dufresny	Directeur de publication
Antilope_imp_mercure17221101	antoine_laroque	Directeur de publication
Antilope_imp_mercure17221101	louisfuzelier	Directeur de publication
Antilope_imp_mercure17221201	charles_dufresny	Directeur de publication
Antilope_imp_mercure17221201	antoine_laroque	Directeur de publication
Antilope_imp_mercure17221201	louisfuzelier	Directeur de publication
Antilope_imp_gazette17221201	renaudotfils	Responsable de Publication
Antilope_imp_mercure17221101		author
Antilope_imp_mercure17221201	francoisxavier_tilly	author
Flandres17_imp_Lille1680	??	author
Flandres17_imp_Valenciennes1680	???	author
Flandres17_imp_Valenciennes1680_Mercure	jean_donneau_de_vize	author
Flandres17_imp_Valenciennes1680_Mercure	charles_du_fresny	author
Flandres17_imp_Valenciennes1680_Mercure	thomas_corneille	author
Flandres17_imp_Valenciennes1680_abrege	???	author
Flandres17_imp_mg1680	jean_donneau_de_vize	author
Flandres17_imp_mg1680	thomas_corneille	author
Flandres17_imp_mg1680	charles_du_fresny	author
Flandres17_imp_mg1680_beauvais	jean_donneau_de_vize	author
Flandres17_imp_mg1680_beauvais	thomas_corneille	author
Flandres17_imp_mg1680_beauvais	charles_du_fresny	author
Flandres17_imp_mg1680_calais	jean_donneau_de_vize	author
Flandres17_imp_mg1680_calais	thomas_corneille	author
Flandres17_imp_mg1680_calais	charles_du_fresny	author
Flandres17_imp_mg1680_dunkerque	jean_donneau_de_vize	author
Flandres17_imp_mg1680_dunkerque	thomas_corneille	author
Flandres17_imp_mg1680_dunkerque	charles_du_fresny	author
Flandres17_imp_mg1680_entre_beauvais_et_calais	jean_donneau_de_vize	author
Flandres17_imp_mg1680_entre_beauvais_et_calais	thomas_corneille	author
Flandres17_imp_mg1680_entre_beauvais_et_calais	charles_du_fresny	author
Flandres17_imp_mg1680_lille	jean_donneau_de_vize	author
Flandres17_imp_mg1680_lille	thomas_corneille	author
Flandres17_imp_mg1680_lille	charles_du_fresny	author
Flandres17_imp_mg1680_monquebour_gravelines	jean_donneau_de_vize	author
Flandres17_imp_mg1680_monquebour_gravelines	thomas_corneille	author
Flandres17_imp_mg1680_monquebour_gravelines	charles_du_fresny	author
Flandres17_imp_mg1680_saint_omer	jean_donneau_de_vize	author
Flandres17_imp_mg1680_saint_omer	thomas_corneille	author
Flandres17_imp_mg1680_saint_omer	charles_du_fresny	author
Flandres17_imp_mg1680_ypres	jean_donneau_de_vize	author
Flandres17_imp_mg1680_ypres	thomas_corneille	author
Flandres17_imp_mg1680_ypres	charles_du_fresny	author
Flandres17_ms_Chavatte	pierre-ignace_chavatte	author
merveilles17_img_ano13238_015	vigarani	author
merveilles17_img_ano13238_068	chauveau	author
merveilles17_img_ano13239_081	lepautre	author
merveilles17_img_ano13239_081	isilvestre	author
merveilles17_img_ano13242a_052	vigarani	author
merveilles17_img_ano13242a_088	vigarani	author
merveilles17_img_ano13242a_089	lepautre	author
merveilles17_img_ano13242a_089	isilvestre	author
merveilles17_img_ano13242b_001	lepautre	author
merveilles17_img_ano13242b_001	isilvestre	author
merveilles17_img_bnfoperaea2_034	chauveau	author
merveilles17_img_bnfoperaea2_035	chauveau	author
merveilles17_img_dv1alceste	lepautre	author
merveilles17_img_dv2concerts	chauveau	author
merveilles17_img_dv3comedie	lepautre	author
merveilles17_img_dv4festin	lepautre	author
merveilles17_img_dv5feu	lepautre	author
merveilles17_img_dv6illuminations	lepautre	author
merveilles17_img_pie1comparse	lepautre	author
merveilles17_img_pie1comparse	isilvestre	author
merveilles17_img_pie1course	lepautre	author
merveilles17_img_pie1course	isilvestre	author
merveilles17_img_pie1festin	lepautre	author
merveilles17_img_pie1festin	isilvestre	author
merveilles17_img_pie1marche	lepautre	author
merveilles17_img_pie1marche	isilvestre	author
merveilles17_img_pie1saisons	lepautre	author
merveilles17_img_pie1saisons	isilvestre	author
merveilles17_img_pie2comedie	lepautre	author
merveilles17_img_pie2comedie	isilvestre	author
merveilles17_img_pie3feu	lepautre	author
merveilles17_img_pie3feu	isilvestre	author
merveilles17_img_pie3theatre	lepautre	author
merveilles17_img_pie3theatre	isilvestre	author
merveilles17_img_piefront	lepautre	author
merveilles17_img_piefront	isilvestre	author
merveilles17_imp_GalantsMaures_1685	anonyme	author
merveilles17_imp_amoursdballard1664	benserade	author
merveilles17_imp_amoursdballard1664	perigny	author
merveilles17_imp_amoursdballard1664	lully	author
merveilles17_imp_artsballard1663	benserade	author
merveilles17_imp_bussyrabutin1664_1	bussy_rabutin	author
merveilles17_imp_ctb-perrault1670	charles_perrault	author
merveilles17_imp_ctb-perrault1670	chauveau	author
merveilles17_imp_ctb-perrault1670	henri_gissey	author
merveilles17_imp_ctb-perrault1670	gilles_rousselet	author
merveilles17_imp_ctb-perrault1670	isilvestre	author
merveilles17_imp_dv-felibien1676	andre_felibien	author
merveilles17_imp_dv-felibien1676	chauveau	author
merveilles17_imp_dv-felibien1676	lepautre	author
merveilles17_imp_dv-felibien1676	leclerc_sebastien	author
merveilles17_imp_gazette16640216	renaudot	author
merveilles17_imp_gazette16640510	renaudot	author
merveilles17_imp_gazette16640528	renaudot	author
merveilles17_imp_gazette16800807	renaudot	author
merveilles17_imp_gazette16800808	renaudot	author
merveilles17_imp_gdv-felibien1668	andre_felibien	author
merveilles17_imp_loret16640202	loret	author
merveilles17_imp_loret16640216	loret	author
merveilles17_imp_loret16640510	loret	author
merveilles17_imp_loret16640517	loret	author
merveilles17_imp_loret16640802	loret	author
merveilles17_imp_loret16640809	loret	author
merveilles17_imp_mariagefballard1664_001	moliere	author
merveilles17_imp_ormessonmai1664	lefevre_ormesson	author
merveilles17_imp_pie-ballard1	benserade	author
merveilles17_imp_pie-ballard1	moliere	author
merveilles17_imp_pie-ballard1	lully	author
merveilles17_imp_pie-ballard2	benserade	author
merveilles17_imp_pie-ballard2	moliere	author
merveilles17_imp_pie-guignard1668	moliere	author
merveilles17_imp_pie-guignard1668	benserade	author
merveilles17_imp_pie-ir1673	benserade	author
merveilles17_imp_pie-ir1673	moliere	author
merveilles17_imp_pie-ir1673	chauveau	author
merveilles17_imp_pie-ir1673	lepautre	author
merveilles17_imp_pie-ir1673	isilvestre	author
merveilles17_ms_acflagrange_001	la_grange	author
merveilles17_ms_acflagrange_002	la_grange	author
merveilles17_ms_acflagrange_003	la_grange	author
merveilles17_ms_acflagrange_004	la_grange	author
merveilles17_ms_amours-philidor	philidor_andre	author
merveilles17_ms_anmcrs388	le_normand_jacques_i	author
merveilles17_ms_ano12984_001	michel_d_aligre	author
merveilles17_ms_bavmscheii38_257	Baldini_S	author
merveilles17_ms_bnfmsfr6143	paul_chantelou	author
merveilles17_ms_pie-bizincourt_001	bizincourt	author
merveilles17_ms_pie-bizincourt_001	chauveau	author
merveilles17_ms_pie-bizincourt_001	jean_petitot	author
merveilles17_ms_pie-philidor	lully	author
merveilles17_ms_versbm_fromageotaiiic	jean_chuppin	author
merveilles17_ms_versbm_fromageotaiiic	francois_le_fouin	author
v2merveilles17_img_fel-collation	lepautre	author
v2merveilles17_img_fel-comedie	lepautre	author
v2merveilles17_img_fel-festin	lepautre	author
v2merveilles17_img_fel-illuminations	lepautre	author
v2merveilles17_img_fel-salle	lepautre	author
v2merveilles17_img_tor-1erdeco	isilvestre	author
v2merveilles17_img_tor-2emdeco	isilvestre	author
v2merveilles17_img_tor-3emdeco	isilvestre	author
v2merveilles17_img_tor-4emdeco	isilvestre	author
v2merveilles17_img_tor-5emdeco	isilvestre	author
v2merveilles17_img_tor-frontispice	isilvestre	author
v2merveilles17_imp_IR-felibien1668	andre_felibien	author
v2merveilles17_imp_gazette16680721	renaudot	author
v2merveilles17_imp_gazette16740706	???	author
v2merveilles17_imp_gazette16740713	???	author
v2merveilles17_imp_gazette16740720	renaudot	author
v2merveilles17_imp_gazette16740824	???	author
v2merveilles17_imp_gazette16740907	renaudotfils	author
v2merveilles17_imp_marigny1664		author
v2merveilles17_imp_moliere1668	moliere	author
v2merveilles17_imp_montigny1668	jean_de_montigny	author
v2merveilles17_imp_robinet16680721	???	author
v2merveilles17_imp_torelli1654	torelli_giacomo	author
v2merveilles17_ms_chabot1668	saint-maurice	author
v2merveilles17_ms_huygens1652	???	author
v2merveilles17_ms_huygens1655		author
Flandres17_imp_Valenciennes1680_Mercure	claude_blageart	editeur
Flandres17_imp_Valenciennes1680_Mercure	michel_gueroult	editeur
Flandres17_imp_Valenciennes1680_Mercure	michel_brunet	editeur
Flandres17_imp_mg1680	claude_blageart	editeur
Flandres17_imp_mg1680	michel_gueroult	editeur
Flandres17_imp_mg1680	michel_brunet	editeur
Flandres17_imp_mg1680_beauvais	claude_blageart	editeur
Flandres17_imp_mg1680_beauvais	michel_gueroult	editeur
Flandres17_imp_mg1680_beauvais	michel_brunet	editeur
Flandres17_imp_mg1680_calais	claude_blageart	editeur
Flandres17_imp_mg1680_calais	michel_gueroult	editeur
Flandres17_imp_mg1680_calais	michel_brunet	editeur
Flandres17_imp_mg1680_dunkerque	claude_blageart	editeur
Flandres17_imp_mg1680_dunkerque	michel_gueroult	editeur
Flandres17_imp_mg1680_dunkerque	michel_brunet	editeur
Flandres17_imp_mg1680_entre_beauvais_et_calais	claude_blageart	editeur
Flandres17_imp_mg1680_entre_beauvais_et_calais	michel_gueroult	editeur
Flandres17_imp_mg1680_entre_beauvais_et_calais	michel_brunet	editeur
Flandres17_imp_mg1680_lille	claude_blageart	editeur
Flandres17_imp_mg1680_lille	michel_gueroult	editeur
Flandres17_imp_mg1680_lille	michel_brunet	editeur
Flandres17_imp_mg1680_monquebour_gravelines	claude_blageart	editeur
Flandres17_imp_mg1680_monquebour_gravelines	michel_gueroult	editeur
Flandres17_imp_mg1680_monquebour_gravelines	michel_brunet	editeur
Flandres17_imp_mg1680_saint_omer	claude_blageart	editeur
Flandres17_imp_mg1680_saint_omer	michel_gueroult	editeur
Flandres17_imp_mg1680_saint_omer	michel_brunet	editeur
Flandres17_imp_mg1680_ypres	claude_blageart	editeur
Flandres17_imp_mg1680_ypres	michel_gueroult	editeur
Flandres17_imp_mg1680_ypres	michel_brunet	editeur
v2merveilles17_imp_montigny1668	???	editeur
v2merveilles17_imp_montigny1668	???	editeur
Flandres17_imp_Lille1680	jean_chrisostome_malte	imprimeur
Flandres17_imp_Valenciennes1680_abrege	Balthasar Le Francq	imprimeur
merveilles17_imp_ctb-perrault1670	sebastien_mabre_cramoisy	imprimeur
merveilles17_imp_dv-felibien1676	sebastien_mabre_cramoisy	imprimeur
merveilles17_imp_dv-felibien1676	sebastien_mabre_cramoisy	imprimeur
merveilles17_imp_pie-ballard1	ballard	imprimeur
merveilles17_imp_pie-ballard2	ballard	imprimeur
merveilles17_imp_pie-ir1673	sebastien_mabre_cramoisy	imprimeur
v2merveilles17_imp_gazette16740706	valfrey	imprimeur
v2merveilles17_imp_robinet16680721	de_beaujeu	persName
Antilope_imp_gazette17221121	renaudotfils	responsable publication
v2merveilles17_ms_huygens1652	???	éditeur
v2merveilles17_ms_huygens1655	???	éditeur
v2merveilles17_ms_chabot1668	???	éditeur scientifique
